2025-12-24 07:34:03.510 [main] INFO  c.a.n.client.logging.NacosLogging - Nacos Logging Adapter Builder: com.alibaba.nacos.logger.adapter.logback12.LogbackNacosLoggingAdapterBuilder
2025-12-24 07:34:03.518 [main] INFO  c.a.n.client.logging.NacosLogging - Nacos Logging Adapter Builder: com.alibaba.nacos.logger.adapter.logback14.LogbackNacosLoggingAdapterBuilder
2025-12-24 07:34:03.520 [main] INFO  c.a.n.client.logging.NacosLogging - Nacos Logging Adapter: com.alibaba.nacos.logger.adapter.logback14.LogbackNacosLoggingAdapter match ch.qos.logback.classic.Logger success.
2025-12-24 07:34:03.530 [main] INFO  c.a.n.client.logging.NacosLogging - Nacos Logging Adapter Builder: com.alibaba.nacos.logger.adapter.log4j2.Log4j2NacosLoggingAdapterBuilder
2025-12-24 07:34:03.534 [background-preinit] INFO  o.h.validator.internal.util.Version - HV000001: Hibernate Validator 8.0.1.Final
2025-12-24 07:34:03.733 [main] INFO  jh.exp.gateway.GatewayApplication - Starting GatewayApplication using Java 17.0.12 with PID 5968 (D:\ieda_deta\exp_v2\exp-gateway\exp-gateway-service\target\classes started by Administrator in D:\ieda_deta\exp_v2)
2025-12-24 07:34:03.735 [main] INFO  jh.exp.gateway.GatewayApplication - No active profile set, falling back to 1 default profile: "default"
2025-12-24 07:34:05.496 [main] INFO  o.s.d.r.c.RepositoryConfigurationDelegate - Multiple Spring Data modules found, entering strict repository configuration mode
2025-12-24 07:34:05.503 [main] INFO  o.s.d.r.c.RepositoryConfigurationDelegate - Bootstrapping Spring Data Redis repositories in DEFAULT mode.
2025-12-24 07:34:05.557 [main] INFO  o.s.d.r.c.RepositoryConfigurationDelegate - Finished Spring Data repository scanning in 21 ms. Found 0 Redis repository interfaces.
2025-12-24 07:34:05.934 [main] INFO  o.s.cloud.context.scope.GenericScope - BeanFactory id=7e6e0df0-e3ba-3e0b-bf3a-2ad4627fb87b
2025-12-24 07:34:06.055 [main] WARN  o.s.c.s.PostProcessorRegistrationDelegate$BeanPostProcessorChecker - Bean 'org.springframework.cloud.client.loadbalancer.LoadBalancerAutoConfiguration$DeferringLoadBalancerInterceptorConfig' of type [org.springframework.cloud.client.loadbalancer.LoadBalancerAutoConfiguration$DeferringLoadBalancerInterceptorConfig] is not eligible for getting processed by all BeanPostProcessors (for example: not eligible for auto-proxying). The currently created BeanPostProcessor [lbRestClientPostProcessor] is declared through a non-static factory method on that class; consider declaring it as static instead.
2025-12-24 07:34:06.057 [main] WARN  o.s.c.s.PostProcessorRegistrationDelegate$BeanPostProcessorChecker - Bean 'deferringLoadBalancerInterceptor' of type [org.springframework.cloud.client.loadbalancer.DeferringLoadBalancerInterceptor] is not eligible for getting processed by all BeanPostProcessors (for example: not eligible for auto-proxying). Is this bean getting eagerly injected into a currently created BeanPostProcessor [lbRestClientPostProcessor]? Check the corresponding BeanPostProcessor declaration and its dependencies.
2025-12-24 07:34:06.058 [main] WARN  o.s.c.s.PostProcessorRegistrationDelegate$BeanPostProcessorChecker - Bean 'org.springframework.cloud.client.loadbalancer.reactive.LoadBalancerBeanPostProcessorAutoConfiguration' of type [org.springframework.cloud.client.loadbalancer.reactive.LoadBalancerBeanPostProcessorAutoConfiguration] is not eligible for getting processed by all BeanPostProcessors (for example: not eligible for auto-proxying). The currently created BeanPostProcessor [loadBalancerWebClientBuilderBeanPostProcessor] is declared through a non-static factory method on that class; consider declaring it as static instead.
2025-12-24 07:34:06.059 [main] WARN  o.s.c.s.PostProcessorRegistrationDelegate$BeanPostProcessorChecker - Bean 'org.springframework.cloud.client.loadbalancer.reactive.LoadBalancerBeanPostProcessorAutoConfiguration$ReactorDeferringLoadBalancerFilterConfig' of type [org.springframework.cloud.client.loadbalancer.reactive.LoadBalancerBeanPostProcessorAutoConfiguration$ReactorDeferringLoadBalancerFilterConfig] is not eligible for getting processed by all BeanPostProcessors (for example: not eligible for auto-proxying). Is this bean getting eagerly injected into a currently created BeanPostProcessor [loadBalancerWebClientBuilderBeanPostProcessor]? Check the corresponding BeanPostProcessor declaration and its dependencies.
2025-12-24 07:34:06.061 [main] WARN  o.s.c.s.PostProcessorRegistrationDelegate$BeanPostProcessorChecker - Bean 'reactorDeferringLoadBalancerExchangeFilterFunction' of type [org.springframework.cloud.client.loadbalancer.reactive.DeferringLoadBalancerExchangeFilterFunction] is not eligible for getting processed by all BeanPostProcessors (for example: not eligible for auto-proxying). Is this bean getting eagerly injected into a currently created BeanPostProcessor [loadBalancerWebClientBuilderBeanPostProcessor]? Check the corresponding BeanPostProcessor declaration and its dependencies.
2025-12-24 07:34:06.347 [main] INFO  o.s.b.w.e.tomcat.TomcatWebServer - Tomcat initialized with port 9000 (http)
2025-12-24 07:34:06.359 [main] INFO  o.a.coyote.http11.Http11NioProtocol - Initializing ProtocolHandler ["http-nio-9000"]
2025-12-24 07:34:06.362 [main] INFO  o.a.catalina.core.StandardService - Starting service [Tomcat]
2025-12-24 07:34:06.362 [main] INFO  o.a.catalina.core.StandardEngine - Starting Servlet engine: [Apache Tomcat/10.1.20]
2025-12-24 07:34:09.197 [main] INFO  o.s.c.g.r.RouteDefinitionRouteLocator - Loaded RoutePredicateFactory [After]
2025-12-24 07:34:09.197 [main] INFO  o.s.c.g.r.RouteDefinitionRouteLocator - Loaded RoutePredicateFactory [Before]
2025-12-24 07:34:09.197 [main] INFO  o.s.c.g.r.RouteDefinitionRouteLocator - Loaded RoutePredicateFactory [Between]
2025-12-24 07:34:09.197 [main] INFO  o.s.c.g.r.RouteDefinitionRouteLocator - Loaded RoutePredicateFactory [Cookie]
2025-12-24 07:34:09.197 [main] INFO  o.s.c.g.r.RouteDefinitionRouteLocator - Loaded RoutePredicateFactory [Header]
2025-12-24 07:34:09.197 [main] INFO  o.s.c.g.r.RouteDefinitionRouteLocator - Loaded RoutePredicateFactory [Host]
2025-12-24 07:34:09.197 [main] INFO  o.s.c.g.r.RouteDefinitionRouteLocator - Loaded RoutePredicateFactory [Method]
2025-12-24 07:34:09.197 [main] INFO  o.s.c.g.r.RouteDefinitionRouteLocator - Loaded RoutePredicateFactory [Path]
2025-12-24 07:34:09.197 [main] INFO  o.s.c.g.r.RouteDefinitionRouteLocator - Loaded RoutePredicateFactory [Query]
2025-12-24 07:34:09.197 [main] INFO  o.s.c.g.r.RouteDefinitionRouteLocator - Loaded RoutePredicateFactory [ReadBody]
2025-12-24 07:34:09.197 [main] INFO  o.s.c.g.r.RouteDefinitionRouteLocator - Loaded RoutePredicateFactory [RemoteAddr]
2025-12-24 07:34:09.197 [main] INFO  o.s.c.g.r.RouteDefinitionRouteLocator - Loaded RoutePredicateFactory [XForwardedRemoteAddr]
2025-12-24 07:34:09.198 [main] INFO  o.s.c.g.r.RouteDefinitionRouteLocator - Loaded RoutePredicateFactory [Weight]
2025-12-24 07:34:09.198 [main] INFO  o.s.c.g.r.RouteDefinitionRouteLocator - Loaded RoutePredicateFactory [CloudFoundryRouteService]
2025-12-24 07:34:10.207 [main] INFO  o.s.b.a.s.r.ReactiveUserDetailsServiceAutoConfiguration - 

Using generated security password: 7738de4c-49cf-44f3-a5d2-92bff4f5ca96

2025-12-24 07:34:10.278 [main] WARN  o.s.c.l.c.LoadBalancerCacheAutoConfiguration$LoadBalancerCaffeineWarnLogger - Spring Cloud LoadBalancer is currently working with the default cache. While this cache implementation is useful for development and tests, it's recommended to use Caffeine cache in production.You can switch to using Caffeine cache, by adding it and org.springframework.cache.caffeine.CaffeineCacheManager to the classpath.
2025-12-24 07:34:10.359 [main] INFO  o.a.coyote.http11.Http11NioProtocol - Starting ProtocolHandler ["http-nio-9000"]
2025-12-24 07:34:10.394 [main] INFO  o.s.b.w.e.tomcat.TomcatWebServer - Tomcat started on port 9000 (http) with context path ''
2025-12-24 07:34:11.196 [main] INFO  c.a.n.p.a.s.c.ClientAuthPluginManager - [ClientAuthPluginManager] Load ClientAuthService com.alibaba.nacos.client.auth.impl.NacosClientAuthServiceImpl success.
2025-12-24 07:34:11.197 [main] INFO  c.a.n.p.a.s.c.ClientAuthPluginManager - [ClientAuthPluginManager] Load ClientAuthService com.alibaba.nacos.client.auth.ram.RamClientAuthServiceImpl success.
2025-12-24 07:34:13.317 [main] INFO  c.a.n.c.a.AbstractAbilityControlManager - Ready to get current node abilities...
2025-12-24 07:34:13.320 [main] INFO  c.a.n.c.a.AbstractAbilityControlManager - Ready to initialize current node abilities, support modes: [SDK_CLIENT]
2025-12-24 07:34:13.321 [main] INFO  c.a.n.c.a.AbstractAbilityControlManager - Initialize current abilities finish...
2025-12-24 07:34:13.322 [main] INFO  c.a.n.c.a.d.NacosAbilityManagerHolder - [AbilityControlManager] Successfully initialize AbilityControlManager
2025-12-24 07:34:13.553 [main] INFO  c.a.c.n.r.NacosServiceRegistry - nacos registry, DEFAULT_GROUP exp-gateway 192.168.56.1:9000 register finished
2025-12-24 07:34:13.700 [main] INFO  jh.exp.gateway.GatewayApplication - Started GatewayApplication in 11.255 seconds (process running for 13.314)
2025-12-24 07:36:33.495 [idle-monitor-exp-gateway] INFO  SERVICE_IDLE_MONITOR - ====== [SERVICE_IDLE] [exp-gateway] 系统已进入休眠，等待激活 ======
2025-12-24 07:38:33.501 [idle-monitor-exp-gateway] INFO  SERVICE_IDLE_MONITOR - ====== [SERVICE_IDLE] [exp-gateway] 系统已进入休眠，等待激活 ======
2025-12-24 07:39:18.387 [http-nio-9000-exec-1] WARN  j.e.g.a.f.JwtAuthenticationFilter - Token 解析失败，被拒绝，path=/exp/auth/roles/menus，error=JWT expired at 2025-12-23T13:34:34Z. Current time: 2025-12-23T23:39:18Z, a difference of 36284385 milliseconds.  Allowed clock skew: 0 milliseconds.
2025-12-24 07:39:42.468 [lettuce-nioEventLoop-4-1] INFO  j.e.g.a.f.JwtAuthenticationFilter - JWT 鉴权通过，userId=1，path=/exp/auth/roles/menus
2025-12-24 07:39:42.471 [lettuce-nioEventLoop-4-1] INFO  jh.exp.gateway.AccessLog - [ACCESS][REQUEST] traceId=f35a4c9192454ad4828cf7e414a2f3fa method=GET uri=/exp/auth/roles/menus query=null ip=192.168.101.128 userId=1 userName=系统管理员
2025-12-24 07:40:55.979 [reactor-http-nio-3] INFO  jh.exp.gateway.AccessLog - [ACCESS][RESPONSE] traceId=f35a4c9192454ad4828cf7e414a2f3fa method=GET uri=/exp/auth/roles/menus status=200 cost=73507ms userId=1 userName=系统管理员
2025-12-24 07:42:08.407 [lettuce-nioEventLoop-4-1] INFO  j.e.g.a.f.JwtAuthenticationFilter - JWT 鉴权通过，userId=1，path=/exp/auth/roles/menus
2025-12-24 07:42:08.408 [lettuce-nioEventLoop-4-1] INFO  jh.exp.gateway.AccessLog - [ACCESS][REQUEST] traceId=26da115d28374914b9687cfc685243de method=GET uri=/exp/auth/roles/menus query=null ip=192.168.101.128 userId=1 userName=系统管理员
2025-12-24 07:42:12.110 [reactor-http-nio-4] INFO  jh.exp.gateway.AccessLog - [ACCESS][RESPONSE] traceId=26da115d28374914b9687cfc685243de method=GET uri=/exp/auth/roles/menus status=200 cost=3701ms userId=1 userName=系统管理员
2025-12-24 07:43:25.053 [lettuce-nioEventLoop-4-1] INFO  j.e.g.a.f.JwtAuthenticationFilter - JWT 鉴权通过，userId=1，path=/exp/auth/roles/menus
2025-12-24 07:43:25.054 [lettuce-nioEventLoop-4-1] INFO  jh.exp.gateway.AccessLog - [ACCESS][REQUEST] traceId=016c909111ae470f91da6c1e8b341ee2 method=GET uri=/exp/auth/roles/menus query=null ip=192.168.101.128 userId=1 userName=系统管理员
2025-12-24 07:43:25.110 [reactor-http-nio-5] INFO  jh.exp.gateway.AccessLog - [ACCESS][RESPONSE] traceId=016c909111ae470f91da6c1e8b341ee2 method=GET uri=/exp/auth/roles/menus status=200 cost=55ms userId=1 userName=系统管理员
2025-12-24 07:45:33.501 [idle-monitor-exp-gateway] INFO  SERVICE_IDLE_MONITOR - ====== [SERVICE_IDLE] [exp-gateway] 系统已进入休眠，等待激活 ======
2025-12-24 07:48:03.493 [idle-monitor-exp-gateway] INFO  SERVICE_IDLE_MONITOR - ====== [SERVICE_IDLE] [exp-gateway] 系统已进入休眠，等待激活 ======
2025-12-24 07:50:03.505 [idle-monitor-exp-gateway] INFO  SERVICE_IDLE_MONITOR - ====== [SERVICE_IDLE] [exp-gateway] 系统已进入休眠，等待激活 ======
2025-12-24 07:52:03.508 [idle-monitor-exp-gateway] INFO  SERVICE_IDLE_MONITOR - ====== [SERVICE_IDLE] [exp-gateway] 系统已进入休眠，等待激活 ======
2025-12-24 07:54:33.503 [idle-monitor-exp-gateway] INFO  SERVICE_IDLE_MONITOR - ====== [SERVICE_IDLE] [exp-gateway] 系统已进入休眠，等待激活 ======
2025-12-24 07:57:03.495 [idle-monitor-exp-gateway] INFO  SERVICE_IDLE_MONITOR - ====== [SERVICE_IDLE] [exp-gateway] 系统已进入休眠，等待激活 ======
2025-12-24 07:59:03.503 [idle-monitor-exp-gateway] INFO  SERVICE_IDLE_MONITOR - ====== [SERVICE_IDLE] [exp-gateway] 系统已进入休眠，等待激活 ======
2025-12-24 08:01:33.504 [idle-monitor-exp-gateway] INFO  SERVICE_IDLE_MONITOR - ====== [SERVICE_IDLE] [exp-gateway] 系统已进入休眠，等待激活 ======
2025-12-24 08:03:33.508 [idle-monitor-exp-gateway] INFO  SERVICE_IDLE_MONITOR - ====== [SERVICE_IDLE] [exp-gateway] 系统已进入休眠，等待激活 ======
2025-12-24 08:06:03.495 [idle-monitor-exp-gateway] INFO  SERVICE_IDLE_MONITOR - ====== [SERVICE_IDLE] [exp-gateway] 系统已进入休眠，等待激活 ======
2025-12-24 08:08:03.504 [idle-monitor-exp-gateway] INFO  SERVICE_IDLE_MONITOR - ====== [SERVICE_IDLE] [exp-gateway] 系统已进入休眠，等待激活 ======
2025-12-24 08:10:03.508 [idle-monitor-exp-gateway] INFO  SERVICE_IDLE_MONITOR - ====== [SERVICE_IDLE] [exp-gateway] 系统已进入休眠，等待激活 ======
2025-12-24 08:12:33.500 [idle-monitor-exp-gateway] INFO  SERVICE_IDLE_MONITOR - ====== [SERVICE_IDLE] [exp-gateway] 系统已进入休眠，等待激活 ======
2025-12-24 08:15:03.499 [idle-monitor-exp-gateway] INFO  SERVICE_IDLE_MONITOR - ====== [SERVICE_IDLE] [exp-gateway] 系统已进入休眠，等待激活 ======
2025-12-24 08:17:03.503 [idle-monitor-exp-gateway] INFO  SERVICE_IDLE_MONITOR - ====== [SERVICE_IDLE] [exp-gateway] 系统已进入休眠，等待激活 ======
2025-12-24 08:19:33.499 [idle-monitor-exp-gateway] INFO  SERVICE_IDLE_MONITOR - ====== [SERVICE_IDLE] [exp-gateway] 系统已进入休眠，等待激活 ======
2025-12-24 08:22:03.507 [idle-monitor-exp-gateway] INFO  SERVICE_IDLE_MONITOR - ====== [SERVICE_IDLE] [exp-gateway] 系统已进入休眠，等待激活 ======
2025-12-24 08:24:33.502 [idle-monitor-exp-gateway] INFO  SERVICE_IDLE_MONITOR - ====== [SERVICE_IDLE] [exp-gateway] 系统已进入休眠，等待激活 ======
2025-12-24 08:26:33.503 [idle-monitor-exp-gateway] INFO  SERVICE_IDLE_MONITOR - ====== [SERVICE_IDLE] [exp-gateway] 系统已进入休眠，等待激活 ======
2025-12-24 08:29:03.494 [idle-monitor-exp-gateway] INFO  SERVICE_IDLE_MONITOR - ====== [SERVICE_IDLE] [exp-gateway] 系统已进入休眠，等待激活 ======
2025-12-24 08:31:03.501 [idle-monitor-exp-gateway] INFO  SERVICE_IDLE_MONITOR - ====== [SERVICE_IDLE] [exp-gateway] 系统已进入休眠，等待激活 ======
2025-12-24 08:33:03.503 [idle-monitor-exp-gateway] INFO  SERVICE_IDLE_MONITOR - ====== [SERVICE_IDLE] [exp-gateway] 系统已进入休眠，等待激活 ======
2025-12-24 08:35:33.506 [idle-monitor-exp-gateway] INFO  SERVICE_IDLE_MONITOR - ====== [SERVICE_IDLE] [exp-gateway] 系统已进入休眠，等待激活 ======
2025-12-24 08:38:03.495 [idle-monitor-exp-gateway] INFO  SERVICE_IDLE_MONITOR - ====== [SERVICE_IDLE] [exp-gateway] 系统已进入休眠，等待激活 ======
2025-12-24 08:40:03.507 [idle-monitor-exp-gateway] INFO  SERVICE_IDLE_MONITOR - ====== [SERVICE_IDLE] [exp-gateway] 系统已进入休眠，等待激活 ======
2025-12-24 08:42:33.494 [idle-monitor-exp-gateway] INFO  SERVICE_IDLE_MONITOR - ====== [SERVICE_IDLE] [exp-gateway] 系统已进入休眠，等待激活 ======
2025-12-24 08:44:33.499 [idle-monitor-exp-gateway] INFO  SERVICE_IDLE_MONITOR - ====== [SERVICE_IDLE] [exp-gateway] 系统已进入休眠，等待激活 ======
2025-12-24 08:47:03.495 [idle-monitor-exp-gateway] INFO  SERVICE_IDLE_MONITOR - ====== [SERVICE_IDLE] [exp-gateway] 系统已进入休眠，等待激活 ======
2025-12-24 08:49:03.507 [idle-monitor-exp-gateway] INFO  SERVICE_IDLE_MONITOR - ====== [SERVICE_IDLE] [exp-gateway] 系统已进入休眠，等待激活 ======
2025-12-24 08:51:33.504 [idle-monitor-exp-gateway] INFO  SERVICE_IDLE_MONITOR - ====== [SERVICE_IDLE] [exp-gateway] 系统已进入休眠，等待激活 ======
2025-12-24 08:53:33.508 [idle-monitor-exp-gateway] INFO  SERVICE_IDLE_MONITOR - ====== [SERVICE_IDLE] [exp-gateway] 系统已进入休眠，等待激活 ======
2025-12-24 08:56:03.506 [idle-monitor-exp-gateway] INFO  SERVICE_IDLE_MONITOR - ====== [SERVICE_IDLE] [exp-gateway] 系统已进入休眠，等待激活 ======
2025-12-24 08:58:33.498 [idle-monitor-exp-gateway] INFO  SERVICE_IDLE_MONITOR - ====== [SERVICE_IDLE] [exp-gateway] 系统已进入休眠，等待激活 ======
2025-12-24 09:00:33.507 [idle-monitor-exp-gateway] INFO  SERVICE_IDLE_MONITOR - ====== [SERVICE_IDLE] [exp-gateway] 系统已进入休眠，等待激活 ======
2025-12-24 09:03:03.507 [idle-monitor-exp-gateway] INFO  SERVICE_IDLE_MONITOR - ====== [SERVICE_IDLE] [exp-gateway] 系统已进入休眠，等待激活 ======
2025-12-24 09:05:03.507 [idle-monitor-exp-gateway] INFO  SERVICE_IDLE_MONITOR - ====== [SERVICE_IDLE] [exp-gateway] 系统已进入休眠，等待激活 ======
2025-12-24 09:07:33.498 [idle-monitor-exp-gateway] INFO  SERVICE_IDLE_MONITOR - ====== [SERVICE_IDLE] [exp-gateway] 系统已进入休眠，等待激活 ======
2025-12-24 09:10:03.502 [idle-monitor-exp-gateway] INFO  SERVICE_IDLE_MONITOR - ====== [SERVICE_IDLE] [exp-gateway] 系统已进入休眠，等待激活 ======
2025-12-24 09:12:33.506 [idle-monitor-exp-gateway] INFO  SERVICE_IDLE_MONITOR - ====== [SERVICE_IDLE] [exp-gateway] 系统已进入休眠，等待激活 ======
2025-12-24 09:14:33.506 [idle-monitor-exp-gateway] INFO  SERVICE_IDLE_MONITOR - ====== [SERVICE_IDLE] [exp-gateway] 系统已进入休眠，等待激活 ======
2025-12-24 09:17:03.499 [idle-monitor-exp-gateway] INFO  SERVICE_IDLE_MONITOR - ====== [SERVICE_IDLE] [exp-gateway] 系统已进入休眠，等待激活 ======
2025-12-24 09:19:03.503 [idle-monitor-exp-gateway] INFO  SERVICE_IDLE_MONITOR - ====== [SERVICE_IDLE] [exp-gateway] 系统已进入休眠，等待激活 ======
2025-12-24 09:21:33.505 [idle-monitor-exp-gateway] INFO  SERVICE_IDLE_MONITOR - ====== [SERVICE_IDLE] [exp-gateway] 系统已进入休眠，等待激活 ======
2025-12-24 09:23:33.507 [idle-monitor-exp-gateway] INFO  SERVICE_IDLE_MONITOR - ====== [SERVICE_IDLE] [exp-gateway] 系统已进入休眠，等待激活 ======
2025-12-24 09:26:03.507 [idle-monitor-exp-gateway] INFO  SERVICE_IDLE_MONITOR - ====== [SERVICE_IDLE] [exp-gateway] 系统已进入休眠，等待激活 ======
2025-12-24 09:28:33.494 [idle-monitor-exp-gateway] INFO  SERVICE_IDLE_MONITOR - ====== [SERVICE_IDLE] [exp-gateway] 系统已进入休眠，等待激活 ======
2025-12-24 09:30:33.506 [idle-monitor-exp-gateway] INFO  SERVICE_IDLE_MONITOR - ====== [SERVICE_IDLE] [exp-gateway] 系统已进入休眠，等待激活 ======
2025-12-24 09:33:03.500 [idle-monitor-exp-gateway] INFO  SERVICE_IDLE_MONITOR - ====== [SERVICE_IDLE] [exp-gateway] 系统已进入休眠，等待激活 ======
2025-12-24 09:35:03.500 [idle-monitor-exp-gateway] INFO  SERVICE_IDLE_MONITOR - ====== [SERVICE_IDLE] [exp-gateway] 系统已进入休眠，等待激活 ======
2025-12-24 09:37:03.503 [idle-monitor-exp-gateway] INFO  SERVICE_IDLE_MONITOR - ====== [SERVICE_IDLE] [exp-gateway] 系统已进入休眠，等待激活 ======
2025-12-24 09:39:33.494 [idle-monitor-exp-gateway] INFO  SERVICE_IDLE_MONITOR - ====== [SERVICE_IDLE] [exp-gateway] 系统已进入休眠，等待激活 ======
2025-12-24 09:42:03.498 [idle-monitor-exp-gateway] INFO  SERVICE_IDLE_MONITOR - ====== [SERVICE_IDLE] [exp-gateway] 系统已进入休眠，等待激活 ======
2025-12-24 09:44:03.500 [idle-monitor-exp-gateway] INFO  SERVICE_IDLE_MONITOR - ====== [SERVICE_IDLE] [exp-gateway] 系统已进入休眠，等待激活 ======
2025-12-24 09:46:33.498 [idle-monitor-exp-gateway] INFO  SERVICE_IDLE_MONITOR - ====== [SERVICE_IDLE] [exp-gateway] 系统已进入休眠，等待激活 ======
2025-12-24 09:48:33.500 [idle-monitor-exp-gateway] INFO  SERVICE_IDLE_MONITOR - ====== [SERVICE_IDLE] [exp-gateway] 系统已进入休眠，等待激活 ======
2025-12-24 09:50:33.507 [idle-monitor-exp-gateway] INFO  SERVICE_IDLE_MONITOR - ====== [SERVICE_IDLE] [exp-gateway] 系统已进入休眠，等待激活 ======
2025-12-24 09:53:03.499 [idle-monitor-exp-gateway] INFO  SERVICE_IDLE_MONITOR - ====== [SERVICE_IDLE] [exp-gateway] 系统已进入休眠，等待激活 ======
2025-12-24 09:55:03.503 [idle-monitor-exp-gateway] INFO  SERVICE_IDLE_MONITOR - ====== [SERVICE_IDLE] [exp-gateway] 系统已进入休眠，等待激活 ======
2025-12-24 09:57:33.502 [idle-monitor-exp-gateway] INFO  SERVICE_IDLE_MONITOR - ====== [SERVICE_IDLE] [exp-gateway] 系统已进入休眠，等待激活 ======
2025-12-24 10:00:03.507 [idle-monitor-exp-gateway] INFO  SERVICE_IDLE_MONITOR - ====== [SERVICE_IDLE] [exp-gateway] 系统已进入休眠，等待激活 ======
2025-12-24 10:02:33.501 [idle-monitor-exp-gateway] INFO  SERVICE_IDLE_MONITOR - ====== [SERVICE_IDLE] [exp-gateway] 系统已进入休眠，等待激活 ======
2025-12-24 10:04:33.503 [idle-monitor-exp-gateway] INFO  SERVICE_IDLE_MONITOR - ====== [SERVICE_IDLE] [exp-gateway] 系统已进入休眠，等待激活 ======
2025-12-24 10:07:03.502 [idle-monitor-exp-gateway] INFO  SERVICE_IDLE_MONITOR - ====== [SERVICE_IDLE] [exp-gateway] 系统已进入休眠，等待激活 ======
2025-12-24 10:09:03.506 [idle-monitor-exp-gateway] INFO  SERVICE_IDLE_MONITOR - ====== [SERVICE_IDLE] [exp-gateway] 系统已进入休眠，等待激活 ======
2025-12-24 10:10:03.754 [lettuce-nioEventLoop-4-1] INFO  i.l.core.protocol.CommandHandler - null Unexpected exception during request: java.net.SocketException: Connection reset
java.net.SocketException: Connection reset
	at java.base/sun.nio.ch.SocketChannelImpl.throwConnectionReset(SocketChannelImpl.java:394)
	at java.base/sun.nio.ch.SocketChannelImpl.read(SocketChannelImpl.java:426)
	at io.netty.buffer.PooledByteBuf.setBytes(PooledByteBuf.java:255)
	at io.netty.buffer.AbstractByteBuf.writeBytes(AbstractByteBuf.java:1132)
	at io.netty.channel.socket.nio.NioSocketChannel.doReadBytes(NioSocketChannel.java:357)
	at io.netty.channel.nio.AbstractNioByteChannel$NioByteUnsafe.read(AbstractNioByteChannel.java:151)
	at io.netty.channel.nio.NioEventLoop.processSelectedKey(NioEventLoop.java:788)
	at io.netty.channel.nio.NioEventLoop.processSelectedKeysOptimized(NioEventLoop.java:724)
	at io.netty.channel.nio.NioEventLoop.processSelectedKeys(NioEventLoop.java:650)
	at io.netty.channel.nio.NioEventLoop.run(NioEventLoop.java:562)
	at io.netty.util.concurrent.SingleThreadEventExecutor$4.run(SingleThreadEventExecutor.java:997)
	at io.netty.util.internal.ThreadExecutorMap$2.run(ThreadExecutorMap.java:74)
	at io.netty.util.concurrent.FastThreadLocalRunnable.run(FastThreadLocalRunnable.java:30)
	at java.base/java.lang.Thread.run(Thread.java:842)
2025-12-24 10:10:03.995 [lettuce-eventExecutorLoop-1-2] INFO  i.l.core.protocol.ConnectionWatchdog - Reconnecting, last destination was /192.168.101.128:6379
2025-12-24 10:10:04.083 [lettuce-nioEventLoop-4-2] WARN  i.l.core.protocol.ConnectionWatchdog - Cannot reconnect to [192.168.101.128/<unresolved>:6379]: Permission denied: connect: /192.168.101.128:6379
io.netty.channel.AbstractChannel$AnnotatedSocketException: Permission denied: connect: /192.168.101.128:6379
Caused by: java.net.SocketException: Permission denied: connect
	at java.base/sun.nio.ch.Net.connect0(Native Method)
	at java.base/sun.nio.ch.Net.connect(Net.java:579)
	at java.base/sun.nio.ch.Net.connect(Net.java:586)
	at java.base/sun.nio.ch.SocketChannelImpl.connect(SocketChannelImpl.java:853)
	at io.netty.util.internal.SocketUtils$3.run(SocketUtils.java:91)
	at io.netty.util.internal.SocketUtils$3.run(SocketUtils.java:88)
	at java.base/java.security.AccessController.doPrivileged(AccessController.java:569)
	at io.netty.util.internal.SocketUtils.connect(SocketUtils.java:88)
	at io.netty.channel.socket.nio.NioSocketChannel.doConnect(NioSocketChannel.java:322)
	at io.netty.channel.nio.AbstractNioChannel$AbstractNioUnsafe.connect(AbstractNioChannel.java:250)
	at io.netty.channel.DefaultChannelPipeline$HeadContext.connect(DefaultChannelPipeline.java:1342)
	at io.netty.channel.AbstractChannelHandlerContext.invokeConnect(AbstractChannelHandlerContext.java:655)
	at io.netty.channel.AbstractChannelHandlerContext.connect(AbstractChannelHandlerContext.java:634)
	at io.netty.channel.AbstractChannelHandlerContext.connect(AbstractChannelHandlerContext.java:618)
	at io.netty.channel.DefaultChannelPipeline.connect(DefaultChannelPipeline.java:978)
	at io.netty.channel.AbstractChannel.connect(AbstractChannel.java:265)
	at io.netty.bootstrap.Bootstrap$3.run(Bootstrap.java:264)
	at io.netty.util.concurrent.AbstractEventExecutor.runTask$$$capture(AbstractEventExecutor.java:173)
	at io.netty.util.concurrent.AbstractEventExecutor.runTask(AbstractEventExecutor.java)
	at io.netty.util.concurrent.AbstractEventExecutor.safeExecute$$$capture(AbstractEventExecutor.java:166)
	at io.netty.util.concurrent.AbstractEventExecutor.safeExecute(AbstractEventExecutor.java)
	at io.netty.util.concurrent.SingleThreadEventExecutor.runAllTasks(SingleThreadEventExecutor.java:470)
	at io.netty.channel.nio.NioEventLoop.run(NioEventLoop.java:569)
	at io.netty.util.concurrent.SingleThreadEventExecutor$4.run(SingleThreadEventExecutor.java:997)
	at io.netty.util.internal.ThreadExecutorMap$2.run(ThreadExecutorMap.java:74)
	at io.netty.util.concurrent.FastThreadLocalRunnable.run(FastThreadLocalRunnable.java:30)
	at java.base/java.lang.Thread.run(Thread.java:842)
2025-12-24 10:10:13.161 [lettuce-eventExecutorLoop-1-6] INFO  i.l.core.protocol.ConnectionWatchdog - Reconnecting, last destination was 192.168.101.128/<unresolved>:6379
2025-12-24 10:10:13.164 [lettuce-nioEventLoop-4-6] WARN  i.l.core.protocol.ConnectionWatchdog - Cannot reconnect to [192.168.101.128/<unresolved>:6379]: Permission denied: connect: /192.168.101.128:6379
io.netty.channel.AbstractChannel$AnnotatedSocketException: Permission denied: connect: /192.168.101.128:6379
Caused by: java.net.SocketException: Permission denied: connect
	at java.base/sun.nio.ch.Net.connect0(Native Method)
	at java.base/sun.nio.ch.Net.connect(Net.java:579)
	at java.base/sun.nio.ch.Net.connect(Net.java:586)
	at java.base/sun.nio.ch.SocketChannelImpl.connect(SocketChannelImpl.java:853)
	at io.netty.util.internal.SocketUtils$3.run(SocketUtils.java:91)
	at io.netty.util.internal.SocketUtils$3.run(SocketUtils.java:88)
	at java.base/java.security.AccessController.doPrivileged(AccessController.java:569)
	at io.netty.util.internal.SocketUtils.connect(SocketUtils.java:88)
	at io.netty.channel.socket.nio.NioSocketChannel.doConnect(NioSocketChannel.java:322)
	at io.netty.channel.nio.AbstractNioChannel$AbstractNioUnsafe.connect(AbstractNioChannel.java:250)
	at io.netty.channel.DefaultChannelPipeline$HeadContext.connect(DefaultChannelPipeline.java:1342)
	at io.netty.channel.AbstractChannelHandlerContext.invokeConnect(AbstractChannelHandlerContext.java:655)
	at io.netty.channel.AbstractChannelHandlerContext.connect(AbstractChannelHandlerContext.java:634)
	at io.netty.channel.AbstractChannelHandlerContext.connect(AbstractChannelHandlerContext.java:618)
	at io.netty.channel.DefaultChannelPipeline.connect(DefaultChannelPipeline.java:978)
	at io.netty.channel.AbstractChannel.connect(AbstractChannel.java:265)
	at io.netty.bootstrap.Bootstrap$3.run(Bootstrap.java:264)
	at io.netty.util.concurrent.AbstractEventExecutor.runTask$$$capture(AbstractEventExecutor.java:173)
	at io.netty.util.concurrent.AbstractEventExecutor.runTask(AbstractEventExecutor.java)
	at io.netty.util.concurrent.AbstractEventExecutor.safeExecute$$$capture(AbstractEventExecutor.java:166)
	at io.netty.util.concurrent.AbstractEventExecutor.safeExecute(AbstractEventExecutor.java)
	at io.netty.util.concurrent.SingleThreadEventExecutor.runAllTasks(SingleThreadEventExecutor.java:470)
	at io.netty.channel.nio.NioEventLoop.run(NioEventLoop.java:569)
	at io.netty.util.concurrent.SingleThreadEventExecutor$4.run(SingleThreadEventExecutor.java:997)
	at io.netty.util.internal.ThreadExecutorMap$2.run(ThreadExecutorMap.java:74)
	at io.netty.util.concurrent.FastThreadLocalRunnable.run(FastThreadLocalRunnable.java:30)
	at java.base/java.lang.Thread.run(Thread.java:842)
2025-12-24 10:10:21.457 [lettuce-eventExecutorLoop-1-7] INFO  i.l.core.protocol.ConnectionWatchdog - Reconnecting, last destination was 192.168.101.128/<unresolved>:6379
2025-12-24 10:10:21.459 [lettuce-nioEventLoop-4-7] WARN  i.l.core.protocol.ConnectionWatchdog - Cannot reconnect to [192.168.101.128/<unresolved>:6379]: Permission denied: connect: /192.168.101.128:6379
io.netty.channel.AbstractChannel$AnnotatedSocketException: Permission denied: connect: /192.168.101.128:6379
Caused by: java.net.SocketException: Permission denied: connect
	at java.base/sun.nio.ch.Net.connect0(Native Method)
	at java.base/sun.nio.ch.Net.connect(Net.java:579)
	at java.base/sun.nio.ch.Net.connect(Net.java:586)
	at java.base/sun.nio.ch.SocketChannelImpl.connect(SocketChannelImpl.java:853)
	at io.netty.util.internal.SocketUtils$3.run(SocketUtils.java:91)
	at io.netty.util.internal.SocketUtils$3.run(SocketUtils.java:88)
	at java.base/java.security.AccessController.doPrivileged(AccessController.java:569)
	at io.netty.util.internal.SocketUtils.connect(SocketUtils.java:88)
	at io.netty.channel.socket.nio.NioSocketChannel.doConnect(NioSocketChannel.java:322)
	at io.netty.channel.nio.AbstractNioChannel$AbstractNioUnsafe.connect(AbstractNioChannel.java:250)
	at io.netty.channel.DefaultChannelPipeline$HeadContext.connect(DefaultChannelPipeline.java:1342)
	at io.netty.channel.AbstractChannelHandlerContext.invokeConnect(AbstractChannelHandlerContext.java:655)
	at io.netty.channel.AbstractChannelHandlerContext.connect(AbstractChannelHandlerContext.java:634)
	at io.netty.channel.AbstractChannelHandlerContext.connect(AbstractChannelHandlerContext.java:618)
	at io.netty.channel.DefaultChannelPipeline.connect(DefaultChannelPipeline.java:978)
	at io.netty.channel.AbstractChannel.connect(AbstractChannel.java:265)
	at io.netty.bootstrap.Bootstrap$3.run(Bootstrap.java:264)
	at io.netty.util.concurrent.AbstractEventExecutor.runTask$$$capture(AbstractEventExecutor.java:173)
	at io.netty.util.concurrent.AbstractEventExecutor.runTask(AbstractEventExecutor.java)
	at io.netty.util.concurrent.AbstractEventExecutor.safeExecute$$$capture(AbstractEventExecutor.java:166)
	at io.netty.util.concurrent.AbstractEventExecutor.safeExecute(AbstractEventExecutor.java)
	at io.netty.util.concurrent.SingleThreadEventExecutor.runAllTasks(SingleThreadEventExecutor.java:470)
	at io.netty.channel.nio.NioEventLoop.run(NioEventLoop.java:569)
	at io.netty.util.concurrent.SingleThreadEventExecutor$4.run(SingleThreadEventExecutor.java:997)
	at io.netty.util.internal.ThreadExecutorMap$2.run(ThreadExecutorMap.java:74)
	at io.netty.util.concurrent.FastThreadLocalRunnable.run(FastThreadLocalRunnable.java:30)
	at java.base/java.lang.Thread.run(Thread.java:842)
2025-12-24 10:10:37.850 [lettuce-eventExecutorLoop-1-1] INFO  i.l.core.protocol.ConnectionWatchdog - Reconnecting, last destination was 192.168.101.128/<unresolved>:6379
2025-12-24 10:10:37.854 [lettuce-nioEventLoop-4-8] WARN  i.l.core.protocol.ConnectionWatchdog - Cannot reconnect to [192.168.101.128/<unresolved>:6379]: Permission denied: connect: /192.168.101.128:6379
io.netty.channel.AbstractChannel$AnnotatedSocketException: Permission denied: connect: /192.168.101.128:6379
Caused by: java.net.SocketException: Permission denied: connect
	at java.base/sun.nio.ch.Net.connect0(Native Method)
	at java.base/sun.nio.ch.Net.connect(Net.java:579)
	at java.base/sun.nio.ch.Net.connect(Net.java:586)
	at java.base/sun.nio.ch.SocketChannelImpl.connect(SocketChannelImpl.java:853)
	at io.netty.util.internal.SocketUtils$3.run(SocketUtils.java:91)
	at io.netty.util.internal.SocketUtils$3.run(SocketUtils.java:88)
	at java.base/java.security.AccessController.doPrivileged(AccessController.java:569)
	at io.netty.util.internal.SocketUtils.connect(SocketUtils.java:88)
	at io.netty.channel.socket.nio.NioSocketChannel.doConnect(NioSocketChannel.java:322)
	at io.netty.channel.nio.AbstractNioChannel$AbstractNioUnsafe.connect(AbstractNioChannel.java:250)
	at io.netty.channel.DefaultChannelPipeline$HeadContext.connect(DefaultChannelPipeline.java:1342)
	at io.netty.channel.AbstractChannelHandlerContext.invokeConnect(AbstractChannelHandlerContext.java:655)
	at io.netty.channel.AbstractChannelHandlerContext.connect(AbstractChannelHandlerContext.java:634)
	at io.netty.channel.AbstractChannelHandlerContext.connect(AbstractChannelHandlerContext.java:618)
	at io.netty.channel.DefaultChannelPipeline.connect(DefaultChannelPipeline.java:978)
	at io.netty.channel.AbstractChannel.connect(AbstractChannel.java:265)
	at io.netty.bootstrap.Bootstrap$3.run(Bootstrap.java:264)
	at io.netty.util.concurrent.AbstractEventExecutor.runTask$$$capture(AbstractEventExecutor.java:173)
	at io.netty.util.concurrent.AbstractEventExecutor.runTask(AbstractEventExecutor.java)
	at io.netty.util.concurrent.AbstractEventExecutor.safeExecute$$$capture(AbstractEventExecutor.java:166)
	at io.netty.util.concurrent.AbstractEventExecutor.safeExecute(AbstractEventExecutor.java)
	at io.netty.util.concurrent.SingleThreadEventExecutor.runAllTasks(SingleThreadEventExecutor.java:470)
	at io.netty.channel.nio.NioEventLoop.run(NioEventLoop.java:569)
	at io.netty.util.concurrent.SingleThreadEventExecutor$4.run(SingleThreadEventExecutor.java:997)
	at io.netty.util.internal.ThreadExecutorMap$2.run(ThreadExecutorMap.java:74)
	at io.netty.util.concurrent.FastThreadLocalRunnable.run(FastThreadLocalRunnable.java:30)
	at java.base/java.lang.Thread.run(Thread.java:842)
2025-12-24 10:11:07.953 [lettuce-eventExecutorLoop-1-4] INFO  i.l.core.protocol.ConnectionWatchdog - Reconnecting, last destination was 192.168.101.128/<unresolved>:6379
2025-12-24 10:11:07.955 [lettuce-nioEventLoop-4-1] WARN  i.l.core.protocol.ConnectionWatchdog - Cannot reconnect to [192.168.101.128/<unresolved>:6379]: Permission denied: connect: /192.168.101.128:6379
io.netty.channel.AbstractChannel$AnnotatedSocketException: Permission denied: connect: /192.168.101.128:6379
Caused by: java.net.SocketException: Permission denied: connect
	at java.base/sun.nio.ch.Net.connect0(Native Method)
	at java.base/sun.nio.ch.Net.connect(Net.java:579)
	at java.base/sun.nio.ch.Net.connect(Net.java:586)
	at java.base/sun.nio.ch.SocketChannelImpl.connect(SocketChannelImpl.java:853)
	at io.netty.util.internal.SocketUtils$3.run(SocketUtils.java:91)
	at io.netty.util.internal.SocketUtils$3.run(SocketUtils.java:88)
	at java.base/java.security.AccessController.doPrivileged(AccessController.java:569)
	at io.netty.util.internal.SocketUtils.connect(SocketUtils.java:88)
	at io.netty.channel.socket.nio.NioSocketChannel.doConnect(NioSocketChannel.java:322)
	at io.netty.channel.nio.AbstractNioChannel$AbstractNioUnsafe.connect(AbstractNioChannel.java:250)
	at io.netty.channel.DefaultChannelPipeline$HeadContext.connect(DefaultChannelPipeline.java:1342)
	at io.netty.channel.AbstractChannelHandlerContext.invokeConnect(AbstractChannelHandlerContext.java:655)
	at io.netty.channel.AbstractChannelHandlerContext.connect(AbstractChannelHandlerContext.java:634)
	at io.netty.channel.AbstractChannelHandlerContext.connect(AbstractChannelHandlerContext.java:618)
	at io.netty.channel.DefaultChannelPipeline.connect(DefaultChannelPipeline.java:978)
	at io.netty.channel.AbstractChannel.connect(AbstractChannel.java:265)
	at io.netty.bootstrap.Bootstrap$3.run(Bootstrap.java:264)
	at io.netty.util.concurrent.AbstractEventExecutor.runTask$$$capture(AbstractEventExecutor.java:173)
	at io.netty.util.concurrent.AbstractEventExecutor.runTask(AbstractEventExecutor.java)
	at io.netty.util.concurrent.AbstractEventExecutor.safeExecute$$$capture(AbstractEventExecutor.java:166)
	at io.netty.util.concurrent.AbstractEventExecutor.safeExecute(AbstractEventExecutor.java)
	at io.netty.util.concurrent.SingleThreadEventExecutor.runAllTasks(SingleThreadEventExecutor.java:470)
	at io.netty.channel.nio.NioEventLoop.run(NioEventLoop.java:569)
	at io.netty.util.concurrent.SingleThreadEventExecutor$4.run(SingleThreadEventExecutor.java:997)
	at io.netty.util.internal.ThreadExecutorMap$2.run(ThreadExecutorMap.java:74)
	at io.netty.util.concurrent.FastThreadLocalRunnable.run(FastThreadLocalRunnable.java:30)
	at java.base/java.lang.Thread.run(Thread.java:842)
2025-12-24 10:11:38.064 [lettuce-eventExecutorLoop-1-8] INFO  i.l.core.protocol.ConnectionWatchdog - Reconnecting, last destination was 192.168.101.128/<unresolved>:6379
2025-12-24 10:11:38.066 [lettuce-nioEventLoop-4-2] WARN  i.l.core.protocol.ConnectionWatchdog - Cannot reconnect to [192.168.101.128/<unresolved>:6379]: Permission denied: connect: /192.168.101.128:6379
io.netty.channel.AbstractChannel$AnnotatedSocketException: Permission denied: connect: /192.168.101.128:6379
Caused by: java.net.SocketException: Permission denied: connect
	at java.base/sun.nio.ch.Net.connect0(Native Method)
	at java.base/sun.nio.ch.Net.connect(Net.java:579)
	at java.base/sun.nio.ch.Net.connect(Net.java:586)
	at java.base/sun.nio.ch.SocketChannelImpl.connect(SocketChannelImpl.java:853)
	at io.netty.util.internal.SocketUtils$3.run(SocketUtils.java:91)
	at io.netty.util.internal.SocketUtils$3.run(SocketUtils.java:88)
	at java.base/java.security.AccessController.doPrivileged(AccessController.java:569)
	at io.netty.util.internal.SocketUtils.connect(SocketUtils.java:88)
	at io.netty.channel.socket.nio.NioSocketChannel.doConnect(NioSocketChannel.java:322)
	at io.netty.channel.nio.AbstractNioChannel$AbstractNioUnsafe.connect(AbstractNioChannel.java:250)
	at io.netty.channel.DefaultChannelPipeline$HeadContext.connect(DefaultChannelPipeline.java:1342)
	at io.netty.channel.AbstractChannelHandlerContext.invokeConnect(AbstractChannelHandlerContext.java:655)
	at io.netty.channel.AbstractChannelHandlerContext.connect(AbstractChannelHandlerContext.java:634)
	at io.netty.channel.AbstractChannelHandlerContext.connect(AbstractChannelHandlerContext.java:618)
	at io.netty.channel.DefaultChannelPipeline.connect(DefaultChannelPipeline.java:978)
	at io.netty.channel.AbstractChannel.connect(AbstractChannel.java:265)
	at io.netty.bootstrap.Bootstrap$3.run(Bootstrap.java:264)
	at io.netty.util.concurrent.AbstractEventExecutor.runTask$$$capture(AbstractEventExecutor.java:173)
	at io.netty.util.concurrent.AbstractEventExecutor.runTask(AbstractEventExecutor.java)
	at io.netty.util.concurrent.AbstractEventExecutor.safeExecute$$$capture(AbstractEventExecutor.java:166)
	at io.netty.util.concurrent.AbstractEventExecutor.safeExecute(AbstractEventExecutor.java)
	at io.netty.util.concurrent.SingleThreadEventExecutor.runAllTasks(SingleThreadEventExecutor.java:470)
	at io.netty.channel.nio.NioEventLoop.run(NioEventLoop.java:569)
	at io.netty.util.concurrent.SingleThreadEventExecutor$4.run(SingleThreadEventExecutor.java:997)
	at io.netty.util.internal.ThreadExecutorMap$2.run(ThreadExecutorMap.java:74)
	at io.netty.util.concurrent.FastThreadLocalRunnable.run(FastThreadLocalRunnable.java:30)
	at java.base/java.lang.Thread.run(Thread.java:842)
2025-12-24 10:12:08.149 [lettuce-eventExecutorLoop-1-3] INFO  i.l.core.protocol.ConnectionWatchdog - Reconnecting, last destination was 192.168.101.128/<unresolved>:6379
2025-12-24 10:12:08.150 [lettuce-nioEventLoop-4-3] WARN  i.l.core.protocol.ConnectionWatchdog - Cannot reconnect to [192.168.101.128/<unresolved>:6379]: Permission denied: connect: /192.168.101.128:6379
io.netty.channel.AbstractChannel$AnnotatedSocketException: Permission denied: connect: /192.168.101.128:6379
Caused by: java.net.SocketException: Permission denied: connect
	at java.base/sun.nio.ch.Net.connect0(Native Method)
	at java.base/sun.nio.ch.Net.connect(Net.java:579)
	at java.base/sun.nio.ch.Net.connect(Net.java:586)
	at java.base/sun.nio.ch.SocketChannelImpl.connect(SocketChannelImpl.java:853)
	at io.netty.util.internal.SocketUtils$3.run(SocketUtils.java:91)
	at io.netty.util.internal.SocketUtils$3.run(SocketUtils.java:88)
	at java.base/java.security.AccessController.doPrivileged(AccessController.java:569)
	at io.netty.util.internal.SocketUtils.connect(SocketUtils.java:88)
	at io.netty.channel.socket.nio.NioSocketChannel.doConnect(NioSocketChannel.java:322)
	at io.netty.channel.nio.AbstractNioChannel$AbstractNioUnsafe.connect(AbstractNioChannel.java:250)
	at io.netty.channel.DefaultChannelPipeline$HeadContext.connect(DefaultChannelPipeline.java:1342)
	at io.netty.channel.AbstractChannelHandlerContext.invokeConnect(AbstractChannelHandlerContext.java:655)
	at io.netty.channel.AbstractChannelHandlerContext.connect(AbstractChannelHandlerContext.java:634)
	at io.netty.channel.AbstractChannelHandlerContext.connect(AbstractChannelHandlerContext.java:618)
	at io.netty.channel.DefaultChannelPipeline.connect(DefaultChannelPipeline.java:978)
	at io.netty.channel.AbstractChannel.connect(AbstractChannel.java:265)
	at io.netty.bootstrap.Bootstrap$3.run(Bootstrap.java:264)
	at io.netty.util.concurrent.AbstractEventExecutor.runTask$$$capture(AbstractEventExecutor.java:173)
	at io.netty.util.concurrent.AbstractEventExecutor.runTask(AbstractEventExecutor.java)
	at io.netty.util.concurrent.AbstractEventExecutor.safeExecute$$$capture(AbstractEventExecutor.java:166)
	at io.netty.util.concurrent.AbstractEventExecutor.safeExecute(AbstractEventExecutor.java)
	at io.netty.util.concurrent.SingleThreadEventExecutor.runAllTasks(SingleThreadEventExecutor.java:470)
	at io.netty.channel.nio.NioEventLoop.run(NioEventLoop.java:569)
	at io.netty.util.concurrent.SingleThreadEventExecutor$4.run(SingleThreadEventExecutor.java:997)
	at io.netty.util.internal.ThreadExecutorMap$2.run(ThreadExecutorMap.java:74)
	at io.netty.util.concurrent.FastThreadLocalRunnable.run(FastThreadLocalRunnable.java:30)
	at java.base/java.lang.Thread.run(Thread.java:842)
2025-12-24 10:12:38.277 [lettuce-eventExecutorLoop-1-5] INFO  i.l.core.protocol.ConnectionWatchdog - Reconnecting, last destination was 192.168.101.128/<unresolved>:6379
2025-12-24 10:12:38.317 [lettuce-nioEventLoop-4-4] WARN  i.l.core.protocol.ConnectionWatchdog - Cannot reconnect to [192.168.101.128/<unresolved>:6379]: Permission denied: connect: /192.168.101.128:6379
io.netty.channel.AbstractChannel$AnnotatedSocketException: Permission denied: connect: /192.168.101.128:6379
Caused by: java.net.SocketException: Permission denied: connect
	at java.base/sun.nio.ch.Net.connect0(Native Method)
	at java.base/sun.nio.ch.Net.connect(Net.java:579)
	at java.base/sun.nio.ch.Net.connect(Net.java:586)
	at java.base/sun.nio.ch.SocketChannelImpl.connect(SocketChannelImpl.java:853)
	at io.netty.util.internal.SocketUtils$3.run(SocketUtils.java:91)
	at io.netty.util.internal.SocketUtils$3.run(SocketUtils.java:88)
	at java.base/java.security.AccessController.doPrivileged(AccessController.java:569)
	at io.netty.util.internal.SocketUtils.connect(SocketUtils.java:88)
	at io.netty.channel.socket.nio.NioSocketChannel.doConnect(NioSocketChannel.java:322)
	at io.netty.channel.nio.AbstractNioChannel$AbstractNioUnsafe.connect(AbstractNioChannel.java:250)
	at io.netty.channel.DefaultChannelPipeline$HeadContext.connect(DefaultChannelPipeline.java:1342)
	at io.netty.channel.AbstractChannelHandlerContext.invokeConnect(AbstractChannelHandlerContext.java:655)
	at io.netty.channel.AbstractChannelHandlerContext.connect(AbstractChannelHandlerContext.java:634)
	at io.netty.channel.AbstractChannelHandlerContext.connect(AbstractChannelHandlerContext.java:618)
	at io.netty.channel.DefaultChannelPipeline.connect(DefaultChannelPipeline.java:978)
	at io.netty.channel.AbstractChannel.connect(AbstractChannel.java:265)
	at io.netty.bootstrap.Bootstrap$3.run(Bootstrap.java:264)
	at io.netty.util.concurrent.AbstractEventExecutor.runTask$$$capture(AbstractEventExecutor.java:173)
	at io.netty.util.concurrent.AbstractEventExecutor.runTask(AbstractEventExecutor.java)
	at io.netty.util.concurrent.AbstractEventExecutor.safeExecute$$$capture(AbstractEventExecutor.java:166)
	at io.netty.util.concurrent.AbstractEventExecutor.safeExecute(AbstractEventExecutor.java)
	at io.netty.util.concurrent.SingleThreadEventExecutor.runAllTasks(SingleThreadEventExecutor.java:470)
	at io.netty.channel.nio.NioEventLoop.run(NioEventLoop.java:569)
	at io.netty.util.concurrent.SingleThreadEventExecutor$4.run(SingleThreadEventExecutor.java:997)
	at io.netty.util.internal.ThreadExecutorMap$2.run(ThreadExecutorMap.java:74)
	at io.netty.util.concurrent.FastThreadLocalRunnable.run(FastThreadLocalRunnable.java:30)
	at java.base/java.lang.Thread.run(Thread.java:842)
2025-12-24 10:13:08.355 [lettuce-eventExecutorLoop-1-7] INFO  i.l.core.protocol.ConnectionWatchdog - Reconnecting, last destination was 192.168.101.128/<unresolved>:6379
2025-12-24 10:13:08.360 [lettuce-nioEventLoop-4-5] WARN  i.l.core.protocol.ConnectionWatchdog - Cannot reconnect to [192.168.101.128/<unresolved>:6379]: Permission denied: connect: /192.168.101.128:6379
io.netty.channel.AbstractChannel$AnnotatedSocketException: Permission denied: connect: /192.168.101.128:6379
Caused by: java.net.SocketException: Permission denied: connect
	at java.base/sun.nio.ch.Net.connect0(Native Method)
	at java.base/sun.nio.ch.Net.connect(Net.java:579)
	at java.base/sun.nio.ch.Net.connect(Net.java:586)
	at java.base/sun.nio.ch.SocketChannelImpl.connect(SocketChannelImpl.java:853)
	at io.netty.util.internal.SocketUtils$3.run(SocketUtils.java:91)
	at io.netty.util.internal.SocketUtils$3.run(SocketUtils.java:88)
	at java.base/java.security.AccessController.doPrivileged(AccessController.java:569)
	at io.netty.util.internal.SocketUtils.connect(SocketUtils.java:88)
	at io.netty.channel.socket.nio.NioSocketChannel.doConnect(NioSocketChannel.java:322)
	at io.netty.channel.nio.AbstractNioChannel$AbstractNioUnsafe.connect(AbstractNioChannel.java:250)
	at io.netty.channel.DefaultChannelPipeline$HeadContext.connect(DefaultChannelPipeline.java:1342)
	at io.netty.channel.AbstractChannelHandlerContext.invokeConnect(AbstractChannelHandlerContext.java:655)
	at io.netty.channel.AbstractChannelHandlerContext.connect(AbstractChannelHandlerContext.java:634)
	at io.netty.channel.AbstractChannelHandlerContext.connect(AbstractChannelHandlerContext.java:618)
	at io.netty.channel.DefaultChannelPipeline.connect(DefaultChannelPipeline.java:978)
	at io.netty.channel.AbstractChannel.connect(AbstractChannel.java:265)
	at io.netty.bootstrap.Bootstrap$3.run(Bootstrap.java:264)
	at io.netty.util.concurrent.AbstractEventExecutor.runTask$$$capture(AbstractEventExecutor.java:173)
	at io.netty.util.concurrent.AbstractEventExecutor.runTask(AbstractEventExecutor.java)
	at io.netty.util.concurrent.AbstractEventExecutor.safeExecute$$$capture(AbstractEventExecutor.java:166)
	at io.netty.util.concurrent.AbstractEventExecutor.safeExecute(AbstractEventExecutor.java)
	at io.netty.util.concurrent.SingleThreadEventExecutor.runAllTasks(SingleThreadEventExecutor.java:470)
	at io.netty.channel.nio.NioEventLoop.run(NioEventLoop.java:569)
	at io.netty.util.concurrent.SingleThreadEventExecutor$4.run(SingleThreadEventExecutor.java:997)
	at io.netty.util.internal.ThreadExecutorMap$2.run(ThreadExecutorMap.java:74)
	at io.netty.util.concurrent.FastThreadLocalRunnable.run(FastThreadLocalRunnable.java:30)
	at java.base/java.lang.Thread.run(Thread.java:842)
2025-12-24 10:13:38.452 [lettuce-eventExecutorLoop-1-8] INFO  i.l.core.protocol.ConnectionWatchdog - Reconnecting, last destination was 192.168.101.128/<unresolved>:6379
2025-12-24 10:13:38.456 [lettuce-nioEventLoop-4-6] WARN  i.l.core.protocol.ConnectionWatchdog - Cannot reconnect to [192.168.101.128/<unresolved>:6379]: Permission denied: connect: /192.168.101.128:6379
io.netty.channel.AbstractChannel$AnnotatedSocketException: Permission denied: connect: /192.168.101.128:6379
Caused by: java.net.SocketException: Permission denied: connect
	at java.base/sun.nio.ch.Net.connect0(Native Method)
	at java.base/sun.nio.ch.Net.connect(Net.java:579)
	at java.base/sun.nio.ch.Net.connect(Net.java:586)
	at java.base/sun.nio.ch.SocketChannelImpl.connect(SocketChannelImpl.java:853)
	at io.netty.util.internal.SocketUtils$3.run(SocketUtils.java:91)
	at io.netty.util.internal.SocketUtils$3.run(SocketUtils.java:88)
	at java.base/java.security.AccessController.doPrivileged(AccessController.java:569)
	at io.netty.util.internal.SocketUtils.connect(SocketUtils.java:88)
	at io.netty.channel.socket.nio.NioSocketChannel.doConnect(NioSocketChannel.java:322)
	at io.netty.channel.nio.AbstractNioChannel$AbstractNioUnsafe.connect(AbstractNioChannel.java:250)
	at io.netty.channel.DefaultChannelPipeline$HeadContext.connect(DefaultChannelPipeline.java:1342)
	at io.netty.channel.AbstractChannelHandlerContext.invokeConnect(AbstractChannelHandlerContext.java:655)
	at io.netty.channel.AbstractChannelHandlerContext.connect(AbstractChannelHandlerContext.java:634)
	at io.netty.channel.AbstractChannelHandlerContext.connect(AbstractChannelHandlerContext.java:618)
	at io.netty.channel.DefaultChannelPipeline.connect(DefaultChannelPipeline.java:978)
	at io.netty.channel.AbstractChannel.connect(AbstractChannel.java:265)
	at io.netty.bootstrap.Bootstrap$3.run(Bootstrap.java:264)
	at io.netty.util.concurrent.AbstractEventExecutor.runTask$$$capture(AbstractEventExecutor.java:173)
	at io.netty.util.concurrent.AbstractEventExecutor.runTask(AbstractEventExecutor.java)
	at io.netty.util.concurrent.AbstractEventExecutor.safeExecute$$$capture(AbstractEventExecutor.java:166)
	at io.netty.util.concurrent.AbstractEventExecutor.safeExecute(AbstractEventExecutor.java)
	at io.netty.util.concurrent.SingleThreadEventExecutor.runAllTasks(SingleThreadEventExecutor.java:470)
	at io.netty.channel.nio.NioEventLoop.run(NioEventLoop.java:569)
	at io.netty.util.concurrent.SingleThreadEventExecutor$4.run(SingleThreadEventExecutor.java:997)
	at io.netty.util.internal.ThreadExecutorMap$2.run(ThreadExecutorMap.java:74)
	at io.netty.util.concurrent.FastThreadLocalRunnable.run(FastThreadLocalRunnable.java:30)
	at java.base/java.lang.Thread.run(Thread.java:842)
2025-12-24 10:14:08.551 [lettuce-eventExecutorLoop-1-3] INFO  i.l.core.protocol.ConnectionWatchdog - Reconnecting, last destination was 192.168.101.128/<unresolved>:6379
2025-12-24 10:14:08.553 [lettuce-nioEventLoop-4-7] WARN  i.l.core.protocol.ConnectionWatchdog - Cannot reconnect to [192.168.101.128/<unresolved>:6379]: Permission denied: connect: /192.168.101.128:6379
io.netty.channel.AbstractChannel$AnnotatedSocketException: Permission denied: connect: /192.168.101.128:6379
Caused by: java.net.SocketException: Permission denied: connect
	at java.base/sun.nio.ch.Net.connect0(Native Method)
	at java.base/sun.nio.ch.Net.connect(Net.java:579)
	at java.base/sun.nio.ch.Net.connect(Net.java:586)
	at java.base/sun.nio.ch.SocketChannelImpl.connect(SocketChannelImpl.java:853)
	at io.netty.util.internal.SocketUtils$3.run(SocketUtils.java:91)
	at io.netty.util.internal.SocketUtils$3.run(SocketUtils.java:88)
	at java.base/java.security.AccessController.doPrivileged(AccessController.java:569)
	at io.netty.util.internal.SocketUtils.connect(SocketUtils.java:88)
	at io.netty.channel.socket.nio.NioSocketChannel.doConnect(NioSocketChannel.java:322)
	at io.netty.channel.nio.AbstractNioChannel$AbstractNioUnsafe.connect(AbstractNioChannel.java:250)
	at io.netty.channel.DefaultChannelPipeline$HeadContext.connect(DefaultChannelPipeline.java:1342)
	at io.netty.channel.AbstractChannelHandlerContext.invokeConnect(AbstractChannelHandlerContext.java:655)
	at io.netty.channel.AbstractChannelHandlerContext.connect(AbstractChannelHandlerContext.java:634)
	at io.netty.channel.AbstractChannelHandlerContext.connect(AbstractChannelHandlerContext.java:618)
	at io.netty.channel.DefaultChannelPipeline.connect(DefaultChannelPipeline.java:978)
	at io.netty.channel.AbstractChannel.connect(AbstractChannel.java:265)
	at io.netty.bootstrap.Bootstrap$3.run(Bootstrap.java:264)
	at io.netty.util.concurrent.AbstractEventExecutor.runTask$$$capture(AbstractEventExecutor.java:173)
	at io.netty.util.concurrent.AbstractEventExecutor.runTask(AbstractEventExecutor.java)
	at io.netty.util.concurrent.AbstractEventExecutor.safeExecute$$$capture(AbstractEventExecutor.java:166)
	at io.netty.util.concurrent.AbstractEventExecutor.safeExecute(AbstractEventExecutor.java)
	at io.netty.util.concurrent.SingleThreadEventExecutor.runAllTasks(SingleThreadEventExecutor.java:470)
	at io.netty.channel.nio.NioEventLoop.run(NioEventLoop.java:569)
	at io.netty.util.concurrent.SingleThreadEventExecutor$4.run(SingleThreadEventExecutor.java:997)
	at io.netty.util.internal.ThreadExecutorMap$2.run(ThreadExecutorMap.java:74)
	at io.netty.util.concurrent.FastThreadLocalRunnable.run(FastThreadLocalRunnable.java:30)
	at java.base/java.lang.Thread.run(Thread.java:842)
2025-12-24 10:14:38.649 [lettuce-eventExecutorLoop-1-5] INFO  i.l.core.protocol.ConnectionWatchdog - Reconnecting, last destination was 192.168.101.128/<unresolved>:6379
2025-12-24 10:14:38.651 [lettuce-nioEventLoop-4-8] WARN  i.l.core.protocol.ConnectionWatchdog - Cannot reconnect to [192.168.101.128/<unresolved>:6379]: Permission denied: connect: /192.168.101.128:6379
io.netty.channel.AbstractChannel$AnnotatedSocketException: Permission denied: connect: /192.168.101.128:6379
Caused by: java.net.SocketException: Permission denied: connect
	at java.base/sun.nio.ch.Net.connect0(Native Method)
	at java.base/sun.nio.ch.Net.connect(Net.java:579)
	at java.base/sun.nio.ch.Net.connect(Net.java:586)
	at java.base/sun.nio.ch.SocketChannelImpl.connect(SocketChannelImpl.java:853)
	at io.netty.util.internal.SocketUtils$3.run(SocketUtils.java:91)
	at io.netty.util.internal.SocketUtils$3.run(SocketUtils.java:88)
	at java.base/java.security.AccessController.doPrivileged(AccessController.java:569)
	at io.netty.util.internal.SocketUtils.connect(SocketUtils.java:88)
	at io.netty.channel.socket.nio.NioSocketChannel.doConnect(NioSocketChannel.java:322)
	at io.netty.channel.nio.AbstractNioChannel$AbstractNioUnsafe.connect(AbstractNioChannel.java:250)
	at io.netty.channel.DefaultChannelPipeline$HeadContext.connect(DefaultChannelPipeline.java:1342)
	at io.netty.channel.AbstractChannelHandlerContext.invokeConnect(AbstractChannelHandlerContext.java:655)
	at io.netty.channel.AbstractChannelHandlerContext.connect(AbstractChannelHandlerContext.java:634)
	at io.netty.channel.AbstractChannelHandlerContext.connect(AbstractChannelHandlerContext.java:618)
	at io.netty.channel.DefaultChannelPipeline.connect(DefaultChannelPipeline.java:978)
	at io.netty.channel.AbstractChannel.connect(AbstractChannel.java:265)
	at io.netty.bootstrap.Bootstrap$3.run(Bootstrap.java:264)
	at io.netty.util.concurrent.AbstractEventExecutor.runTask$$$capture(AbstractEventExecutor.java:173)
	at io.netty.util.concurrent.AbstractEventExecutor.runTask(AbstractEventExecutor.java)
	at io.netty.util.concurrent.AbstractEventExecutor.safeExecute$$$capture(AbstractEventExecutor.java:166)
	at io.netty.util.concurrent.AbstractEventExecutor.safeExecute(AbstractEventExecutor.java)
	at io.netty.util.concurrent.SingleThreadEventExecutor.runAllTasks(SingleThreadEventExecutor.java:470)
	at io.netty.channel.nio.NioEventLoop.run(NioEventLoop.java:569)
	at io.netty.util.concurrent.SingleThreadEventExecutor$4.run(SingleThreadEventExecutor.java:997)
	at io.netty.util.internal.ThreadExecutorMap$2.run(ThreadExecutorMap.java:74)
	at io.netty.util.concurrent.FastThreadLocalRunnable.run(FastThreadLocalRunnable.java:30)
	at java.base/java.lang.Thread.run(Thread.java:842)
2025-12-24 10:15:08.758 [lettuce-eventExecutorLoop-1-7] INFO  i.l.core.protocol.ConnectionWatchdog - Reconnecting, last destination was 192.168.101.128/<unresolved>:6379
2025-12-24 10:15:08.763 [lettuce-nioEventLoop-4-1] WARN  i.l.core.protocol.ConnectionWatchdog - Cannot reconnect to [192.168.101.128/<unresolved>:6379]: Permission denied: connect: /192.168.101.128:6379
io.netty.channel.AbstractChannel$AnnotatedSocketException: Permission denied: connect: /192.168.101.128:6379
Caused by: java.net.SocketException: Permission denied: connect
	at java.base/sun.nio.ch.Net.connect0(Native Method)
	at java.base/sun.nio.ch.Net.connect(Net.java:579)
	at java.base/sun.nio.ch.Net.connect(Net.java:586)
	at java.base/sun.nio.ch.SocketChannelImpl.connect(SocketChannelImpl.java:853)
	at io.netty.util.internal.SocketUtils$3.run(SocketUtils.java:91)
	at io.netty.util.internal.SocketUtils$3.run(SocketUtils.java:88)
	at java.base/java.security.AccessController.doPrivileged(AccessController.java:569)
	at io.netty.util.internal.SocketUtils.connect(SocketUtils.java:88)
	at io.netty.channel.socket.nio.NioSocketChannel.doConnect(NioSocketChannel.java:322)
	at io.netty.channel.nio.AbstractNioChannel$AbstractNioUnsafe.connect(AbstractNioChannel.java:250)
	at io.netty.channel.DefaultChannelPipeline$HeadContext.connect(DefaultChannelPipeline.java:1342)
	at io.netty.channel.AbstractChannelHandlerContext.invokeConnect(AbstractChannelHandlerContext.java:655)
	at io.netty.channel.AbstractChannelHandlerContext.connect(AbstractChannelHandlerContext.java:634)
	at io.netty.channel.AbstractChannelHandlerContext.connect(AbstractChannelHandlerContext.java:618)
	at io.netty.channel.DefaultChannelPipeline.connect(DefaultChannelPipeline.java:978)
	at io.netty.channel.AbstractChannel.connect(AbstractChannel.java:265)
	at io.netty.bootstrap.Bootstrap$3.run(Bootstrap.java:264)
	at io.netty.util.concurrent.AbstractEventExecutor.runTask$$$capture(AbstractEventExecutor.java:173)
	at io.netty.util.concurrent.AbstractEventExecutor.runTask(AbstractEventExecutor.java)
	at io.netty.util.concurrent.AbstractEventExecutor.safeExecute$$$capture(AbstractEventExecutor.java:166)
	at io.netty.util.concurrent.AbstractEventExecutor.safeExecute(AbstractEventExecutor.java)
	at io.netty.util.concurrent.SingleThreadEventExecutor.runAllTasks(SingleThreadEventExecutor.java:470)
	at io.netty.channel.nio.NioEventLoop.run(NioEventLoop.java:569)
	at io.netty.util.concurrent.SingleThreadEventExecutor$4.run(SingleThreadEventExecutor.java:997)
	at io.netty.util.internal.ThreadExecutorMap$2.run(ThreadExecutorMap.java:74)
	at io.netty.util.concurrent.FastThreadLocalRunnable.run(FastThreadLocalRunnable.java:30)
	at java.base/java.lang.Thread.run(Thread.java:842)
2025-12-24 10:15:38.852 [lettuce-eventExecutorLoop-1-8] INFO  i.l.core.protocol.ConnectionWatchdog - Reconnecting, last destination was 192.168.101.128/<unresolved>:6379
2025-12-24 10:15:38.854 [lettuce-nioEventLoop-4-2] WARN  i.l.core.protocol.ConnectionWatchdog - Cannot reconnect to [192.168.101.128/<unresolved>:6379]: Permission denied: connect: /192.168.101.128:6379
io.netty.channel.AbstractChannel$AnnotatedSocketException: Permission denied: connect: /192.168.101.128:6379
Caused by: java.net.SocketException: Permission denied: connect
	at java.base/sun.nio.ch.Net.connect0(Native Method)
	at java.base/sun.nio.ch.Net.connect(Net.java:579)
	at java.base/sun.nio.ch.Net.connect(Net.java:586)
	at java.base/sun.nio.ch.SocketChannelImpl.connect(SocketChannelImpl.java:853)
	at io.netty.util.internal.SocketUtils$3.run(SocketUtils.java:91)
	at io.netty.util.internal.SocketUtils$3.run(SocketUtils.java:88)
	at java.base/java.security.AccessController.doPrivileged(AccessController.java:569)
	at io.netty.util.internal.SocketUtils.connect(SocketUtils.java:88)
	at io.netty.channel.socket.nio.NioSocketChannel.doConnect(NioSocketChannel.java:322)
	at io.netty.channel.nio.AbstractNioChannel$AbstractNioUnsafe.connect(AbstractNioChannel.java:250)
	at io.netty.channel.DefaultChannelPipeline$HeadContext.connect(DefaultChannelPipeline.java:1342)
	at io.netty.channel.AbstractChannelHandlerContext.invokeConnect(AbstractChannelHandlerContext.java:655)
	at io.netty.channel.AbstractChannelHandlerContext.connect(AbstractChannelHandlerContext.java:634)
	at io.netty.channel.AbstractChannelHandlerContext.connect(AbstractChannelHandlerContext.java:618)
	at io.netty.channel.DefaultChannelPipeline.connect(DefaultChannelPipeline.java:978)
	at io.netty.channel.AbstractChannel.connect(AbstractChannel.java:265)
	at io.netty.bootstrap.Bootstrap$3.run(Bootstrap.java:264)
	at io.netty.util.concurrent.AbstractEventExecutor.runTask$$$capture(AbstractEventExecutor.java:173)
	at io.netty.util.concurrent.AbstractEventExecutor.runTask(AbstractEventExecutor.java)
	at io.netty.util.concurrent.AbstractEventExecutor.safeExecute$$$capture(AbstractEventExecutor.java:166)
	at io.netty.util.concurrent.AbstractEventExecutor.safeExecute(AbstractEventExecutor.java)
	at io.netty.util.concurrent.SingleThreadEventExecutor.runAllTasks(SingleThreadEventExecutor.java:470)
	at io.netty.channel.nio.NioEventLoop.run(NioEventLoop.java:569)
	at io.netty.util.concurrent.SingleThreadEventExecutor$4.run(SingleThreadEventExecutor.java:997)
	at io.netty.util.internal.ThreadExecutorMap$2.run(ThreadExecutorMap.java:74)
	at io.netty.util.concurrent.FastThreadLocalRunnable.run(FastThreadLocalRunnable.java:30)
	at java.base/java.lang.Thread.run(Thread.java:842)
2025-12-24 10:16:08.962 [lettuce-eventExecutorLoop-1-3] INFO  i.l.core.protocol.ConnectionWatchdog - Reconnecting, last destination was 192.168.101.128/<unresolved>:6379
2025-12-24 10:16:08.964 [lettuce-nioEventLoop-4-3] WARN  i.l.core.protocol.ConnectionWatchdog - Cannot reconnect to [192.168.101.128/<unresolved>:6379]: Permission denied: connect: /192.168.101.128:6379
io.netty.channel.AbstractChannel$AnnotatedSocketException: Permission denied: connect: /192.168.101.128:6379
Caused by: java.net.SocketException: Permission denied: connect
	at java.base/sun.nio.ch.Net.connect0(Native Method)
	at java.base/sun.nio.ch.Net.connect(Net.java:579)
	at java.base/sun.nio.ch.Net.connect(Net.java:586)
	at java.base/sun.nio.ch.SocketChannelImpl.connect(SocketChannelImpl.java:853)
	at io.netty.util.internal.SocketUtils$3.run(SocketUtils.java:91)
	at io.netty.util.internal.SocketUtils$3.run(SocketUtils.java:88)
	at java.base/java.security.AccessController.doPrivileged(AccessController.java:569)
	at io.netty.util.internal.SocketUtils.connect(SocketUtils.java:88)
	at io.netty.channel.socket.nio.NioSocketChannel.doConnect(NioSocketChannel.java:322)
	at io.netty.channel.nio.AbstractNioChannel$AbstractNioUnsafe.connect(AbstractNioChannel.java:250)
	at io.netty.channel.DefaultChannelPipeline$HeadContext.connect(DefaultChannelPipeline.java:1342)
	at io.netty.channel.AbstractChannelHandlerContext.invokeConnect(AbstractChannelHandlerContext.java:655)
	at io.netty.channel.AbstractChannelHandlerContext.connect(AbstractChannelHandlerContext.java:634)
	at io.netty.channel.AbstractChannelHandlerContext.connect(AbstractChannelHandlerContext.java:618)
	at io.netty.channel.DefaultChannelPipeline.connect(DefaultChannelPipeline.java:978)
	at io.netty.channel.AbstractChannel.connect(AbstractChannel.java:265)
	at io.netty.bootstrap.Bootstrap$3.run(Bootstrap.java:264)
	at io.netty.util.concurrent.AbstractEventExecutor.runTask$$$capture(AbstractEventExecutor.java:173)
	at io.netty.util.concurrent.AbstractEventExecutor.runTask(AbstractEventExecutor.java)
	at io.netty.util.concurrent.AbstractEventExecutor.safeExecute$$$capture(AbstractEventExecutor.java:166)
	at io.netty.util.concurrent.AbstractEventExecutor.safeExecute(AbstractEventExecutor.java)
	at io.netty.util.concurrent.SingleThreadEventExecutor.runAllTasks(SingleThreadEventExecutor.java:470)
	at io.netty.channel.nio.NioEventLoop.run(NioEventLoop.java:569)
	at io.netty.util.concurrent.SingleThreadEventExecutor$4.run(SingleThreadEventExecutor.java:997)
	at io.netty.util.internal.ThreadExecutorMap$2.run(ThreadExecutorMap.java:74)
	at io.netty.util.concurrent.FastThreadLocalRunnable.run(FastThreadLocalRunnable.java:30)
	at java.base/java.lang.Thread.run(Thread.java:842)
2025-12-24 10:16:39.055 [lettuce-eventExecutorLoop-1-5] INFO  i.l.core.protocol.ConnectionWatchdog - Reconnecting, last destination was 192.168.101.128/<unresolved>:6379
2025-12-24 10:16:39.065 [lettuce-nioEventLoop-4-4] INFO  i.l.c.protocol.ReconnectionHandler - Reconnected to 192.168.101.128/<unresolved>:6379
2025-12-24 10:19:03.497 [idle-monitor-exp-gateway] INFO  SERVICE_IDLE_MONITOR - ====== [SERVICE_IDLE] [exp-gateway] 系统已进入休眠，等待激活 ======
2025-12-24 10:21:33.499 [idle-monitor-exp-gateway] INFO  SERVICE_IDLE_MONITOR - ====== [SERVICE_IDLE] [exp-gateway] 系统已进入休眠，等待激活 ======
2025-12-24 10:24:03.496 [idle-monitor-exp-gateway] INFO  SERVICE_IDLE_MONITOR - ====== [SERVICE_IDLE] [exp-gateway] 系统已进入休眠，等待激活 ======
2025-12-24 10:26:03.496 [idle-monitor-exp-gateway] INFO  SERVICE_IDLE_MONITOR - ====== [SERVICE_IDLE] [exp-gateway] 系统已进入休眠，等待激活 ======
2025-12-24 10:28:03.502 [idle-monitor-exp-gateway] INFO  SERVICE_IDLE_MONITOR - ====== [SERVICE_IDLE] [exp-gateway] 系统已进入休眠，等待激活 ======
2025-12-24 10:30:03.503 [idle-monitor-exp-gateway] INFO  SERVICE_IDLE_MONITOR - ====== [SERVICE_IDLE] [exp-gateway] 系统已进入休眠，等待激活 ======
2025-12-24 10:32:03.506 [idle-monitor-exp-gateway] INFO  SERVICE_IDLE_MONITOR - ====== [SERVICE_IDLE] [exp-gateway] 系统已进入休眠，等待激活 ======
2025-12-24 10:34:33.502 [idle-monitor-exp-gateway] INFO  SERVICE_IDLE_MONITOR - ====== [SERVICE_IDLE] [exp-gateway] 系统已进入休眠，等待激活 ======
2025-12-24 10:37:03.505 [idle-monitor-exp-gateway] INFO  SERVICE_IDLE_MONITOR - ====== [SERVICE_IDLE] [exp-gateway] 系统已进入休眠，等待激活 ======
2025-12-24 10:39:33.504 [idle-monitor-exp-gateway] INFO  SERVICE_IDLE_MONITOR - ====== [SERVICE_IDLE] [exp-gateway] 系统已进入休眠，等待激活 ======
2025-12-24 10:42:03.496 [idle-monitor-exp-gateway] INFO  SERVICE_IDLE_MONITOR - ====== [SERVICE_IDLE] [exp-gateway] 系统已进入休眠，等待激活 ======
2025-12-24 10:44:33.506 [idle-monitor-exp-gateway] INFO  SERVICE_IDLE_MONITOR - ====== [SERVICE_IDLE] [exp-gateway] 系统已进入休眠，等待激活 ======
2025-12-24 10:47:03.500 [idle-monitor-exp-gateway] INFO  SERVICE_IDLE_MONITOR - ====== [SERVICE_IDLE] [exp-gateway] 系统已进入休眠，等待激活 ======
2025-12-24 10:47:46.677 [lettuce-nioEventLoop-4-4] INFO  i.l.core.protocol.CommandHandler - null Unexpected exception during request: java.net.SocketException: Connection reset
java.net.SocketException: Connection reset
	at java.base/sun.nio.ch.SocketChannelImpl.throwConnectionReset(SocketChannelImpl.java:394)
	at java.base/sun.nio.ch.SocketChannelImpl.read(SocketChannelImpl.java:426)
	at io.netty.buffer.PooledByteBuf.setBytes(PooledByteBuf.java:255)
	at io.netty.buffer.AbstractByteBuf.writeBytes(AbstractByteBuf.java:1132)
	at io.netty.channel.socket.nio.NioSocketChannel.doReadBytes(NioSocketChannel.java:357)
	at io.netty.channel.nio.AbstractNioByteChannel$NioByteUnsafe.read(AbstractNioByteChannel.java:151)
	at io.netty.channel.nio.NioEventLoop.processSelectedKey(NioEventLoop.java:788)
	at io.netty.channel.nio.NioEventLoop.processSelectedKeysOptimized(NioEventLoop.java:724)
	at io.netty.channel.nio.NioEventLoop.processSelectedKeys(NioEventLoop.java:650)
	at io.netty.channel.nio.NioEventLoop.run(NioEventLoop.java:562)
	at io.netty.util.concurrent.SingleThreadEventExecutor$4.run(SingleThreadEventExecutor.java:997)
	at io.netty.util.internal.ThreadExecutorMap$2.run(ThreadExecutorMap.java:74)
	at io.netty.util.concurrent.FastThreadLocalRunnable.run(FastThreadLocalRunnable.java:30)
	at java.base/java.lang.Thread.run(Thread.java:842)
2025-12-24 10:47:46.768 [lettuce-eventExecutorLoop-1-7] INFO  i.l.core.protocol.ConnectionWatchdog - Reconnecting, last destination was /192.168.101.128:6379
2025-12-24 10:47:46.784 [lettuce-nioEventLoop-4-5] INFO  i.l.c.protocol.ReconnectionHandler - Reconnected to 192.168.101.128/<unresolved>:6379
2025-12-24 10:50:03.497 [idle-monitor-exp-gateway] INFO  SERVICE_IDLE_MONITOR - ====== [SERVICE_IDLE] [exp-gateway] 系统已进入休眠，等待激活 ======
2025-12-24 10:52:03.506 [idle-monitor-exp-gateway] INFO  SERVICE_IDLE_MONITOR - ====== [SERVICE_IDLE] [exp-gateway] 系统已进入休眠，等待激活 ======
2025-12-24 10:52:29.655 [lettuce-nioEventLoop-4-5] INFO  i.l.core.protocol.CommandHandler - null Unexpected exception during request: java.net.SocketException: Connection reset
java.net.SocketException: Connection reset
	at java.base/sun.nio.ch.SocketChannelImpl.throwConnectionReset(SocketChannelImpl.java:394)
	at java.base/sun.nio.ch.SocketChannelImpl.read(SocketChannelImpl.java:426)
	at io.netty.buffer.PooledByteBuf.setBytes(PooledByteBuf.java:255)
	at io.netty.buffer.AbstractByteBuf.writeBytes(AbstractByteBuf.java:1132)
	at io.netty.channel.socket.nio.NioSocketChannel.doReadBytes(NioSocketChannel.java:357)
	at io.netty.channel.nio.AbstractNioByteChannel$NioByteUnsafe.read(AbstractNioByteChannel.java:151)
	at io.netty.channel.nio.NioEventLoop.processSelectedKey(NioEventLoop.java:788)
	at io.netty.channel.nio.NioEventLoop.processSelectedKeysOptimized(NioEventLoop.java:724)
	at io.netty.channel.nio.NioEventLoop.processSelectedKeys(NioEventLoop.java:650)
	at io.netty.channel.nio.NioEventLoop.run(NioEventLoop.java:562)
	at io.netty.util.concurrent.SingleThreadEventExecutor$4.run(SingleThreadEventExecutor.java:997)
	at io.netty.util.internal.ThreadExecutorMap$2.run(ThreadExecutorMap.java:74)
	at io.netty.util.concurrent.FastThreadLocalRunnable.run(FastThreadLocalRunnable.java:30)
	at java.base/java.lang.Thread.run(Thread.java:842)
2025-12-24 10:52:29.755 [lettuce-eventExecutorLoop-1-1] INFO  i.l.core.protocol.ConnectionWatchdog - Reconnecting, last destination was /192.168.101.128:6379
2025-12-24 10:52:29.765 [lettuce-nioEventLoop-4-6] INFO  i.l.c.protocol.ReconnectionHandler - Reconnected to 192.168.101.128/<unresolved>:6379
2025-12-24 10:54:14.096 [lettuce-nioEventLoop-4-6] INFO  i.l.core.protocol.CommandHandler - null Unexpected exception during request: java.net.SocketException: Connection reset
java.net.SocketException: Connection reset
	at java.base/sun.nio.ch.SocketChannelImpl.throwConnectionReset(SocketChannelImpl.java:394)
	at java.base/sun.nio.ch.SocketChannelImpl.read(SocketChannelImpl.java:426)
	at io.netty.buffer.PooledByteBuf.setBytes(PooledByteBuf.java:255)
	at io.netty.buffer.AbstractByteBuf.writeBytes(AbstractByteBuf.java:1132)
	at io.netty.channel.socket.nio.NioSocketChannel.doReadBytes(NioSocketChannel.java:357)
	at io.netty.channel.nio.AbstractNioByteChannel$NioByteUnsafe.read(AbstractNioByteChannel.java:151)
	at io.netty.channel.nio.NioEventLoop.processSelectedKey(NioEventLoop.java:788)
	at io.netty.channel.nio.NioEventLoop.processSelectedKeysOptimized(NioEventLoop.java:724)
	at io.netty.channel.nio.NioEventLoop.processSelectedKeys(NioEventLoop.java:650)
	at io.netty.channel.nio.NioEventLoop.run(NioEventLoop.java:562)
	at io.netty.util.concurrent.SingleThreadEventExecutor$4.run(SingleThreadEventExecutor.java:997)
	at io.netty.util.internal.ThreadExecutorMap$2.run(ThreadExecutorMap.java:74)
	at io.netty.util.concurrent.FastThreadLocalRunnable.run(FastThreadLocalRunnable.java:30)
	at java.base/java.lang.Thread.run(Thread.java:842)
2025-12-24 10:54:14.151 [lettuce-eventExecutorLoop-1-8] INFO  i.l.core.protocol.ConnectionWatchdog - Reconnecting, last destination was /192.168.101.128:6379
2025-12-24 10:54:14.155 [lettuce-nioEventLoop-4-7] WARN  i.l.core.protocol.ConnectionWatchdog - Cannot reconnect to [192.168.101.128/<unresolved>:6379]: Permission denied: connect: /192.168.101.128:6379
io.netty.channel.AbstractChannel$AnnotatedSocketException: Permission denied: connect: /192.168.101.128:6379
Caused by: java.net.SocketException: Permission denied: connect
	at java.base/sun.nio.ch.Net.connect0(Native Method)
	at java.base/sun.nio.ch.Net.connect(Net.java:579)
	at java.base/sun.nio.ch.Net.connect(Net.java:586)
	at java.base/sun.nio.ch.SocketChannelImpl.connect(SocketChannelImpl.java:853)
	at io.netty.util.internal.SocketUtils$3.run(SocketUtils.java:91)
	at io.netty.util.internal.SocketUtils$3.run(SocketUtils.java:88)
	at java.base/java.security.AccessController.doPrivileged(AccessController.java:569)
	at io.netty.util.internal.SocketUtils.connect(SocketUtils.java:88)
	at io.netty.channel.socket.nio.NioSocketChannel.doConnect(NioSocketChannel.java:322)
	at io.netty.channel.nio.AbstractNioChannel$AbstractNioUnsafe.connect(AbstractNioChannel.java:250)
	at io.netty.channel.DefaultChannelPipeline$HeadContext.connect(DefaultChannelPipeline.java:1342)
	at io.netty.channel.AbstractChannelHandlerContext.invokeConnect(AbstractChannelHandlerContext.java:655)
	at io.netty.channel.AbstractChannelHandlerContext.connect(AbstractChannelHandlerContext.java:634)
	at io.netty.channel.AbstractChannelHandlerContext.connect(AbstractChannelHandlerContext.java:618)
	at io.netty.channel.DefaultChannelPipeline.connect(DefaultChannelPipeline.java:978)
	at io.netty.channel.AbstractChannel.connect(AbstractChannel.java:265)
	at io.netty.bootstrap.Bootstrap$3.run(Bootstrap.java:264)
	at io.netty.util.concurrent.AbstractEventExecutor.runTask$$$capture(AbstractEventExecutor.java:173)
	at io.netty.util.concurrent.AbstractEventExecutor.runTask(AbstractEventExecutor.java)
	at io.netty.util.concurrent.AbstractEventExecutor.safeExecute$$$capture(AbstractEventExecutor.java:166)
	at io.netty.util.concurrent.AbstractEventExecutor.safeExecute(AbstractEventExecutor.java)
	at io.netty.util.concurrent.SingleThreadEventExecutor.runAllTasks(SingleThreadEventExecutor.java:470)
	at io.netty.channel.nio.NioEventLoop.run(NioEventLoop.java:569)
	at io.netty.util.concurrent.SingleThreadEventExecutor$4.run(SingleThreadEventExecutor.java:997)
	at io.netty.util.internal.ThreadExecutorMap$2.run(ThreadExecutorMap.java:74)
	at io.netty.util.concurrent.FastThreadLocalRunnable.run(FastThreadLocalRunnable.java:30)
	at java.base/java.lang.Thread.run(Thread.java:842)
2025-12-24 10:54:23.257 [lettuce-eventExecutorLoop-1-5] INFO  i.l.core.protocol.ConnectionWatchdog - Reconnecting, last destination was 192.168.101.128/<unresolved>:6379
2025-12-24 10:54:23.260 [lettuce-nioEventLoop-4-3] WARN  i.l.core.protocol.ConnectionWatchdog - Cannot reconnect to [192.168.101.128/<unresolved>:6379]: Permission denied: connect: /192.168.101.128:6379
io.netty.channel.AbstractChannel$AnnotatedSocketException: Permission denied: connect: /192.168.101.128:6379
Caused by: java.net.SocketException: Permission denied: connect
	at java.base/sun.nio.ch.Net.connect0(Native Method)
	at java.base/sun.nio.ch.Net.connect(Net.java:579)
	at java.base/sun.nio.ch.Net.connect(Net.java:586)
	at java.base/sun.nio.ch.SocketChannelImpl.connect(SocketChannelImpl.java:853)
	at io.netty.util.internal.SocketUtils$3.run(SocketUtils.java:91)
	at io.netty.util.internal.SocketUtils$3.run(SocketUtils.java:88)
	at java.base/java.security.AccessController.doPrivileged(AccessController.java:569)
	at io.netty.util.internal.SocketUtils.connect(SocketUtils.java:88)
	at io.netty.channel.socket.nio.NioSocketChannel.doConnect(NioSocketChannel.java:322)
	at io.netty.channel.nio.AbstractNioChannel$AbstractNioUnsafe.connect(AbstractNioChannel.java:250)
	at io.netty.channel.DefaultChannelPipeline$HeadContext.connect(DefaultChannelPipeline.java:1342)
	at io.netty.channel.AbstractChannelHandlerContext.invokeConnect(AbstractChannelHandlerContext.java:655)
	at io.netty.channel.AbstractChannelHandlerContext.connect(AbstractChannelHandlerContext.java:634)
	at io.netty.channel.AbstractChannelHandlerContext.connect(AbstractChannelHandlerContext.java:618)
	at io.netty.channel.DefaultChannelPipeline.connect(DefaultChannelPipeline.java:978)
	at io.netty.channel.AbstractChannel.connect(AbstractChannel.java:265)
	at io.netty.bootstrap.Bootstrap$3.run(Bootstrap.java:264)
	at io.netty.util.concurrent.AbstractEventExecutor.runTask$$$capture(AbstractEventExecutor.java:173)
	at io.netty.util.concurrent.AbstractEventExecutor.runTask(AbstractEventExecutor.java)
	at io.netty.util.concurrent.AbstractEventExecutor.safeExecute$$$capture(AbstractEventExecutor.java:166)
	at io.netty.util.concurrent.AbstractEventExecutor.safeExecute(AbstractEventExecutor.java)
	at io.netty.util.concurrent.SingleThreadEventExecutor.runAllTasks(SingleThreadEventExecutor.java:470)
	at io.netty.channel.nio.NioEventLoop.run(NioEventLoop.java:569)
	at io.netty.util.concurrent.SingleThreadEventExecutor$4.run(SingleThreadEventExecutor.java:997)
	at io.netty.util.internal.ThreadExecutorMap$2.run(ThreadExecutorMap.java:74)
	at io.netty.util.concurrent.FastThreadLocalRunnable.run(FastThreadLocalRunnable.java:30)
	at java.base/java.lang.Thread.run(Thread.java:842)
2025-12-24 10:54:31.554 [lettuce-eventExecutorLoop-1-6] INFO  i.l.core.protocol.ConnectionWatchdog - Reconnecting, last destination was 192.168.101.128/<unresolved>:6379
2025-12-24 10:54:31.555 [lettuce-nioEventLoop-4-4] WARN  i.l.core.protocol.ConnectionWatchdog - Cannot reconnect to [192.168.101.128/<unresolved>:6379]: Permission denied: connect: /192.168.101.128:6379
io.netty.channel.AbstractChannel$AnnotatedSocketException: Permission denied: connect: /192.168.101.128:6379
Caused by: java.net.SocketException: Permission denied: connect
	at java.base/sun.nio.ch.Net.connect0(Native Method)
	at java.base/sun.nio.ch.Net.connect(Net.java:579)
	at java.base/sun.nio.ch.Net.connect(Net.java:586)
	at java.base/sun.nio.ch.SocketChannelImpl.connect(SocketChannelImpl.java:853)
	at io.netty.util.internal.SocketUtils$3.run(SocketUtils.java:91)
	at io.netty.util.internal.SocketUtils$3.run(SocketUtils.java:88)
	at java.base/java.security.AccessController.doPrivileged(AccessController.java:569)
	at io.netty.util.internal.SocketUtils.connect(SocketUtils.java:88)
	at io.netty.channel.socket.nio.NioSocketChannel.doConnect(NioSocketChannel.java:322)
	at io.netty.channel.nio.AbstractNioChannel$AbstractNioUnsafe.connect(AbstractNioChannel.java:250)
	at io.netty.channel.DefaultChannelPipeline$HeadContext.connect(DefaultChannelPipeline.java:1342)
	at io.netty.channel.AbstractChannelHandlerContext.invokeConnect(AbstractChannelHandlerContext.java:655)
	at io.netty.channel.AbstractChannelHandlerContext.connect(AbstractChannelHandlerContext.java:634)
	at io.netty.channel.AbstractChannelHandlerContext.connect(AbstractChannelHandlerContext.java:618)
	at io.netty.channel.DefaultChannelPipeline.connect(DefaultChannelPipeline.java:978)
	at io.netty.channel.AbstractChannel.connect(AbstractChannel.java:265)
	at io.netty.bootstrap.Bootstrap$3.run(Bootstrap.java:264)
	at io.netty.util.concurrent.AbstractEventExecutor.runTask$$$capture(AbstractEventExecutor.java:173)
	at io.netty.util.concurrent.AbstractEventExecutor.runTask(AbstractEventExecutor.java)
	at io.netty.util.concurrent.AbstractEventExecutor.safeExecute$$$capture(AbstractEventExecutor.java:166)
	at io.netty.util.concurrent.AbstractEventExecutor.safeExecute(AbstractEventExecutor.java)
	at io.netty.util.concurrent.SingleThreadEventExecutor.runAllTasks(SingleThreadEventExecutor.java:470)
	at io.netty.channel.nio.NioEventLoop.run(NioEventLoop.java:569)
	at io.netty.util.concurrent.SingleThreadEventExecutor$4.run(SingleThreadEventExecutor.java:997)
	at io.netty.util.internal.ThreadExecutorMap$2.run(ThreadExecutorMap.java:74)
	at io.netty.util.concurrent.FastThreadLocalRunnable.run(FastThreadLocalRunnable.java:30)
	at java.base/java.lang.Thread.run(Thread.java:842)
2025-12-24 10:54:47.950 [lettuce-eventExecutorLoop-1-7] INFO  i.l.core.protocol.ConnectionWatchdog - Reconnecting, last destination was 192.168.101.128/<unresolved>:6379
2025-12-24 10:54:47.950 [lettuce-nioEventLoop-4-5] WARN  i.l.core.protocol.ConnectionWatchdog - Cannot reconnect to [192.168.101.128/<unresolved>:6379]: Permission denied: connect: /192.168.101.128:6379
io.netty.channel.AbstractChannel$AnnotatedSocketException: Permission denied: connect: /192.168.101.128:6379
Caused by: java.net.SocketException: Permission denied: connect
	at java.base/sun.nio.ch.Net.connect0(Native Method)
	at java.base/sun.nio.ch.Net.connect(Net.java:579)
	at java.base/sun.nio.ch.Net.connect(Net.java:586)
	at java.base/sun.nio.ch.SocketChannelImpl.connect(SocketChannelImpl.java:853)
	at io.netty.util.internal.SocketUtils$3.run(SocketUtils.java:91)
	at io.netty.util.internal.SocketUtils$3.run(SocketUtils.java:88)
	at java.base/java.security.AccessController.doPrivileged(AccessController.java:569)
	at io.netty.util.internal.SocketUtils.connect(SocketUtils.java:88)
	at io.netty.channel.socket.nio.NioSocketChannel.doConnect(NioSocketChannel.java:322)
	at io.netty.channel.nio.AbstractNioChannel$AbstractNioUnsafe.connect(AbstractNioChannel.java:250)
	at io.netty.channel.DefaultChannelPipeline$HeadContext.connect(DefaultChannelPipeline.java:1342)
	at io.netty.channel.AbstractChannelHandlerContext.invokeConnect(AbstractChannelHandlerContext.java:655)
	at io.netty.channel.AbstractChannelHandlerContext.connect(AbstractChannelHandlerContext.java:634)
	at io.netty.channel.AbstractChannelHandlerContext.connect(AbstractChannelHandlerContext.java:618)
	at io.netty.channel.DefaultChannelPipeline.connect(DefaultChannelPipeline.java:978)
	at io.netty.channel.AbstractChannel.connect(AbstractChannel.java:265)
	at io.netty.bootstrap.Bootstrap$3.run(Bootstrap.java:264)
	at io.netty.util.concurrent.AbstractEventExecutor.runTask$$$capture(AbstractEventExecutor.java:173)
	at io.netty.util.concurrent.AbstractEventExecutor.runTask(AbstractEventExecutor.java)
	at io.netty.util.concurrent.AbstractEventExecutor.safeExecute$$$capture(AbstractEventExecutor.java:166)
	at io.netty.util.concurrent.AbstractEventExecutor.safeExecute(AbstractEventExecutor.java)
	at io.netty.util.concurrent.SingleThreadEventExecutor.runAllTasks(SingleThreadEventExecutor.java:470)
	at io.netty.channel.nio.NioEventLoop.run(NioEventLoop.java:569)
	at io.netty.util.concurrent.SingleThreadEventExecutor$4.run(SingleThreadEventExecutor.java:997)
	at io.netty.util.internal.ThreadExecutorMap$2.run(ThreadExecutorMap.java:74)
	at io.netty.util.concurrent.FastThreadLocalRunnable.run(FastThreadLocalRunnable.java:30)
	at java.base/java.lang.Thread.run(Thread.java:842)
2025-12-24 10:55:18.054 [lettuce-eventExecutorLoop-1-3] INFO  i.l.core.protocol.ConnectionWatchdog - Reconnecting, last destination was 192.168.101.128/<unresolved>:6379
2025-12-24 10:55:18.054 [lettuce-nioEventLoop-4-6] WARN  i.l.core.protocol.ConnectionWatchdog - Cannot reconnect to [192.168.101.128/<unresolved>:6379]: Permission denied: connect: /192.168.101.128:6379
io.netty.channel.AbstractChannel$AnnotatedSocketException: Permission denied: connect: /192.168.101.128:6379
Caused by: java.net.SocketException: Permission denied: connect
	at java.base/sun.nio.ch.Net.connect0(Native Method)
	at java.base/sun.nio.ch.Net.connect(Net.java:579)
	at java.base/sun.nio.ch.Net.connect(Net.java:586)
	at java.base/sun.nio.ch.SocketChannelImpl.connect(SocketChannelImpl.java:853)
	at io.netty.util.internal.SocketUtils$3.run(SocketUtils.java:91)
	at io.netty.util.internal.SocketUtils$3.run(SocketUtils.java:88)
	at java.base/java.security.AccessController.doPrivileged(AccessController.java:569)
	at io.netty.util.internal.SocketUtils.connect(SocketUtils.java:88)
	at io.netty.channel.socket.nio.NioSocketChannel.doConnect(NioSocketChannel.java:322)
	at io.netty.channel.nio.AbstractNioChannel$AbstractNioUnsafe.connect(AbstractNioChannel.java:250)
	at io.netty.channel.DefaultChannelPipeline$HeadContext.connect(DefaultChannelPipeline.java:1342)
	at io.netty.channel.AbstractChannelHandlerContext.invokeConnect(AbstractChannelHandlerContext.java:655)
	at io.netty.channel.AbstractChannelHandlerContext.connect(AbstractChannelHandlerContext.java:634)
	at io.netty.channel.AbstractChannelHandlerContext.connect(AbstractChannelHandlerContext.java:618)
	at io.netty.channel.DefaultChannelPipeline.connect(DefaultChannelPipeline.java:978)
	at io.netty.channel.AbstractChannel.connect(AbstractChannel.java:265)
	at io.netty.bootstrap.Bootstrap$3.run(Bootstrap.java:264)
	at io.netty.util.concurrent.AbstractEventExecutor.runTask$$$capture(AbstractEventExecutor.java:173)
	at io.netty.util.concurrent.AbstractEventExecutor.runTask(AbstractEventExecutor.java)
	at io.netty.util.concurrent.AbstractEventExecutor.safeExecute$$$capture(AbstractEventExecutor.java:166)
	at io.netty.util.concurrent.AbstractEventExecutor.safeExecute(AbstractEventExecutor.java)
	at io.netty.util.concurrent.SingleThreadEventExecutor.runAllTasks(SingleThreadEventExecutor.java:470)
	at io.netty.channel.nio.NioEventLoop.run(NioEventLoop.java:569)
	at io.netty.util.concurrent.SingleThreadEventExecutor$4.run(SingleThreadEventExecutor.java:997)
	at io.netty.util.internal.ThreadExecutorMap$2.run(ThreadExecutorMap.java:74)
	at io.netty.util.concurrent.FastThreadLocalRunnable.run(FastThreadLocalRunnable.java:30)
	at java.base/java.lang.Thread.run(Thread.java:842)
2025-12-24 10:55:48.150 [lettuce-eventExecutorLoop-1-1] INFO  i.l.core.protocol.ConnectionWatchdog - Reconnecting, last destination was 192.168.101.128/<unresolved>:6379
2025-12-24 10:55:48.150 [lettuce-nioEventLoop-4-7] WARN  i.l.core.protocol.ConnectionWatchdog - Cannot reconnect to [192.168.101.128/<unresolved>:6379]: Permission denied: connect: /192.168.101.128:6379
io.netty.channel.AbstractChannel$AnnotatedSocketException: Permission denied: connect: /192.168.101.128:6379
Caused by: java.net.SocketException: Permission denied: connect
	at java.base/sun.nio.ch.Net.connect0(Native Method)
	at java.base/sun.nio.ch.Net.connect(Net.java:579)
	at java.base/sun.nio.ch.Net.connect(Net.java:586)
	at java.base/sun.nio.ch.SocketChannelImpl.connect(SocketChannelImpl.java:853)
	at io.netty.util.internal.SocketUtils$3.run(SocketUtils.java:91)
	at io.netty.util.internal.SocketUtils$3.run(SocketUtils.java:88)
	at java.base/java.security.AccessController.doPrivileged(AccessController.java:569)
	at io.netty.util.internal.SocketUtils.connect(SocketUtils.java:88)
	at io.netty.channel.socket.nio.NioSocketChannel.doConnect(NioSocketChannel.java:322)
	at io.netty.channel.nio.AbstractNioChannel$AbstractNioUnsafe.connect(AbstractNioChannel.java:250)
	at io.netty.channel.DefaultChannelPipeline$HeadContext.connect(DefaultChannelPipeline.java:1342)
	at io.netty.channel.AbstractChannelHandlerContext.invokeConnect(AbstractChannelHandlerContext.java:655)
	at io.netty.channel.AbstractChannelHandlerContext.connect(AbstractChannelHandlerContext.java:634)
	at io.netty.channel.AbstractChannelHandlerContext.connect(AbstractChannelHandlerContext.java:618)
	at io.netty.channel.DefaultChannelPipeline.connect(DefaultChannelPipeline.java:978)
	at io.netty.channel.AbstractChannel.connect(AbstractChannel.java:265)
	at io.netty.bootstrap.Bootstrap$3.run(Bootstrap.java:264)
	at io.netty.util.concurrent.AbstractEventExecutor.runTask$$$capture(AbstractEventExecutor.java:173)
	at io.netty.util.concurrent.AbstractEventExecutor.runTask(AbstractEventExecutor.java)
	at io.netty.util.concurrent.AbstractEventExecutor.safeExecute$$$capture(AbstractEventExecutor.java:166)
	at io.netty.util.concurrent.AbstractEventExecutor.safeExecute(AbstractEventExecutor.java)
	at io.netty.util.concurrent.SingleThreadEventExecutor.runAllTasks(SingleThreadEventExecutor.java:470)
	at io.netty.channel.nio.NioEventLoop.run(NioEventLoop.java:569)
	at io.netty.util.concurrent.SingleThreadEventExecutor$4.run(SingleThreadEventExecutor.java:997)
	at io.netty.util.internal.ThreadExecutorMap$2.run(ThreadExecutorMap.java:74)
	at io.netty.util.concurrent.FastThreadLocalRunnable.run(FastThreadLocalRunnable.java:30)
	at java.base/java.lang.Thread.run(Thread.java:842)
2025-12-24 10:56:18.258 [lettuce-eventExecutorLoop-1-2] INFO  i.l.core.protocol.ConnectionWatchdog - Reconnecting, last destination was 192.168.101.128/<unresolved>:6379
2025-12-24 10:56:18.258 [lettuce-nioEventLoop-4-8] WARN  i.l.core.protocol.ConnectionWatchdog - Cannot reconnect to [192.168.101.128/<unresolved>:6379]: Permission denied: connect: /192.168.101.128:6379
io.netty.channel.AbstractChannel$AnnotatedSocketException: Permission denied: connect: /192.168.101.128:6379
Caused by: java.net.SocketException: Permission denied: connect
	at java.base/sun.nio.ch.Net.connect0(Native Method)
	at java.base/sun.nio.ch.Net.connect(Net.java:579)
	at java.base/sun.nio.ch.Net.connect(Net.java:586)
	at java.base/sun.nio.ch.SocketChannelImpl.connect(SocketChannelImpl.java:853)
	at io.netty.util.internal.SocketUtils$3.run(SocketUtils.java:91)
	at io.netty.util.internal.SocketUtils$3.run(SocketUtils.java:88)
	at java.base/java.security.AccessController.doPrivileged(AccessController.java:569)
	at io.netty.util.internal.SocketUtils.connect(SocketUtils.java:88)
	at io.netty.channel.socket.nio.NioSocketChannel.doConnect(NioSocketChannel.java:322)
	at io.netty.channel.nio.AbstractNioChannel$AbstractNioUnsafe.connect(AbstractNioChannel.java:250)
	at io.netty.channel.DefaultChannelPipeline$HeadContext.connect(DefaultChannelPipeline.java:1342)
	at io.netty.channel.AbstractChannelHandlerContext.invokeConnect(AbstractChannelHandlerContext.java:655)
	at io.netty.channel.AbstractChannelHandlerContext.connect(AbstractChannelHandlerContext.java:634)
	at io.netty.channel.AbstractChannelHandlerContext.connect(AbstractChannelHandlerContext.java:618)
	at io.netty.channel.DefaultChannelPipeline.connect(DefaultChannelPipeline.java:978)
	at io.netty.channel.AbstractChannel.connect(AbstractChannel.java:265)
	at io.netty.bootstrap.Bootstrap$3.run(Bootstrap.java:264)
	at io.netty.util.concurrent.AbstractEventExecutor.runTask$$$capture(AbstractEventExecutor.java:173)
	at io.netty.util.concurrent.AbstractEventExecutor.runTask(AbstractEventExecutor.java)
	at io.netty.util.concurrent.AbstractEventExecutor.safeExecute$$$capture(AbstractEventExecutor.java:166)
	at io.netty.util.concurrent.AbstractEventExecutor.safeExecute(AbstractEventExecutor.java)
	at io.netty.util.concurrent.SingleThreadEventExecutor.runAllTasks(SingleThreadEventExecutor.java:470)
	at io.netty.channel.nio.NioEventLoop.run(NioEventLoop.java:569)
	at io.netty.util.concurrent.SingleThreadEventExecutor$4.run(SingleThreadEventExecutor.java:997)
	at io.netty.util.internal.ThreadExecutorMap$2.run(ThreadExecutorMap.java:74)
	at io.netty.util.concurrent.FastThreadLocalRunnable.run(FastThreadLocalRunnable.java:30)
	at java.base/java.lang.Thread.run(Thread.java:842)
2025-12-24 10:56:48.352 [lettuce-eventExecutorLoop-1-4] INFO  i.l.core.protocol.ConnectionWatchdog - Reconnecting, last destination was 192.168.101.128/<unresolved>:6379
2025-12-24 10:56:48.352 [lettuce-nioEventLoop-4-1] WARN  i.l.core.protocol.ConnectionWatchdog - Cannot reconnect to [192.168.101.128/<unresolved>:6379]: Permission denied: connect: /192.168.101.128:6379
io.netty.channel.AbstractChannel$AnnotatedSocketException: Permission denied: connect: /192.168.101.128:6379
Caused by: java.net.SocketException: Permission denied: connect
	at java.base/sun.nio.ch.Net.connect0(Native Method)
	at java.base/sun.nio.ch.Net.connect(Net.java:579)
	at java.base/sun.nio.ch.Net.connect(Net.java:586)
	at java.base/sun.nio.ch.SocketChannelImpl.connect(SocketChannelImpl.java:853)
	at io.netty.util.internal.SocketUtils$3.run(SocketUtils.java:91)
	at io.netty.util.internal.SocketUtils$3.run(SocketUtils.java:88)
	at java.base/java.security.AccessController.doPrivileged(AccessController.java:569)
	at io.netty.util.internal.SocketUtils.connect(SocketUtils.java:88)
	at io.netty.channel.socket.nio.NioSocketChannel.doConnect(NioSocketChannel.java:322)
	at io.netty.channel.nio.AbstractNioChannel$AbstractNioUnsafe.connect(AbstractNioChannel.java:250)
	at io.netty.channel.DefaultChannelPipeline$HeadContext.connect(DefaultChannelPipeline.java:1342)
	at io.netty.channel.AbstractChannelHandlerContext.invokeConnect(AbstractChannelHandlerContext.java:655)
	at io.netty.channel.AbstractChannelHandlerContext.connect(AbstractChannelHandlerContext.java:634)
	at io.netty.channel.AbstractChannelHandlerContext.connect(AbstractChannelHandlerContext.java:618)
	at io.netty.channel.DefaultChannelPipeline.connect(DefaultChannelPipeline.java:978)
	at io.netty.channel.AbstractChannel.connect(AbstractChannel.java:265)
	at io.netty.bootstrap.Bootstrap$3.run(Bootstrap.java:264)
	at io.netty.util.concurrent.AbstractEventExecutor.runTask$$$capture(AbstractEventExecutor.java:173)
	at io.netty.util.concurrent.AbstractEventExecutor.runTask(AbstractEventExecutor.java)
	at io.netty.util.concurrent.AbstractEventExecutor.safeExecute$$$capture(AbstractEventExecutor.java:166)
	at io.netty.util.concurrent.AbstractEventExecutor.safeExecute(AbstractEventExecutor.java)
	at io.netty.util.concurrent.SingleThreadEventExecutor.runAllTasks(SingleThreadEventExecutor.java:470)
	at io.netty.channel.nio.NioEventLoop.run(NioEventLoop.java:569)
	at io.netty.util.concurrent.SingleThreadEventExecutor$4.run(SingleThreadEventExecutor.java:997)
	at io.netty.util.internal.ThreadExecutorMap$2.run(ThreadExecutorMap.java:74)
	at io.netty.util.concurrent.FastThreadLocalRunnable.run(FastThreadLocalRunnable.java:30)
	at java.base/java.lang.Thread.run(Thread.java:842)
2025-12-24 10:57:18.451 [lettuce-eventExecutorLoop-1-6] INFO  i.l.core.protocol.ConnectionWatchdog - Reconnecting, last destination was 192.168.101.128/<unresolved>:6379
2025-12-24 10:57:18.466 [lettuce-nioEventLoop-4-2] INFO  i.l.c.protocol.ReconnectionHandler - Reconnected to 192.168.101.128/<unresolved>:6379
2025-12-24 10:59:33.502 [idle-monitor-exp-gateway] INFO  SERVICE_IDLE_MONITOR - ====== [SERVICE_IDLE] [exp-gateway] 系统已进入休眠，等待激活 ======
2025-12-24 11:01:33.503 [idle-monitor-exp-gateway] INFO  SERVICE_IDLE_MONITOR - ====== [SERVICE_IDLE] [exp-gateway] 系统已进入休眠，等待激活 ======
2025-12-24 11:03:33.509 [idle-monitor-exp-gateway] INFO  SERVICE_IDLE_MONITOR - ====== [SERVICE_IDLE] [exp-gateway] 系统已进入休眠，等待激活 ======
2025-12-24 11:06:03.507 [idle-monitor-exp-gateway] INFO  SERVICE_IDLE_MONITOR - ====== [SERVICE_IDLE] [exp-gateway] 系统已进入休眠，等待激活 ======
2025-12-24 11:08:33.501 [idle-monitor-exp-gateway] INFO  SERVICE_IDLE_MONITOR - ====== [SERVICE_IDLE] [exp-gateway] 系统已进入休眠，等待激活 ======
2025-12-24 11:10:33.505 [idle-monitor-exp-gateway] INFO  SERVICE_IDLE_MONITOR - ====== [SERVICE_IDLE] [exp-gateway] 系统已进入休眠，等待激活 ======
2025-12-24 11:12:33.508 [idle-monitor-exp-gateway] INFO  SERVICE_IDLE_MONITOR - ====== [SERVICE_IDLE] [exp-gateway] 系统已进入休眠，等待激活 ======
2025-12-24 11:15:03.500 [idle-monitor-exp-gateway] INFO  SERVICE_IDLE_MONITOR - ====== [SERVICE_IDLE] [exp-gateway] 系统已进入休眠，等待激活 ======
2025-12-24 11:17:33.497 [idle-monitor-exp-gateway] INFO  SERVICE_IDLE_MONITOR - ====== [SERVICE_IDLE] [exp-gateway] 系统已进入休眠，等待激活 ======
2025-12-24 11:19:33.503 [idle-monitor-exp-gateway] INFO  SERVICE_IDLE_MONITOR - ====== [SERVICE_IDLE] [exp-gateway] 系统已进入休眠，等待激活 ======
2025-12-24 11:22:03.508 [idle-monitor-exp-gateway] INFO  SERVICE_IDLE_MONITOR - ====== [SERVICE_IDLE] [exp-gateway] 系统已进入休眠，等待激活 ======
2025-12-24 11:24:33.502 [idle-monitor-exp-gateway] INFO  SERVICE_IDLE_MONITOR - ====== [SERVICE_IDLE] [exp-gateway] 系统已进入休眠，等待激活 ======
2025-12-24 11:26:33.503 [idle-monitor-exp-gateway] INFO  SERVICE_IDLE_MONITOR - ====== [SERVICE_IDLE] [exp-gateway] 系统已进入休眠，等待激活 ======
2025-12-24 11:26:44.689 [lettuce-nioEventLoop-4-2] INFO  i.l.core.protocol.CommandHandler - null Unexpected exception during request: java.net.SocketException: Connection reset
java.net.SocketException: Connection reset
	at java.base/sun.nio.ch.SocketChannelImpl.throwConnectionReset(SocketChannelImpl.java:394)
	at java.base/sun.nio.ch.SocketChannelImpl.read(SocketChannelImpl.java:426)
	at io.netty.buffer.PooledByteBuf.setBytes(PooledByteBuf.java:255)
	at io.netty.buffer.AbstractByteBuf.writeBytes(AbstractByteBuf.java:1132)
	at io.netty.channel.socket.nio.NioSocketChannel.doReadBytes(NioSocketChannel.java:357)
	at io.netty.channel.nio.AbstractNioByteChannel$NioByteUnsafe.read(AbstractNioByteChannel.java:151)
	at io.netty.channel.nio.NioEventLoop.processSelectedKey(NioEventLoop.java:788)
	at io.netty.channel.nio.NioEventLoop.processSelectedKeysOptimized(NioEventLoop.java:724)
	at io.netty.channel.nio.NioEventLoop.processSelectedKeys(NioEventLoop.java:650)
	at io.netty.channel.nio.NioEventLoop.run(NioEventLoop.java:562)
	at io.netty.util.concurrent.SingleThreadEventExecutor$4.run(SingleThreadEventExecutor.java:997)
	at io.netty.util.internal.ThreadExecutorMap$2.run(ThreadExecutorMap.java:74)
	at io.netty.util.concurrent.FastThreadLocalRunnable.run(FastThreadLocalRunnable.java:30)
	at java.base/java.lang.Thread.run(Thread.java:842)
2025-12-24 11:26:44.751 [lettuce-eventExecutorLoop-1-1] INFO  i.l.core.protocol.ConnectionWatchdog - Reconnecting, last destination was /192.168.101.128:6379
2025-12-24 11:26:44.754 [lettuce-nioEventLoop-4-3] WARN  i.l.core.protocol.ConnectionWatchdog - Cannot reconnect to [192.168.101.128/<unresolved>:6379]: Permission denied: connect: /192.168.101.128:6379
io.netty.channel.AbstractChannel$AnnotatedSocketException: Permission denied: connect: /192.168.101.128:6379
Caused by: java.net.SocketException: Permission denied: connect
	at java.base/sun.nio.ch.Net.connect0(Native Method)
	at java.base/sun.nio.ch.Net.connect(Net.java:579)
	at java.base/sun.nio.ch.Net.connect(Net.java:586)
	at java.base/sun.nio.ch.SocketChannelImpl.connect(SocketChannelImpl.java:853)
	at io.netty.util.internal.SocketUtils$3.run(SocketUtils.java:91)
	at io.netty.util.internal.SocketUtils$3.run(SocketUtils.java:88)
	at java.base/java.security.AccessController.doPrivileged(AccessController.java:569)
	at io.netty.util.internal.SocketUtils.connect(SocketUtils.java:88)
	at io.netty.channel.socket.nio.NioSocketChannel.doConnect(NioSocketChannel.java:322)
	at io.netty.channel.nio.AbstractNioChannel$AbstractNioUnsafe.connect(AbstractNioChannel.java:250)
	at io.netty.channel.DefaultChannelPipeline$HeadContext.connect(DefaultChannelPipeline.java:1342)
	at io.netty.channel.AbstractChannelHandlerContext.invokeConnect(AbstractChannelHandlerContext.java:655)
	at io.netty.channel.AbstractChannelHandlerContext.connect(AbstractChannelHandlerContext.java:634)
	at io.netty.channel.AbstractChannelHandlerContext.connect(AbstractChannelHandlerContext.java:618)
	at io.netty.channel.DefaultChannelPipeline.connect(DefaultChannelPipeline.java:978)
	at io.netty.channel.AbstractChannel.connect(AbstractChannel.java:265)
	at io.netty.bootstrap.Bootstrap$3.run(Bootstrap.java:264)
	at io.netty.util.concurrent.AbstractEventExecutor.runTask$$$capture(AbstractEventExecutor.java:173)
	at io.netty.util.concurrent.AbstractEventExecutor.runTask(AbstractEventExecutor.java)
	at io.netty.util.concurrent.AbstractEventExecutor.safeExecute$$$capture(AbstractEventExecutor.java:166)
	at io.netty.util.concurrent.AbstractEventExecutor.safeExecute(AbstractEventExecutor.java)
	at io.netty.util.concurrent.SingleThreadEventExecutor.runAllTasks(SingleThreadEventExecutor.java:470)
	at io.netty.channel.nio.NioEventLoop.run(NioEventLoop.java:569)
	at io.netty.util.concurrent.SingleThreadEventExecutor$4.run(SingleThreadEventExecutor.java:997)
	at io.netty.util.internal.ThreadExecutorMap$2.run(ThreadExecutorMap.java:74)
	at io.netty.util.concurrent.FastThreadLocalRunnable.run(FastThreadLocalRunnable.java:30)
	at java.base/java.lang.Thread.run(Thread.java:842)
2025-12-24 11:26:53.853 [lettuce-eventExecutorLoop-1-4] INFO  i.l.core.protocol.ConnectionWatchdog - Reconnecting, last destination was 192.168.101.128/<unresolved>:6379
2025-12-24 11:26:53.856 [lettuce-nioEventLoop-4-7] WARN  i.l.core.protocol.ConnectionWatchdog - Cannot reconnect to [192.168.101.128/<unresolved>:6379]: Permission denied: connect: /192.168.101.128:6379
io.netty.channel.AbstractChannel$AnnotatedSocketException: Permission denied: connect: /192.168.101.128:6379
Caused by: java.net.SocketException: Permission denied: connect
	at java.base/sun.nio.ch.Net.connect0(Native Method)
	at java.base/sun.nio.ch.Net.connect(Net.java:579)
	at java.base/sun.nio.ch.Net.connect(Net.java:586)
	at java.base/sun.nio.ch.SocketChannelImpl.connect(SocketChannelImpl.java:853)
	at io.netty.util.internal.SocketUtils$3.run(SocketUtils.java:91)
	at io.netty.util.internal.SocketUtils$3.run(SocketUtils.java:88)
	at java.base/java.security.AccessController.doPrivileged(AccessController.java:569)
	at io.netty.util.internal.SocketUtils.connect(SocketUtils.java:88)
	at io.netty.channel.socket.nio.NioSocketChannel.doConnect(NioSocketChannel.java:322)
	at io.netty.channel.nio.AbstractNioChannel$AbstractNioUnsafe.connect(AbstractNioChannel.java:250)
	at io.netty.channel.DefaultChannelPipeline$HeadContext.connect(DefaultChannelPipeline.java:1342)
	at io.netty.channel.AbstractChannelHandlerContext.invokeConnect(AbstractChannelHandlerContext.java:655)
	at io.netty.channel.AbstractChannelHandlerContext.connect(AbstractChannelHandlerContext.java:634)
	at io.netty.channel.AbstractChannelHandlerContext.connect(AbstractChannelHandlerContext.java:618)
	at io.netty.channel.DefaultChannelPipeline.connect(DefaultChannelPipeline.java:978)
	at io.netty.channel.AbstractChannel.connect(AbstractChannel.java:265)
	at io.netty.bootstrap.Bootstrap$3.run(Bootstrap.java:264)
	at io.netty.util.concurrent.AbstractEventExecutor.runTask$$$capture(AbstractEventExecutor.java:173)
	at io.netty.util.concurrent.AbstractEventExecutor.runTask(AbstractEventExecutor.java)
	at io.netty.util.concurrent.AbstractEventExecutor.safeExecute$$$capture(AbstractEventExecutor.java:166)
	at io.netty.util.concurrent.AbstractEventExecutor.safeExecute(AbstractEventExecutor.java)
	at io.netty.util.concurrent.SingleThreadEventExecutor.runAllTasks(SingleThreadEventExecutor.java:470)
	at io.netty.channel.nio.NioEventLoop.run(NioEventLoop.java:569)
	at io.netty.util.concurrent.SingleThreadEventExecutor$4.run(SingleThreadEventExecutor.java:997)
	at io.netty.util.internal.ThreadExecutorMap$2.run(ThreadExecutorMap.java:74)
	at io.netty.util.concurrent.FastThreadLocalRunnable.run(FastThreadLocalRunnable.java:30)
	at java.base/java.lang.Thread.run(Thread.java:842)
2025-12-24 11:27:02.060 [lettuce-eventExecutorLoop-1-5] INFO  i.l.core.protocol.ConnectionWatchdog - Reconnecting, last destination was 192.168.101.128/<unresolved>:6379
2025-12-24 11:27:02.063 [lettuce-nioEventLoop-4-8] WARN  i.l.core.protocol.ConnectionWatchdog - Cannot reconnect to [192.168.101.128/<unresolved>:6379]: Permission denied: connect: /192.168.101.128:6379
io.netty.channel.AbstractChannel$AnnotatedSocketException: Permission denied: connect: /192.168.101.128:6379
Caused by: java.net.SocketException: Permission denied: connect
	at java.base/sun.nio.ch.Net.connect0(Native Method)
	at java.base/sun.nio.ch.Net.connect(Net.java:579)
	at java.base/sun.nio.ch.Net.connect(Net.java:586)
	at java.base/sun.nio.ch.SocketChannelImpl.connect(SocketChannelImpl.java:853)
	at io.netty.util.internal.SocketUtils$3.run(SocketUtils.java:91)
	at io.netty.util.internal.SocketUtils$3.run(SocketUtils.java:88)
	at java.base/java.security.AccessController.doPrivileged(AccessController.java:569)
	at io.netty.util.internal.SocketUtils.connect(SocketUtils.java:88)
	at io.netty.channel.socket.nio.NioSocketChannel.doConnect(NioSocketChannel.java:322)
	at io.netty.channel.nio.AbstractNioChannel$AbstractNioUnsafe.connect(AbstractNioChannel.java:250)
	at io.netty.channel.DefaultChannelPipeline$HeadContext.connect(DefaultChannelPipeline.java:1342)
	at io.netty.channel.AbstractChannelHandlerContext.invokeConnect(AbstractChannelHandlerContext.java:655)
	at io.netty.channel.AbstractChannelHandlerContext.connect(AbstractChannelHandlerContext.java:634)
	at io.netty.channel.AbstractChannelHandlerContext.connect(AbstractChannelHandlerContext.java:618)
	at io.netty.channel.DefaultChannelPipeline.connect(DefaultChannelPipeline.java:978)
	at io.netty.channel.AbstractChannel.connect(AbstractChannel.java:265)
	at io.netty.bootstrap.Bootstrap$3.run(Bootstrap.java:264)
	at io.netty.util.concurrent.AbstractEventExecutor.runTask$$$capture(AbstractEventExecutor.java:173)
	at io.netty.util.concurrent.AbstractEventExecutor.runTask(AbstractEventExecutor.java)
	at io.netty.util.concurrent.AbstractEventExecutor.safeExecute$$$capture(AbstractEventExecutor.java:166)
	at io.netty.util.concurrent.AbstractEventExecutor.safeExecute(AbstractEventExecutor.java)
	at io.netty.util.concurrent.SingleThreadEventExecutor.runAllTasks(SingleThreadEventExecutor.java:470)
	at io.netty.channel.nio.NioEventLoop.run(NioEventLoop.java:569)
	at io.netty.util.concurrent.SingleThreadEventExecutor$4.run(SingleThreadEventExecutor.java:997)
	at io.netty.util.internal.ThreadExecutorMap$2.run(ThreadExecutorMap.java:74)
	at io.netty.util.concurrent.FastThreadLocalRunnable.run(FastThreadLocalRunnable.java:30)
	at java.base/java.lang.Thread.run(Thread.java:842)
2025-12-24 11:27:18.464 [lettuce-eventExecutorLoop-1-6] INFO  i.l.core.protocol.ConnectionWatchdog - Reconnecting, last destination was 192.168.101.128/<unresolved>:6379
2025-12-24 11:27:18.468 [lettuce-nioEventLoop-4-1] WARN  i.l.core.protocol.ConnectionWatchdog - Cannot reconnect to [192.168.101.128/<unresolved>:6379]: Permission denied: connect: /192.168.101.128:6379
io.netty.channel.AbstractChannel$AnnotatedSocketException: Permission denied: connect: /192.168.101.128:6379
Caused by: java.net.SocketException: Permission denied: connect
	at java.base/sun.nio.ch.Net.connect0(Native Method)
	at java.base/sun.nio.ch.Net.connect(Net.java:579)
	at java.base/sun.nio.ch.Net.connect(Net.java:586)
	at java.base/sun.nio.ch.SocketChannelImpl.connect(SocketChannelImpl.java:853)
	at io.netty.util.internal.SocketUtils$3.run(SocketUtils.java:91)
	at io.netty.util.internal.SocketUtils$3.run(SocketUtils.java:88)
	at java.base/java.security.AccessController.doPrivileged(AccessController.java:569)
	at io.netty.util.internal.SocketUtils.connect(SocketUtils.java:88)
	at io.netty.channel.socket.nio.NioSocketChannel.doConnect(NioSocketChannel.java:322)
	at io.netty.channel.nio.AbstractNioChannel$AbstractNioUnsafe.connect(AbstractNioChannel.java:250)
	at io.netty.channel.DefaultChannelPipeline$HeadContext.connect(DefaultChannelPipeline.java:1342)
	at io.netty.channel.AbstractChannelHandlerContext.invokeConnect(AbstractChannelHandlerContext.java:655)
	at io.netty.channel.AbstractChannelHandlerContext.connect(AbstractChannelHandlerContext.java:634)
	at io.netty.channel.AbstractChannelHandlerContext.connect(AbstractChannelHandlerContext.java:618)
	at io.netty.channel.DefaultChannelPipeline.connect(DefaultChannelPipeline.java:978)
	at io.netty.channel.AbstractChannel.connect(AbstractChannel.java:265)
	at io.netty.bootstrap.Bootstrap$3.run(Bootstrap.java:264)
	at io.netty.util.concurrent.AbstractEventExecutor.runTask$$$capture(AbstractEventExecutor.java:173)
	at io.netty.util.concurrent.AbstractEventExecutor.runTask(AbstractEventExecutor.java)
	at io.netty.util.concurrent.AbstractEventExecutor.safeExecute$$$capture(AbstractEventExecutor.java:166)
	at io.netty.util.concurrent.AbstractEventExecutor.safeExecute(AbstractEventExecutor.java)
	at io.netty.util.concurrent.SingleThreadEventExecutor.runAllTasks(SingleThreadEventExecutor.java:470)
	at io.netty.channel.nio.NioEventLoop.run(NioEventLoop.java:569)
	at io.netty.util.concurrent.SingleThreadEventExecutor$4.run(SingleThreadEventExecutor.java:997)
	at io.netty.util.internal.ThreadExecutorMap$2.run(ThreadExecutorMap.java:74)
	at io.netty.util.concurrent.FastThreadLocalRunnable.run(FastThreadLocalRunnable.java:30)
	at java.base/java.lang.Thread.run(Thread.java:842)
2025-12-24 11:27:48.563 [lettuce-eventExecutorLoop-1-2] INFO  i.l.core.protocol.ConnectionWatchdog - Reconnecting, last destination was 192.168.101.128/<unresolved>:6379
2025-12-24 11:27:48.565 [lettuce-nioEventLoop-4-2] WARN  i.l.core.protocol.ConnectionWatchdog - Cannot reconnect to [192.168.101.128/<unresolved>:6379]: Permission denied: connect: /192.168.101.128:6379
io.netty.channel.AbstractChannel$AnnotatedSocketException: Permission denied: connect: /192.168.101.128:6379
Caused by: java.net.SocketException: Permission denied: connect
	at java.base/sun.nio.ch.Net.connect0(Native Method)
	at java.base/sun.nio.ch.Net.connect(Net.java:579)
	at java.base/sun.nio.ch.Net.connect(Net.java:586)
	at java.base/sun.nio.ch.SocketChannelImpl.connect(SocketChannelImpl.java:853)
	at io.netty.util.internal.SocketUtils$3.run(SocketUtils.java:91)
	at io.netty.util.internal.SocketUtils$3.run(SocketUtils.java:88)
	at java.base/java.security.AccessController.doPrivileged(AccessController.java:569)
	at io.netty.util.internal.SocketUtils.connect(SocketUtils.java:88)
	at io.netty.channel.socket.nio.NioSocketChannel.doConnect(NioSocketChannel.java:322)
	at io.netty.channel.nio.AbstractNioChannel$AbstractNioUnsafe.connect(AbstractNioChannel.java:250)
	at io.netty.channel.DefaultChannelPipeline$HeadContext.connect(DefaultChannelPipeline.java:1342)
	at io.netty.channel.AbstractChannelHandlerContext.invokeConnect(AbstractChannelHandlerContext.java:655)
	at io.netty.channel.AbstractChannelHandlerContext.connect(AbstractChannelHandlerContext.java:634)
	at io.netty.channel.AbstractChannelHandlerContext.connect(AbstractChannelHandlerContext.java:618)
	at io.netty.channel.DefaultChannelPipeline.connect(DefaultChannelPipeline.java:978)
	at io.netty.channel.AbstractChannel.connect(AbstractChannel.java:265)
	at io.netty.bootstrap.Bootstrap$3.run(Bootstrap.java:264)
	at io.netty.util.concurrent.AbstractEventExecutor.runTask$$$capture(AbstractEventExecutor.java:173)
	at io.netty.util.concurrent.AbstractEventExecutor.runTask(AbstractEventExecutor.java)
	at io.netty.util.concurrent.AbstractEventExecutor.safeExecute$$$capture(AbstractEventExecutor.java:166)
	at io.netty.util.concurrent.AbstractEventExecutor.safeExecute(AbstractEventExecutor.java)
	at io.netty.util.concurrent.SingleThreadEventExecutor.runAllTasks(SingleThreadEventExecutor.java:470)
	at io.netty.channel.nio.NioEventLoop.run(NioEventLoop.java:569)
	at io.netty.util.concurrent.SingleThreadEventExecutor$4.run(SingleThreadEventExecutor.java:997)
	at io.netty.util.internal.ThreadExecutorMap$2.run(ThreadExecutorMap.java:74)
	at io.netty.util.concurrent.FastThreadLocalRunnable.run(FastThreadLocalRunnable.java:30)
	at java.base/java.lang.Thread.run(Thread.java:842)
2025-12-24 11:28:18.656 [lettuce-eventExecutorLoop-1-7] INFO  i.l.core.protocol.ConnectionWatchdog - Reconnecting, last destination was 192.168.101.128/<unresolved>:6379
2025-12-24 11:28:18.658 [lettuce-nioEventLoop-4-3] WARN  i.l.core.protocol.ConnectionWatchdog - Cannot reconnect to [192.168.101.128/<unresolved>:6379]: Permission denied: connect: /192.168.101.128:6379
io.netty.channel.AbstractChannel$AnnotatedSocketException: Permission denied: connect: /192.168.101.128:6379
Caused by: java.net.SocketException: Permission denied: connect
	at java.base/sun.nio.ch.Net.connect0(Native Method)
	at java.base/sun.nio.ch.Net.connect(Net.java:579)
	at java.base/sun.nio.ch.Net.connect(Net.java:586)
	at java.base/sun.nio.ch.SocketChannelImpl.connect(SocketChannelImpl.java:853)
	at io.netty.util.internal.SocketUtils$3.run(SocketUtils.java:91)
	at io.netty.util.internal.SocketUtils$3.run(SocketUtils.java:88)
	at java.base/java.security.AccessController.doPrivileged(AccessController.java:569)
	at io.netty.util.internal.SocketUtils.connect(SocketUtils.java:88)
	at io.netty.channel.socket.nio.NioSocketChannel.doConnect(NioSocketChannel.java:322)
	at io.netty.channel.nio.AbstractNioChannel$AbstractNioUnsafe.connect(AbstractNioChannel.java:250)
	at io.netty.channel.DefaultChannelPipeline$HeadContext.connect(DefaultChannelPipeline.java:1342)
	at io.netty.channel.AbstractChannelHandlerContext.invokeConnect(AbstractChannelHandlerContext.java:655)
	at io.netty.channel.AbstractChannelHandlerContext.connect(AbstractChannelHandlerContext.java:634)
	at io.netty.channel.AbstractChannelHandlerContext.connect(AbstractChannelHandlerContext.java:618)
	at io.netty.channel.DefaultChannelPipeline.connect(DefaultChannelPipeline.java:978)
	at io.netty.channel.AbstractChannel.connect(AbstractChannel.java:265)
	at io.netty.bootstrap.Bootstrap$3.run(Bootstrap.java:264)
	at io.netty.util.concurrent.AbstractEventExecutor.runTask$$$capture(AbstractEventExecutor.java:173)
	at io.netty.util.concurrent.AbstractEventExecutor.runTask(AbstractEventExecutor.java)
	at io.netty.util.concurrent.AbstractEventExecutor.safeExecute$$$capture(AbstractEventExecutor.java:166)
	at io.netty.util.concurrent.AbstractEventExecutor.safeExecute(AbstractEventExecutor.java)
	at io.netty.util.concurrent.SingleThreadEventExecutor.runAllTasks(SingleThreadEventExecutor.java:470)
	at io.netty.channel.nio.NioEventLoop.run(NioEventLoop.java:569)
	at io.netty.util.concurrent.SingleThreadEventExecutor$4.run(SingleThreadEventExecutor.java:997)
	at io.netty.util.internal.ThreadExecutorMap$2.run(ThreadExecutorMap.java:74)
	at io.netty.util.concurrent.FastThreadLocalRunnable.run(FastThreadLocalRunnable.java:30)
	at java.base/java.lang.Thread.run(Thread.java:842)
2025-12-24 11:28:48.750 [lettuce-eventExecutorLoop-1-8] INFO  i.l.core.protocol.ConnectionWatchdog - Reconnecting, last destination was 192.168.101.128/<unresolved>:6379
2025-12-24 11:28:48.754 [lettuce-nioEventLoop-4-4] WARN  i.l.core.protocol.ConnectionWatchdog - Cannot reconnect to [192.168.101.128/<unresolved>:6379]: Permission denied: connect: /192.168.101.128:6379
io.netty.channel.AbstractChannel$AnnotatedSocketException: Permission denied: connect: /192.168.101.128:6379
Caused by: java.net.SocketException: Permission denied: connect
	at java.base/sun.nio.ch.Net.connect0(Native Method)
	at java.base/sun.nio.ch.Net.connect(Net.java:579)
	at java.base/sun.nio.ch.Net.connect(Net.java:586)
	at java.base/sun.nio.ch.SocketChannelImpl.connect(SocketChannelImpl.java:853)
	at io.netty.util.internal.SocketUtils$3.run(SocketUtils.java:91)
	at io.netty.util.internal.SocketUtils$3.run(SocketUtils.java:88)
	at java.base/java.security.AccessController.doPrivileged(AccessController.java:569)
	at io.netty.util.internal.SocketUtils.connect(SocketUtils.java:88)
	at io.netty.channel.socket.nio.NioSocketChannel.doConnect(NioSocketChannel.java:322)
	at io.netty.channel.nio.AbstractNioChannel$AbstractNioUnsafe.connect(AbstractNioChannel.java:250)
	at io.netty.channel.DefaultChannelPipeline$HeadContext.connect(DefaultChannelPipeline.java:1342)
	at io.netty.channel.AbstractChannelHandlerContext.invokeConnect(AbstractChannelHandlerContext.java:655)
	at io.netty.channel.AbstractChannelHandlerContext.connect(AbstractChannelHandlerContext.java:634)
	at io.netty.channel.AbstractChannelHandlerContext.connect(AbstractChannelHandlerContext.java:618)
	at io.netty.channel.DefaultChannelPipeline.connect(DefaultChannelPipeline.java:978)
	at io.netty.channel.AbstractChannel.connect(AbstractChannel.java:265)
	at io.netty.bootstrap.Bootstrap$3.run(Bootstrap.java:264)
	at io.netty.util.concurrent.AbstractEventExecutor.runTask$$$capture(AbstractEventExecutor.java:173)
	at io.netty.util.concurrent.AbstractEventExecutor.runTask(AbstractEventExecutor.java)
	at io.netty.util.concurrent.AbstractEventExecutor.safeExecute$$$capture(AbstractEventExecutor.java:166)
	at io.netty.util.concurrent.AbstractEventExecutor.safeExecute(AbstractEventExecutor.java)
	at io.netty.util.concurrent.SingleThreadEventExecutor.runAllTasks(SingleThreadEventExecutor.java:470)
	at io.netty.channel.nio.NioEventLoop.run(NioEventLoop.java:569)
	at io.netty.util.concurrent.SingleThreadEventExecutor$4.run(SingleThreadEventExecutor.java:997)
	at io.netty.util.internal.ThreadExecutorMap$2.run(ThreadExecutorMap.java:74)
	at io.netty.util.concurrent.FastThreadLocalRunnable.run(FastThreadLocalRunnable.java:30)
	at java.base/java.lang.Thread.run(Thread.java:842)
2025-12-24 11:29:18.859 [lettuce-eventExecutorLoop-1-3] INFO  i.l.core.protocol.ConnectionWatchdog - Reconnecting, last destination was 192.168.101.128/<unresolved>:6379
2025-12-24 11:29:18.863 [lettuce-nioEventLoop-4-5] WARN  i.l.core.protocol.ConnectionWatchdog - Cannot reconnect to [192.168.101.128/<unresolved>:6379]: Permission denied: connect: /192.168.101.128:6379
io.netty.channel.AbstractChannel$AnnotatedSocketException: Permission denied: connect: /192.168.101.128:6379
Caused by: java.net.SocketException: Permission denied: connect
	at java.base/sun.nio.ch.Net.connect0(Native Method)
	at java.base/sun.nio.ch.Net.connect(Net.java:579)
	at java.base/sun.nio.ch.Net.connect(Net.java:586)
	at java.base/sun.nio.ch.SocketChannelImpl.connect(SocketChannelImpl.java:853)
	at io.netty.util.internal.SocketUtils$3.run(SocketUtils.java:91)
	at io.netty.util.internal.SocketUtils$3.run(SocketUtils.java:88)
	at java.base/java.security.AccessController.doPrivileged(AccessController.java:569)
	at io.netty.util.internal.SocketUtils.connect(SocketUtils.java:88)
	at io.netty.channel.socket.nio.NioSocketChannel.doConnect(NioSocketChannel.java:322)
	at io.netty.channel.nio.AbstractNioChannel$AbstractNioUnsafe.connect(AbstractNioChannel.java:250)
	at io.netty.channel.DefaultChannelPipeline$HeadContext.connect(DefaultChannelPipeline.java:1342)
	at io.netty.channel.AbstractChannelHandlerContext.invokeConnect(AbstractChannelHandlerContext.java:655)
	at io.netty.channel.AbstractChannelHandlerContext.connect(AbstractChannelHandlerContext.java:634)
	at io.netty.channel.AbstractChannelHandlerContext.connect(AbstractChannelHandlerContext.java:618)
	at io.netty.channel.DefaultChannelPipeline.connect(DefaultChannelPipeline.java:978)
	at io.netty.channel.AbstractChannel.connect(AbstractChannel.java:265)
	at io.netty.bootstrap.Bootstrap$3.run(Bootstrap.java:264)
	at io.netty.util.concurrent.AbstractEventExecutor.runTask$$$capture(AbstractEventExecutor.java:173)
	at io.netty.util.concurrent.AbstractEventExecutor.runTask(AbstractEventExecutor.java)
	at io.netty.util.concurrent.AbstractEventExecutor.safeExecute$$$capture(AbstractEventExecutor.java:166)
	at io.netty.util.concurrent.AbstractEventExecutor.safeExecute(AbstractEventExecutor.java)
	at io.netty.util.concurrent.SingleThreadEventExecutor.runAllTasks(SingleThreadEventExecutor.java:470)
	at io.netty.channel.nio.NioEventLoop.run(NioEventLoop.java:569)
	at io.netty.util.concurrent.SingleThreadEventExecutor$4.run(SingleThreadEventExecutor.java:997)
	at io.netty.util.internal.ThreadExecutorMap$2.run(ThreadExecutorMap.java:74)
	at io.netty.util.concurrent.FastThreadLocalRunnable.run(FastThreadLocalRunnable.java:30)
	at java.base/java.lang.Thread.run(Thread.java:842)
2025-12-24 11:29:48.952 [lettuce-eventExecutorLoop-1-5] INFO  i.l.core.protocol.ConnectionWatchdog - Reconnecting, last destination was 192.168.101.128/<unresolved>:6379
2025-12-24 11:29:48.954 [lettuce-nioEventLoop-4-6] WARN  i.l.core.protocol.ConnectionWatchdog - Cannot reconnect to [192.168.101.128/<unresolved>:6379]: Permission denied: connect: /192.168.101.128:6379
io.netty.channel.AbstractChannel$AnnotatedSocketException: Permission denied: connect: /192.168.101.128:6379
Caused by: java.net.SocketException: Permission denied: connect
	at java.base/sun.nio.ch.Net.connect0(Native Method)
	at java.base/sun.nio.ch.Net.connect(Net.java:579)
	at java.base/sun.nio.ch.Net.connect(Net.java:586)
	at java.base/sun.nio.ch.SocketChannelImpl.connect(SocketChannelImpl.java:853)
	at io.netty.util.internal.SocketUtils$3.run(SocketUtils.java:91)
	at io.netty.util.internal.SocketUtils$3.run(SocketUtils.java:88)
	at java.base/java.security.AccessController.doPrivileged(AccessController.java:569)
	at io.netty.util.internal.SocketUtils.connect(SocketUtils.java:88)
	at io.netty.channel.socket.nio.NioSocketChannel.doConnect(NioSocketChannel.java:322)
	at io.netty.channel.nio.AbstractNioChannel$AbstractNioUnsafe.connect(AbstractNioChannel.java:250)
	at io.netty.channel.DefaultChannelPipeline$HeadContext.connect(DefaultChannelPipeline.java:1342)
	at io.netty.channel.AbstractChannelHandlerContext.invokeConnect(AbstractChannelHandlerContext.java:655)
	at io.netty.channel.AbstractChannelHandlerContext.connect(AbstractChannelHandlerContext.java:634)
	at io.netty.channel.AbstractChannelHandlerContext.connect(AbstractChannelHandlerContext.java:618)
	at io.netty.channel.DefaultChannelPipeline.connect(DefaultChannelPipeline.java:978)
	at io.netty.channel.AbstractChannel.connect(AbstractChannel.java:265)
	at io.netty.bootstrap.Bootstrap$3.run(Bootstrap.java:264)
	at io.netty.util.concurrent.AbstractEventExecutor.runTask$$$capture(AbstractEventExecutor.java:173)
	at io.netty.util.concurrent.AbstractEventExecutor.runTask(AbstractEventExecutor.java)
	at io.netty.util.concurrent.AbstractEventExecutor.safeExecute$$$capture(AbstractEventExecutor.java:166)
	at io.netty.util.concurrent.AbstractEventExecutor.safeExecute(AbstractEventExecutor.java)
	at io.netty.util.concurrent.SingleThreadEventExecutor.runAllTasks(SingleThreadEventExecutor.java:470)
	at io.netty.channel.nio.NioEventLoop.run(NioEventLoop.java:569)
	at io.netty.util.concurrent.SingleThreadEventExecutor$4.run(SingleThreadEventExecutor.java:997)
	at io.netty.util.internal.ThreadExecutorMap$2.run(ThreadExecutorMap.java:74)
	at io.netty.util.concurrent.FastThreadLocalRunnable.run(FastThreadLocalRunnable.java:30)
	at java.base/java.lang.Thread.run(Thread.java:842)
2025-12-24 11:30:19.071 [lettuce-eventExecutorLoop-1-7] INFO  i.l.core.protocol.ConnectionWatchdog - Reconnecting, last destination was 192.168.101.128/<unresolved>:6379
2025-12-24 11:30:19.073 [lettuce-nioEventLoop-4-7] WARN  i.l.core.protocol.ConnectionWatchdog - Cannot reconnect to [192.168.101.128/<unresolved>:6379]: Permission denied: connect: /192.168.101.128:6379
io.netty.channel.AbstractChannel$AnnotatedSocketException: Permission denied: connect: /192.168.101.128:6379
Caused by: java.net.SocketException: Permission denied: connect
	at java.base/sun.nio.ch.Net.connect0(Native Method)
	at java.base/sun.nio.ch.Net.connect(Net.java:579)
	at java.base/sun.nio.ch.Net.connect(Net.java:586)
	at java.base/sun.nio.ch.SocketChannelImpl.connect(SocketChannelImpl.java:853)
	at io.netty.util.internal.SocketUtils$3.run(SocketUtils.java:91)
	at io.netty.util.internal.SocketUtils$3.run(SocketUtils.java:88)
	at java.base/java.security.AccessController.doPrivileged(AccessController.java:569)
	at io.netty.util.internal.SocketUtils.connect(SocketUtils.java:88)
	at io.netty.channel.socket.nio.NioSocketChannel.doConnect(NioSocketChannel.java:322)
	at io.netty.channel.nio.AbstractNioChannel$AbstractNioUnsafe.connect(AbstractNioChannel.java:250)
	at io.netty.channel.DefaultChannelPipeline$HeadContext.connect(DefaultChannelPipeline.java:1342)
	at io.netty.channel.AbstractChannelHandlerContext.invokeConnect(AbstractChannelHandlerContext.java:655)
	at io.netty.channel.AbstractChannelHandlerContext.connect(AbstractChannelHandlerContext.java:634)
	at io.netty.channel.AbstractChannelHandlerContext.connect(AbstractChannelHandlerContext.java:618)
	at io.netty.channel.DefaultChannelPipeline.connect(DefaultChannelPipeline.java:978)
	at io.netty.channel.AbstractChannel.connect(AbstractChannel.java:265)
	at io.netty.bootstrap.Bootstrap$3.run(Bootstrap.java:264)
	at io.netty.util.concurrent.AbstractEventExecutor.runTask$$$capture(AbstractEventExecutor.java:173)
	at io.netty.util.concurrent.AbstractEventExecutor.runTask(AbstractEventExecutor.java)
	at io.netty.util.concurrent.AbstractEventExecutor.safeExecute$$$capture(AbstractEventExecutor.java:166)
	at io.netty.util.concurrent.AbstractEventExecutor.safeExecute(AbstractEventExecutor.java)
	at io.netty.util.concurrent.SingleThreadEventExecutor.runAllTasks(SingleThreadEventExecutor.java:470)
	at io.netty.channel.nio.NioEventLoop.run(NioEventLoop.java:569)
	at io.netty.util.concurrent.SingleThreadEventExecutor$4.run(SingleThreadEventExecutor.java:997)
	at io.netty.util.internal.ThreadExecutorMap$2.run(ThreadExecutorMap.java:74)
	at io.netty.util.concurrent.FastThreadLocalRunnable.run(FastThreadLocalRunnable.java:30)
	at java.base/java.lang.Thread.run(Thread.java:842)
2025-12-24 11:30:49.152 [lettuce-eventExecutorLoop-1-8] INFO  i.l.core.protocol.ConnectionWatchdog - Reconnecting, last destination was 192.168.101.128/<unresolved>:6379
2025-12-24 11:30:49.156 [lettuce-nioEventLoop-4-8] WARN  i.l.core.protocol.ConnectionWatchdog - Cannot reconnect to [192.168.101.128/<unresolved>:6379]: Permission denied: connect: /192.168.101.128:6379
io.netty.channel.AbstractChannel$AnnotatedSocketException: Permission denied: connect: /192.168.101.128:6379
Caused by: java.net.SocketException: Permission denied: connect
	at java.base/sun.nio.ch.Net.connect0(Native Method)
	at java.base/sun.nio.ch.Net.connect(Net.java:579)
	at java.base/sun.nio.ch.Net.connect(Net.java:586)
	at java.base/sun.nio.ch.SocketChannelImpl.connect(SocketChannelImpl.java:853)
	at io.netty.util.internal.SocketUtils$3.run(SocketUtils.java:91)
	at io.netty.util.internal.SocketUtils$3.run(SocketUtils.java:88)
	at java.base/java.security.AccessController.doPrivileged(AccessController.java:569)
	at io.netty.util.internal.SocketUtils.connect(SocketUtils.java:88)
	at io.netty.channel.socket.nio.NioSocketChannel.doConnect(NioSocketChannel.java:322)
	at io.netty.channel.nio.AbstractNioChannel$AbstractNioUnsafe.connect(AbstractNioChannel.java:250)
	at io.netty.channel.DefaultChannelPipeline$HeadContext.connect(DefaultChannelPipeline.java:1342)
	at io.netty.channel.AbstractChannelHandlerContext.invokeConnect(AbstractChannelHandlerContext.java:655)
	at io.netty.channel.AbstractChannelHandlerContext.connect(AbstractChannelHandlerContext.java:634)
	at io.netty.channel.AbstractChannelHandlerContext.connect(AbstractChannelHandlerContext.java:618)
	at io.netty.channel.DefaultChannelPipeline.connect(DefaultChannelPipeline.java:978)
	at io.netty.channel.AbstractChannel.connect(AbstractChannel.java:265)
	at io.netty.bootstrap.Bootstrap$3.run(Bootstrap.java:264)
	at io.netty.util.concurrent.AbstractEventExecutor.runTask$$$capture(AbstractEventExecutor.java:173)
	at io.netty.util.concurrent.AbstractEventExecutor.runTask(AbstractEventExecutor.java)
	at io.netty.util.concurrent.AbstractEventExecutor.safeExecute$$$capture(AbstractEventExecutor.java:166)
	at io.netty.util.concurrent.AbstractEventExecutor.safeExecute(AbstractEventExecutor.java)
	at io.netty.util.concurrent.SingleThreadEventExecutor.runAllTasks(SingleThreadEventExecutor.java:470)
	at io.netty.channel.nio.NioEventLoop.run(NioEventLoop.java:569)
	at io.netty.util.concurrent.SingleThreadEventExecutor$4.run(SingleThreadEventExecutor.java:997)
	at io.netty.util.internal.ThreadExecutorMap$2.run(ThreadExecutorMap.java:74)
	at io.netty.util.concurrent.FastThreadLocalRunnable.run(FastThreadLocalRunnable.java:30)
	at java.base/java.lang.Thread.run(Thread.java:842)
2025-12-24 11:31:19.255 [lettuce-eventExecutorLoop-1-3] INFO  i.l.core.protocol.ConnectionWatchdog - Reconnecting, last destination was 192.168.101.128/<unresolved>:6379
2025-12-24 11:31:19.257 [lettuce-nioEventLoop-4-1] WARN  i.l.core.protocol.ConnectionWatchdog - Cannot reconnect to [192.168.101.128/<unresolved>:6379]: Permission denied: connect: /192.168.101.128:6379
io.netty.channel.AbstractChannel$AnnotatedSocketException: Permission denied: connect: /192.168.101.128:6379
Caused by: java.net.SocketException: Permission denied: connect
	at java.base/sun.nio.ch.Net.connect0(Native Method)
	at java.base/sun.nio.ch.Net.connect(Net.java:579)
	at java.base/sun.nio.ch.Net.connect(Net.java:586)
	at java.base/sun.nio.ch.SocketChannelImpl.connect(SocketChannelImpl.java:853)
	at io.netty.util.internal.SocketUtils$3.run(SocketUtils.java:91)
	at io.netty.util.internal.SocketUtils$3.run(SocketUtils.java:88)
	at java.base/java.security.AccessController.doPrivileged(AccessController.java:569)
	at io.netty.util.internal.SocketUtils.connect(SocketUtils.java:88)
	at io.netty.channel.socket.nio.NioSocketChannel.doConnect(NioSocketChannel.java:322)
	at io.netty.channel.nio.AbstractNioChannel$AbstractNioUnsafe.connect(AbstractNioChannel.java:250)
	at io.netty.channel.DefaultChannelPipeline$HeadContext.connect(DefaultChannelPipeline.java:1342)
	at io.netty.channel.AbstractChannelHandlerContext.invokeConnect(AbstractChannelHandlerContext.java:655)
	at io.netty.channel.AbstractChannelHandlerContext.connect(AbstractChannelHandlerContext.java:634)
	at io.netty.channel.AbstractChannelHandlerContext.connect(AbstractChannelHandlerContext.java:618)
	at io.netty.channel.DefaultChannelPipeline.connect(DefaultChannelPipeline.java:978)
	at io.netty.channel.AbstractChannel.connect(AbstractChannel.java:265)
	at io.netty.bootstrap.Bootstrap$3.run(Bootstrap.java:264)
	at io.netty.util.concurrent.AbstractEventExecutor.runTask$$$capture(AbstractEventExecutor.java:173)
	at io.netty.util.concurrent.AbstractEventExecutor.runTask(AbstractEventExecutor.java)
	at io.netty.util.concurrent.AbstractEventExecutor.safeExecute$$$capture(AbstractEventExecutor.java:166)
	at io.netty.util.concurrent.AbstractEventExecutor.safeExecute(AbstractEventExecutor.java)
	at io.netty.util.concurrent.SingleThreadEventExecutor.runAllTasks(SingleThreadEventExecutor.java:470)
	at io.netty.channel.nio.NioEventLoop.run(NioEventLoop.java:569)
	at io.netty.util.concurrent.SingleThreadEventExecutor$4.run(SingleThreadEventExecutor.java:997)
	at io.netty.util.internal.ThreadExecutorMap$2.run(ThreadExecutorMap.java:74)
	at io.netty.util.concurrent.FastThreadLocalRunnable.run(FastThreadLocalRunnable.java:30)
	at java.base/java.lang.Thread.run(Thread.java:842)
2025-12-24 11:31:49.363 [lettuce-eventExecutorLoop-1-5] INFO  i.l.core.protocol.ConnectionWatchdog - Reconnecting, last destination was 192.168.101.128/<unresolved>:6379
2025-12-24 11:31:49.365 [lettuce-nioEventLoop-4-2] WARN  i.l.core.protocol.ConnectionWatchdog - Cannot reconnect to [192.168.101.128/<unresolved>:6379]: Permission denied: connect: /192.168.101.128:6379
io.netty.channel.AbstractChannel$AnnotatedSocketException: Permission denied: connect: /192.168.101.128:6379
Caused by: java.net.SocketException: Permission denied: connect
	at java.base/sun.nio.ch.Net.connect0(Native Method)
	at java.base/sun.nio.ch.Net.connect(Net.java:579)
	at java.base/sun.nio.ch.Net.connect(Net.java:586)
	at java.base/sun.nio.ch.SocketChannelImpl.connect(SocketChannelImpl.java:853)
	at io.netty.util.internal.SocketUtils$3.run(SocketUtils.java:91)
	at io.netty.util.internal.SocketUtils$3.run(SocketUtils.java:88)
	at java.base/java.security.AccessController.doPrivileged(AccessController.java:569)
	at io.netty.util.internal.SocketUtils.connect(SocketUtils.java:88)
	at io.netty.channel.socket.nio.NioSocketChannel.doConnect(NioSocketChannel.java:322)
	at io.netty.channel.nio.AbstractNioChannel$AbstractNioUnsafe.connect(AbstractNioChannel.java:250)
	at io.netty.channel.DefaultChannelPipeline$HeadContext.connect(DefaultChannelPipeline.java:1342)
	at io.netty.channel.AbstractChannelHandlerContext.invokeConnect(AbstractChannelHandlerContext.java:655)
	at io.netty.channel.AbstractChannelHandlerContext.connect(AbstractChannelHandlerContext.java:634)
	at io.netty.channel.AbstractChannelHandlerContext.connect(AbstractChannelHandlerContext.java:618)
	at io.netty.channel.DefaultChannelPipeline.connect(DefaultChannelPipeline.java:978)
	at io.netty.channel.AbstractChannel.connect(AbstractChannel.java:265)
	at io.netty.bootstrap.Bootstrap$3.run(Bootstrap.java:264)
	at io.netty.util.concurrent.AbstractEventExecutor.runTask$$$capture(AbstractEventExecutor.java:173)
	at io.netty.util.concurrent.AbstractEventExecutor.runTask(AbstractEventExecutor.java)
	at io.netty.util.concurrent.AbstractEventExecutor.safeExecute$$$capture(AbstractEventExecutor.java:166)
	at io.netty.util.concurrent.AbstractEventExecutor.safeExecute(AbstractEventExecutor.java)
	at io.netty.util.concurrent.SingleThreadEventExecutor.runAllTasks(SingleThreadEventExecutor.java:470)
	at io.netty.channel.nio.NioEventLoop.run(NioEventLoop.java:569)
	at io.netty.util.concurrent.SingleThreadEventExecutor$4.run(SingleThreadEventExecutor.java:997)
	at io.netty.util.internal.ThreadExecutorMap$2.run(ThreadExecutorMap.java:74)
	at io.netty.util.concurrent.FastThreadLocalRunnable.run(FastThreadLocalRunnable.java:30)
	at java.base/java.lang.Thread.run(Thread.java:842)
2025-12-24 11:32:19.454 [lettuce-eventExecutorLoop-1-7] INFO  i.l.core.protocol.ConnectionWatchdog - Reconnecting, last destination was 192.168.101.128/<unresolved>:6379
2025-12-24 11:32:19.456 [lettuce-nioEventLoop-4-3] WARN  i.l.core.protocol.ConnectionWatchdog - Cannot reconnect to [192.168.101.128/<unresolved>:6379]: Permission denied: connect: /192.168.101.128:6379
io.netty.channel.AbstractChannel$AnnotatedSocketException: Permission denied: connect: /192.168.101.128:6379
Caused by: java.net.SocketException: Permission denied: connect
	at java.base/sun.nio.ch.Net.connect0(Native Method)
	at java.base/sun.nio.ch.Net.connect(Net.java:579)
	at java.base/sun.nio.ch.Net.connect(Net.java:586)
	at java.base/sun.nio.ch.SocketChannelImpl.connect(SocketChannelImpl.java:853)
	at io.netty.util.internal.SocketUtils$3.run(SocketUtils.java:91)
	at io.netty.util.internal.SocketUtils$3.run(SocketUtils.java:88)
	at java.base/java.security.AccessController.doPrivileged(AccessController.java:569)
	at io.netty.util.internal.SocketUtils.connect(SocketUtils.java:88)
	at io.netty.channel.socket.nio.NioSocketChannel.doConnect(NioSocketChannel.java:322)
	at io.netty.channel.nio.AbstractNioChannel$AbstractNioUnsafe.connect(AbstractNioChannel.java:250)
	at io.netty.channel.DefaultChannelPipeline$HeadContext.connect(DefaultChannelPipeline.java:1342)
	at io.netty.channel.AbstractChannelHandlerContext.invokeConnect(AbstractChannelHandlerContext.java:655)
	at io.netty.channel.AbstractChannelHandlerContext.connect(AbstractChannelHandlerContext.java:634)
	at io.netty.channel.AbstractChannelHandlerContext.connect(AbstractChannelHandlerContext.java:618)
	at io.netty.channel.DefaultChannelPipeline.connect(DefaultChannelPipeline.java:978)
	at io.netty.channel.AbstractChannel.connect(AbstractChannel.java:265)
	at io.netty.bootstrap.Bootstrap$3.run(Bootstrap.java:264)
	at io.netty.util.concurrent.AbstractEventExecutor.runTask$$$capture(AbstractEventExecutor.java:173)
	at io.netty.util.concurrent.AbstractEventExecutor.runTask(AbstractEventExecutor.java)
	at io.netty.util.concurrent.AbstractEventExecutor.safeExecute$$$capture(AbstractEventExecutor.java:166)
	at io.netty.util.concurrent.AbstractEventExecutor.safeExecute(AbstractEventExecutor.java)
	at io.netty.util.concurrent.SingleThreadEventExecutor.runAllTasks(SingleThreadEventExecutor.java:470)
	at io.netty.channel.nio.NioEventLoop.run(NioEventLoop.java:569)
	at io.netty.util.concurrent.SingleThreadEventExecutor$4.run(SingleThreadEventExecutor.java:997)
	at io.netty.util.internal.ThreadExecutorMap$2.run(ThreadExecutorMap.java:74)
	at io.netty.util.concurrent.FastThreadLocalRunnable.run(FastThreadLocalRunnable.java:30)
	at java.base/java.lang.Thread.run(Thread.java:842)
2025-12-24 11:32:49.559 [lettuce-eventExecutorLoop-1-8] INFO  i.l.core.protocol.ConnectionWatchdog - Reconnecting, last destination was 192.168.101.128/<unresolved>:6379
2025-12-24 11:32:49.562 [lettuce-nioEventLoop-4-4] WARN  i.l.core.protocol.ConnectionWatchdog - Cannot reconnect to [192.168.101.128/<unresolved>:6379]: Permission denied: connect: /192.168.101.128:6379
io.netty.channel.AbstractChannel$AnnotatedSocketException: Permission denied: connect: /192.168.101.128:6379
Caused by: java.net.SocketException: Permission denied: connect
	at java.base/sun.nio.ch.Net.connect0(Native Method)
	at java.base/sun.nio.ch.Net.connect(Net.java:579)
	at java.base/sun.nio.ch.Net.connect(Net.java:586)
	at java.base/sun.nio.ch.SocketChannelImpl.connect(SocketChannelImpl.java:853)
	at io.netty.util.internal.SocketUtils$3.run(SocketUtils.java:91)
	at io.netty.util.internal.SocketUtils$3.run(SocketUtils.java:88)
	at java.base/java.security.AccessController.doPrivileged(AccessController.java:569)
	at io.netty.util.internal.SocketUtils.connect(SocketUtils.java:88)
	at io.netty.channel.socket.nio.NioSocketChannel.doConnect(NioSocketChannel.java:322)
	at io.netty.channel.nio.AbstractNioChannel$AbstractNioUnsafe.connect(AbstractNioChannel.java:250)
	at io.netty.channel.DefaultChannelPipeline$HeadContext.connect(DefaultChannelPipeline.java:1342)
	at io.netty.channel.AbstractChannelHandlerContext.invokeConnect(AbstractChannelHandlerContext.java:655)
	at io.netty.channel.AbstractChannelHandlerContext.connect(AbstractChannelHandlerContext.java:634)
	at io.netty.channel.AbstractChannelHandlerContext.connect(AbstractChannelHandlerContext.java:618)
	at io.netty.channel.DefaultChannelPipeline.connect(DefaultChannelPipeline.java:978)
	at io.netty.channel.AbstractChannel.connect(AbstractChannel.java:265)
	at io.netty.bootstrap.Bootstrap$3.run(Bootstrap.java:264)
	at io.netty.util.concurrent.AbstractEventExecutor.runTask$$$capture(AbstractEventExecutor.java:173)
	at io.netty.util.concurrent.AbstractEventExecutor.runTask(AbstractEventExecutor.java)
	at io.netty.util.concurrent.AbstractEventExecutor.safeExecute$$$capture(AbstractEventExecutor.java:166)
	at io.netty.util.concurrent.AbstractEventExecutor.safeExecute(AbstractEventExecutor.java)
	at io.netty.util.concurrent.SingleThreadEventExecutor.runAllTasks(SingleThreadEventExecutor.java:470)
	at io.netty.channel.nio.NioEventLoop.run(NioEventLoop.java:569)
	at io.netty.util.concurrent.SingleThreadEventExecutor$4.run(SingleThreadEventExecutor.java:997)
	at io.netty.util.internal.ThreadExecutorMap$2.run(ThreadExecutorMap.java:74)
	at io.netty.util.concurrent.FastThreadLocalRunnable.run(FastThreadLocalRunnable.java:30)
	at java.base/java.lang.Thread.run(Thread.java:842)
2025-12-24 11:33:19.656 [lettuce-eventExecutorLoop-1-3] INFO  i.l.core.protocol.ConnectionWatchdog - Reconnecting, last destination was 192.168.101.128/<unresolved>:6379
2025-12-24 11:33:19.658 [lettuce-nioEventLoop-4-5] WARN  i.l.core.protocol.ConnectionWatchdog - Cannot reconnect to [192.168.101.128/<unresolved>:6379]: Permission denied: connect: /192.168.101.128:6379
io.netty.channel.AbstractChannel$AnnotatedSocketException: Permission denied: connect: /192.168.101.128:6379
Caused by: java.net.SocketException: Permission denied: connect
	at java.base/sun.nio.ch.Net.connect0(Native Method)
	at java.base/sun.nio.ch.Net.connect(Net.java:579)
	at java.base/sun.nio.ch.Net.connect(Net.java:586)
	at java.base/sun.nio.ch.SocketChannelImpl.connect(SocketChannelImpl.java:853)
	at io.netty.util.internal.SocketUtils$3.run(SocketUtils.java:91)
	at io.netty.util.internal.SocketUtils$3.run(SocketUtils.java:88)
	at java.base/java.security.AccessController.doPrivileged(AccessController.java:569)
	at io.netty.util.internal.SocketUtils.connect(SocketUtils.java:88)
	at io.netty.channel.socket.nio.NioSocketChannel.doConnect(NioSocketChannel.java:322)
	at io.netty.channel.nio.AbstractNioChannel$AbstractNioUnsafe.connect(AbstractNioChannel.java:250)
	at io.netty.channel.DefaultChannelPipeline$HeadContext.connect(DefaultChannelPipeline.java:1342)
	at io.netty.channel.AbstractChannelHandlerContext.invokeConnect(AbstractChannelHandlerContext.java:655)
	at io.netty.channel.AbstractChannelHandlerContext.connect(AbstractChannelHandlerContext.java:634)
	at io.netty.channel.AbstractChannelHandlerContext.connect(AbstractChannelHandlerContext.java:618)
	at io.netty.channel.DefaultChannelPipeline.connect(DefaultChannelPipeline.java:978)
	at io.netty.channel.AbstractChannel.connect(AbstractChannel.java:265)
	at io.netty.bootstrap.Bootstrap$3.run(Bootstrap.java:264)
	at io.netty.util.concurrent.AbstractEventExecutor.runTask$$$capture(AbstractEventExecutor.java:173)
	at io.netty.util.concurrent.AbstractEventExecutor.runTask(AbstractEventExecutor.java)
	at io.netty.util.concurrent.AbstractEventExecutor.safeExecute$$$capture(AbstractEventExecutor.java:166)
	at io.netty.util.concurrent.AbstractEventExecutor.safeExecute(AbstractEventExecutor.java)
	at io.netty.util.concurrent.SingleThreadEventExecutor.runAllTasks(SingleThreadEventExecutor.java:470)
	at io.netty.channel.nio.NioEventLoop.run(NioEventLoop.java:569)
	at io.netty.util.concurrent.SingleThreadEventExecutor$4.run(SingleThreadEventExecutor.java:997)
	at io.netty.util.internal.ThreadExecutorMap$2.run(ThreadExecutorMap.java:74)
	at io.netty.util.concurrent.FastThreadLocalRunnable.run(FastThreadLocalRunnable.java:30)
	at java.base/java.lang.Thread.run(Thread.java:842)
2025-12-24 11:33:49.758 [lettuce-eventExecutorLoop-1-5] INFO  i.l.core.protocol.ConnectionWatchdog - Reconnecting, last destination was 192.168.101.128/<unresolved>:6379
2025-12-24 11:33:49.760 [lettuce-nioEventLoop-4-6] WARN  i.l.core.protocol.ConnectionWatchdog - Cannot reconnect to [192.168.101.128/<unresolved>:6379]: Permission denied: connect: /192.168.101.128:6379
io.netty.channel.AbstractChannel$AnnotatedSocketException: Permission denied: connect: /192.168.101.128:6379
Caused by: java.net.SocketException: Permission denied: connect
	at java.base/sun.nio.ch.Net.connect0(Native Method)
	at java.base/sun.nio.ch.Net.connect(Net.java:579)
	at java.base/sun.nio.ch.Net.connect(Net.java:586)
	at java.base/sun.nio.ch.SocketChannelImpl.connect(SocketChannelImpl.java:853)
	at io.netty.util.internal.SocketUtils$3.run(SocketUtils.java:91)
	at io.netty.util.internal.SocketUtils$3.run(SocketUtils.java:88)
	at java.base/java.security.AccessController.doPrivileged(AccessController.java:569)
	at io.netty.util.internal.SocketUtils.connect(SocketUtils.java:88)
	at io.netty.channel.socket.nio.NioSocketChannel.doConnect(NioSocketChannel.java:322)
	at io.netty.channel.nio.AbstractNioChannel$AbstractNioUnsafe.connect(AbstractNioChannel.java:250)
	at io.netty.channel.DefaultChannelPipeline$HeadContext.connect(DefaultChannelPipeline.java:1342)
	at io.netty.channel.AbstractChannelHandlerContext.invokeConnect(AbstractChannelHandlerContext.java:655)
	at io.netty.channel.AbstractChannelHandlerContext.connect(AbstractChannelHandlerContext.java:634)
	at io.netty.channel.AbstractChannelHandlerContext.connect(AbstractChannelHandlerContext.java:618)
	at io.netty.channel.DefaultChannelPipeline.connect(DefaultChannelPipeline.java:978)
	at io.netty.channel.AbstractChannel.connect(AbstractChannel.java:265)
	at io.netty.bootstrap.Bootstrap$3.run(Bootstrap.java:264)
	at io.netty.util.concurrent.AbstractEventExecutor.runTask$$$capture(AbstractEventExecutor.java:173)
	at io.netty.util.concurrent.AbstractEventExecutor.runTask(AbstractEventExecutor.java)
	at io.netty.util.concurrent.AbstractEventExecutor.safeExecute$$$capture(AbstractEventExecutor.java:166)
	at io.netty.util.concurrent.AbstractEventExecutor.safeExecute(AbstractEventExecutor.java)
	at io.netty.util.concurrent.SingleThreadEventExecutor.runAllTasks(SingleThreadEventExecutor.java:470)
	at io.netty.channel.nio.NioEventLoop.run(NioEventLoop.java:569)
	at io.netty.util.concurrent.SingleThreadEventExecutor$4.run(SingleThreadEventExecutor.java:997)
	at io.netty.util.internal.ThreadExecutorMap$2.run(ThreadExecutorMap.java:74)
	at io.netty.util.concurrent.FastThreadLocalRunnable.run(FastThreadLocalRunnable.java:30)
	at java.base/java.lang.Thread.run(Thread.java:842)
2025-12-24 11:34:19.858 [lettuce-eventExecutorLoop-1-7] INFO  i.l.core.protocol.ConnectionWatchdog - Reconnecting, last destination was 192.168.101.128/<unresolved>:6379
2025-12-24 11:34:19.860 [lettuce-nioEventLoop-4-7] WARN  i.l.core.protocol.ConnectionWatchdog - Cannot reconnect to [192.168.101.128/<unresolved>:6379]: Permission denied: connect: /192.168.101.128:6379
io.netty.channel.AbstractChannel$AnnotatedSocketException: Permission denied: connect: /192.168.101.128:6379
Caused by: java.net.SocketException: Permission denied: connect
	at java.base/sun.nio.ch.Net.connect0(Native Method)
	at java.base/sun.nio.ch.Net.connect(Net.java:579)
	at java.base/sun.nio.ch.Net.connect(Net.java:586)
	at java.base/sun.nio.ch.SocketChannelImpl.connect(SocketChannelImpl.java:853)
	at io.netty.util.internal.SocketUtils$3.run(SocketUtils.java:91)
	at io.netty.util.internal.SocketUtils$3.run(SocketUtils.java:88)
	at java.base/java.security.AccessController.doPrivileged(AccessController.java:569)
	at io.netty.util.internal.SocketUtils.connect(SocketUtils.java:88)
	at io.netty.channel.socket.nio.NioSocketChannel.doConnect(NioSocketChannel.java:322)
	at io.netty.channel.nio.AbstractNioChannel$AbstractNioUnsafe.connect(AbstractNioChannel.java:250)
	at io.netty.channel.DefaultChannelPipeline$HeadContext.connect(DefaultChannelPipeline.java:1342)
	at io.netty.channel.AbstractChannelHandlerContext.invokeConnect(AbstractChannelHandlerContext.java:655)
	at io.netty.channel.AbstractChannelHandlerContext.connect(AbstractChannelHandlerContext.java:634)
	at io.netty.channel.AbstractChannelHandlerContext.connect(AbstractChannelHandlerContext.java:618)
	at io.netty.channel.DefaultChannelPipeline.connect(DefaultChannelPipeline.java:978)
	at io.netty.channel.AbstractChannel.connect(AbstractChannel.java:265)
	at io.netty.bootstrap.Bootstrap$3.run(Bootstrap.java:264)
	at io.netty.util.concurrent.AbstractEventExecutor.runTask$$$capture(AbstractEventExecutor.java:173)
	at io.netty.util.concurrent.AbstractEventExecutor.runTask(AbstractEventExecutor.java)
	at io.netty.util.concurrent.AbstractEventExecutor.safeExecute$$$capture(AbstractEventExecutor.java:166)
	at io.netty.util.concurrent.AbstractEventExecutor.safeExecute(AbstractEventExecutor.java)
	at io.netty.util.concurrent.SingleThreadEventExecutor.runAllTasks(SingleThreadEventExecutor.java:470)
	at io.netty.channel.nio.NioEventLoop.run(NioEventLoop.java:569)
	at io.netty.util.concurrent.SingleThreadEventExecutor$4.run(SingleThreadEventExecutor.java:997)
	at io.netty.util.internal.ThreadExecutorMap$2.run(ThreadExecutorMap.java:74)
	at io.netty.util.concurrent.FastThreadLocalRunnable.run(FastThreadLocalRunnable.java:30)
	at java.base/java.lang.Thread.run(Thread.java:842)
2025-12-24 11:34:49.964 [lettuce-eventExecutorLoop-1-8] INFO  i.l.core.protocol.ConnectionWatchdog - Reconnecting, last destination was 192.168.101.128/<unresolved>:6379
2025-12-24 11:34:49.966 [lettuce-nioEventLoop-4-8] WARN  i.l.core.protocol.ConnectionWatchdog - Cannot reconnect to [192.168.101.128/<unresolved>:6379]: Permission denied: connect: /192.168.101.128:6379
io.netty.channel.AbstractChannel$AnnotatedSocketException: Permission denied: connect: /192.168.101.128:6379
Caused by: java.net.SocketException: Permission denied: connect
	at java.base/sun.nio.ch.Net.connect0(Native Method)
	at java.base/sun.nio.ch.Net.connect(Net.java:579)
	at java.base/sun.nio.ch.Net.connect(Net.java:586)
	at java.base/sun.nio.ch.SocketChannelImpl.connect(SocketChannelImpl.java:853)
	at io.netty.util.internal.SocketUtils$3.run(SocketUtils.java:91)
	at io.netty.util.internal.SocketUtils$3.run(SocketUtils.java:88)
	at java.base/java.security.AccessController.doPrivileged(AccessController.java:569)
	at io.netty.util.internal.SocketUtils.connect(SocketUtils.java:88)
	at io.netty.channel.socket.nio.NioSocketChannel.doConnect(NioSocketChannel.java:322)
	at io.netty.channel.nio.AbstractNioChannel$AbstractNioUnsafe.connect(AbstractNioChannel.java:250)
	at io.netty.channel.DefaultChannelPipeline$HeadContext.connect(DefaultChannelPipeline.java:1342)
	at io.netty.channel.AbstractChannelHandlerContext.invokeConnect(AbstractChannelHandlerContext.java:655)
	at io.netty.channel.AbstractChannelHandlerContext.connect(AbstractChannelHandlerContext.java:634)
	at io.netty.channel.AbstractChannelHandlerContext.connect(AbstractChannelHandlerContext.java:618)
	at io.netty.channel.DefaultChannelPipeline.connect(DefaultChannelPipeline.java:978)
	at io.netty.channel.AbstractChannel.connect(AbstractChannel.java:265)
	at io.netty.bootstrap.Bootstrap$3.run(Bootstrap.java:264)
	at io.netty.util.concurrent.AbstractEventExecutor.runTask$$$capture(AbstractEventExecutor.java:173)
	at io.netty.util.concurrent.AbstractEventExecutor.runTask(AbstractEventExecutor.java)
	at io.netty.util.concurrent.AbstractEventExecutor.safeExecute$$$capture(AbstractEventExecutor.java:166)
	at io.netty.util.concurrent.AbstractEventExecutor.safeExecute(AbstractEventExecutor.java)
	at io.netty.util.concurrent.SingleThreadEventExecutor.runAllTasks(SingleThreadEventExecutor.java:470)
	at io.netty.channel.nio.NioEventLoop.run(NioEventLoop.java:569)
	at io.netty.util.concurrent.SingleThreadEventExecutor$4.run(SingleThreadEventExecutor.java:997)
	at io.netty.util.internal.ThreadExecutorMap$2.run(ThreadExecutorMap.java:74)
	at io.netty.util.concurrent.FastThreadLocalRunnable.run(FastThreadLocalRunnable.java:30)
	at java.base/java.lang.Thread.run(Thread.java:842)
2025-12-24 11:35:20.054 [lettuce-eventExecutorLoop-1-3] INFO  i.l.core.protocol.ConnectionWatchdog - Reconnecting, last destination was 192.168.101.128/<unresolved>:6379
2025-12-24 11:35:20.057 [lettuce-nioEventLoop-4-1] WARN  i.l.core.protocol.ConnectionWatchdog - Cannot reconnect to [192.168.101.128/<unresolved>:6379]: Permission denied: connect: /192.168.101.128:6379
io.netty.channel.AbstractChannel$AnnotatedSocketException: Permission denied: connect: /192.168.101.128:6379
Caused by: java.net.SocketException: Permission denied: connect
	at java.base/sun.nio.ch.Net.connect0(Native Method)
	at java.base/sun.nio.ch.Net.connect(Net.java:579)
	at java.base/sun.nio.ch.Net.connect(Net.java:586)
	at java.base/sun.nio.ch.SocketChannelImpl.connect(SocketChannelImpl.java:853)
	at io.netty.util.internal.SocketUtils$3.run(SocketUtils.java:91)
	at io.netty.util.internal.SocketUtils$3.run(SocketUtils.java:88)
	at java.base/java.security.AccessController.doPrivileged(AccessController.java:569)
	at io.netty.util.internal.SocketUtils.connect(SocketUtils.java:88)
	at io.netty.channel.socket.nio.NioSocketChannel.doConnect(NioSocketChannel.java:322)
	at io.netty.channel.nio.AbstractNioChannel$AbstractNioUnsafe.connect(AbstractNioChannel.java:250)
	at io.netty.channel.DefaultChannelPipeline$HeadContext.connect(DefaultChannelPipeline.java:1342)
	at io.netty.channel.AbstractChannelHandlerContext.invokeConnect(AbstractChannelHandlerContext.java:655)
	at io.netty.channel.AbstractChannelHandlerContext.connect(AbstractChannelHandlerContext.java:634)
	at io.netty.channel.AbstractChannelHandlerContext.connect(AbstractChannelHandlerContext.java:618)
	at io.netty.channel.DefaultChannelPipeline.connect(DefaultChannelPipeline.java:978)
	at io.netty.channel.AbstractChannel.connect(AbstractChannel.java:265)
	at io.netty.bootstrap.Bootstrap$3.run(Bootstrap.java:264)
	at io.netty.util.concurrent.AbstractEventExecutor.runTask$$$capture(AbstractEventExecutor.java:173)
	at io.netty.util.concurrent.AbstractEventExecutor.runTask(AbstractEventExecutor.java)
	at io.netty.util.concurrent.AbstractEventExecutor.safeExecute$$$capture(AbstractEventExecutor.java:166)
	at io.netty.util.concurrent.AbstractEventExecutor.safeExecute(AbstractEventExecutor.java)
	at io.netty.util.concurrent.SingleThreadEventExecutor.runAllTasks(SingleThreadEventExecutor.java:470)
	at io.netty.channel.nio.NioEventLoop.run(NioEventLoop.java:569)
	at io.netty.util.concurrent.SingleThreadEventExecutor$4.run(SingleThreadEventExecutor.java:997)
	at io.netty.util.internal.ThreadExecutorMap$2.run(ThreadExecutorMap.java:74)
	at io.netty.util.concurrent.FastThreadLocalRunnable.run(FastThreadLocalRunnable.java:30)
	at java.base/java.lang.Thread.run(Thread.java:842)
2025-12-24 11:35:50.150 [lettuce-eventExecutorLoop-1-5] INFO  i.l.core.protocol.ConnectionWatchdog - Reconnecting, last destination was 192.168.101.128/<unresolved>:6379
2025-12-24 11:35:50.152 [lettuce-nioEventLoop-4-2] WARN  i.l.core.protocol.ConnectionWatchdog - Cannot reconnect to [192.168.101.128/<unresolved>:6379]: Permission denied: connect: /192.168.101.128:6379
io.netty.channel.AbstractChannel$AnnotatedSocketException: Permission denied: connect: /192.168.101.128:6379
Caused by: java.net.SocketException: Permission denied: connect
	at java.base/sun.nio.ch.Net.connect0(Native Method)
	at java.base/sun.nio.ch.Net.connect(Net.java:579)
	at java.base/sun.nio.ch.Net.connect(Net.java:586)
	at java.base/sun.nio.ch.SocketChannelImpl.connect(SocketChannelImpl.java:853)
	at io.netty.util.internal.SocketUtils$3.run(SocketUtils.java:91)
	at io.netty.util.internal.SocketUtils$3.run(SocketUtils.java:88)
	at java.base/java.security.AccessController.doPrivileged(AccessController.java:569)
	at io.netty.util.internal.SocketUtils.connect(SocketUtils.java:88)
	at io.netty.channel.socket.nio.NioSocketChannel.doConnect(NioSocketChannel.java:322)
	at io.netty.channel.nio.AbstractNioChannel$AbstractNioUnsafe.connect(AbstractNioChannel.java:250)
	at io.netty.channel.DefaultChannelPipeline$HeadContext.connect(DefaultChannelPipeline.java:1342)
	at io.netty.channel.AbstractChannelHandlerContext.invokeConnect(AbstractChannelHandlerContext.java:655)
	at io.netty.channel.AbstractChannelHandlerContext.connect(AbstractChannelHandlerContext.java:634)
	at io.netty.channel.AbstractChannelHandlerContext.connect(AbstractChannelHandlerContext.java:618)
	at io.netty.channel.DefaultChannelPipeline.connect(DefaultChannelPipeline.java:978)
	at io.netty.channel.AbstractChannel.connect(AbstractChannel.java:265)
	at io.netty.bootstrap.Bootstrap$3.run(Bootstrap.java:264)
	at io.netty.util.concurrent.AbstractEventExecutor.runTask$$$capture(AbstractEventExecutor.java:173)
	at io.netty.util.concurrent.AbstractEventExecutor.runTask(AbstractEventExecutor.java)
	at io.netty.util.concurrent.AbstractEventExecutor.safeExecute$$$capture(AbstractEventExecutor.java:166)
	at io.netty.util.concurrent.AbstractEventExecutor.safeExecute(AbstractEventExecutor.java)
	at io.netty.util.concurrent.SingleThreadEventExecutor.runAllTasks(SingleThreadEventExecutor.java:470)
	at io.netty.channel.nio.NioEventLoop.run(NioEventLoop.java:569)
	at io.netty.util.concurrent.SingleThreadEventExecutor$4.run(SingleThreadEventExecutor.java:997)
	at io.netty.util.internal.ThreadExecutorMap$2.run(ThreadExecutorMap.java:74)
	at io.netty.util.concurrent.FastThreadLocalRunnable.run(FastThreadLocalRunnable.java:30)
	at java.base/java.lang.Thread.run(Thread.java:842)
2025-12-24 11:36:20.258 [lettuce-eventExecutorLoop-1-7] INFO  i.l.core.protocol.ConnectionWatchdog - Reconnecting, last destination was 192.168.101.128/<unresolved>:6379
2025-12-24 11:36:20.261 [lettuce-nioEventLoop-4-3] WARN  i.l.core.protocol.ConnectionWatchdog - Cannot reconnect to [192.168.101.128/<unresolved>:6379]: Permission denied: connect: /192.168.101.128:6379
io.netty.channel.AbstractChannel$AnnotatedSocketException: Permission denied: connect: /192.168.101.128:6379
Caused by: java.net.SocketException: Permission denied: connect
	at java.base/sun.nio.ch.Net.connect0(Native Method)
	at java.base/sun.nio.ch.Net.connect(Net.java:579)
	at java.base/sun.nio.ch.Net.connect(Net.java:586)
	at java.base/sun.nio.ch.SocketChannelImpl.connect(SocketChannelImpl.java:853)
	at io.netty.util.internal.SocketUtils$3.run(SocketUtils.java:91)
	at io.netty.util.internal.SocketUtils$3.run(SocketUtils.java:88)
	at java.base/java.security.AccessController.doPrivileged(AccessController.java:569)
	at io.netty.util.internal.SocketUtils.connect(SocketUtils.java:88)
	at io.netty.channel.socket.nio.NioSocketChannel.doConnect(NioSocketChannel.java:322)
	at io.netty.channel.nio.AbstractNioChannel$AbstractNioUnsafe.connect(AbstractNioChannel.java:250)
	at io.netty.channel.DefaultChannelPipeline$HeadContext.connect(DefaultChannelPipeline.java:1342)
	at io.netty.channel.AbstractChannelHandlerContext.invokeConnect(AbstractChannelHandlerContext.java:655)
	at io.netty.channel.AbstractChannelHandlerContext.connect(AbstractChannelHandlerContext.java:634)
	at io.netty.channel.AbstractChannelHandlerContext.connect(AbstractChannelHandlerContext.java:618)
	at io.netty.channel.DefaultChannelPipeline.connect(DefaultChannelPipeline.java:978)
	at io.netty.channel.AbstractChannel.connect(AbstractChannel.java:265)
	at io.netty.bootstrap.Bootstrap$3.run(Bootstrap.java:264)
	at io.netty.util.concurrent.AbstractEventExecutor.runTask$$$capture(AbstractEventExecutor.java:173)
	at io.netty.util.concurrent.AbstractEventExecutor.runTask(AbstractEventExecutor.java)
	at io.netty.util.concurrent.AbstractEventExecutor.safeExecute$$$capture(AbstractEventExecutor.java:166)
	at io.netty.util.concurrent.AbstractEventExecutor.safeExecute(AbstractEventExecutor.java)
	at io.netty.util.concurrent.SingleThreadEventExecutor.runAllTasks(SingleThreadEventExecutor.java:470)
	at io.netty.channel.nio.NioEventLoop.run(NioEventLoop.java:569)
	at io.netty.util.concurrent.SingleThreadEventExecutor$4.run(SingleThreadEventExecutor.java:997)
	at io.netty.util.internal.ThreadExecutorMap$2.run(ThreadExecutorMap.java:74)
	at io.netty.util.concurrent.FastThreadLocalRunnable.run(FastThreadLocalRunnable.java:30)
	at java.base/java.lang.Thread.run(Thread.java:842)
2025-12-24 11:36:50.359 [lettuce-eventExecutorLoop-1-8] INFO  i.l.core.protocol.ConnectionWatchdog - Reconnecting, last destination was 192.168.101.128/<unresolved>:6379
2025-12-24 11:36:50.361 [lettuce-nioEventLoop-4-4] WARN  i.l.core.protocol.ConnectionWatchdog - Cannot reconnect to [192.168.101.128/<unresolved>:6379]: Permission denied: connect: /192.168.101.128:6379
io.netty.channel.AbstractChannel$AnnotatedSocketException: Permission denied: connect: /192.168.101.128:6379
Caused by: java.net.SocketException: Permission denied: connect
	at java.base/sun.nio.ch.Net.connect0(Native Method)
	at java.base/sun.nio.ch.Net.connect(Net.java:579)
	at java.base/sun.nio.ch.Net.connect(Net.java:586)
	at java.base/sun.nio.ch.SocketChannelImpl.connect(SocketChannelImpl.java:853)
	at io.netty.util.internal.SocketUtils$3.run(SocketUtils.java:91)
	at io.netty.util.internal.SocketUtils$3.run(SocketUtils.java:88)
	at java.base/java.security.AccessController.doPrivileged(AccessController.java:569)
	at io.netty.util.internal.SocketUtils.connect(SocketUtils.java:88)
	at io.netty.channel.socket.nio.NioSocketChannel.doConnect(NioSocketChannel.java:322)
	at io.netty.channel.nio.AbstractNioChannel$AbstractNioUnsafe.connect(AbstractNioChannel.java:250)
	at io.netty.channel.DefaultChannelPipeline$HeadContext.connect(DefaultChannelPipeline.java:1342)
	at io.netty.channel.AbstractChannelHandlerContext.invokeConnect(AbstractChannelHandlerContext.java:655)
	at io.netty.channel.AbstractChannelHandlerContext.connect(AbstractChannelHandlerContext.java:634)
	at io.netty.channel.AbstractChannelHandlerContext.connect(AbstractChannelHandlerContext.java:618)
	at io.netty.channel.DefaultChannelPipeline.connect(DefaultChannelPipeline.java:978)
	at io.netty.channel.AbstractChannel.connect(AbstractChannel.java:265)
	at io.netty.bootstrap.Bootstrap$3.run(Bootstrap.java:264)
	at io.netty.util.concurrent.AbstractEventExecutor.runTask$$$capture(AbstractEventExecutor.java:173)
	at io.netty.util.concurrent.AbstractEventExecutor.runTask(AbstractEventExecutor.java)
	at io.netty.util.concurrent.AbstractEventExecutor.safeExecute$$$capture(AbstractEventExecutor.java:166)
	at io.netty.util.concurrent.AbstractEventExecutor.safeExecute(AbstractEventExecutor.java)
	at io.netty.util.concurrent.SingleThreadEventExecutor.runAllTasks(SingleThreadEventExecutor.java:470)
	at io.netty.channel.nio.NioEventLoop.run(NioEventLoop.java:569)
	at io.netty.util.concurrent.SingleThreadEventExecutor$4.run(SingleThreadEventExecutor.java:997)
	at io.netty.util.internal.ThreadExecutorMap$2.run(ThreadExecutorMap.java:74)
	at io.netty.util.concurrent.FastThreadLocalRunnable.run(FastThreadLocalRunnable.java:30)
	at java.base/java.lang.Thread.run(Thread.java:842)
2025-12-24 11:37:20.451 [lettuce-eventExecutorLoop-1-3] INFO  i.l.core.protocol.ConnectionWatchdog - Reconnecting, last destination was 192.168.101.128/<unresolved>:6379
2025-12-24 11:37:20.458 [lettuce-nioEventLoop-4-5] INFO  i.l.c.protocol.ReconnectionHandler - Reconnected to 192.168.101.128/<unresolved>:6379
2025-12-24 11:39:33.505 [idle-monitor-exp-gateway] INFO  SERVICE_IDLE_MONITOR - ====== [SERVICE_IDLE] [exp-gateway] 系统已进入休眠，等待激活 ======
2025-12-24 11:42:03.508 [idle-monitor-exp-gateway] INFO  SERVICE_IDLE_MONITOR - ====== [SERVICE_IDLE] [exp-gateway] 系统已进入休眠，等待激活 ======
2025-12-24 11:44:33.498 [idle-monitor-exp-gateway] INFO  SERVICE_IDLE_MONITOR - ====== [SERVICE_IDLE] [exp-gateway] 系统已进入休眠，等待激活 ======
2025-12-24 11:46:33.505 [idle-monitor-exp-gateway] INFO  SERVICE_IDLE_MONITOR - ====== [SERVICE_IDLE] [exp-gateway] 系统已进入休眠，等待激活 ======
2025-12-24 11:49:03.495 [idle-monitor-exp-gateway] INFO  SERVICE_IDLE_MONITOR - ====== [SERVICE_IDLE] [exp-gateway] 系统已进入休眠，等待激活 ======
2025-12-24 11:51:03.505 [idle-monitor-exp-gateway] INFO  SERVICE_IDLE_MONITOR - ====== [SERVICE_IDLE] [exp-gateway] 系统已进入休眠，等待激活 ======
2025-12-24 11:52:36.868 [lettuce-nioEventLoop-4-5] INFO  i.l.core.protocol.CommandHandler - null Unexpected exception during request: java.net.SocketException: Connection reset
java.net.SocketException: Connection reset
	at java.base/sun.nio.ch.SocketChannelImpl.throwConnectionReset(SocketChannelImpl.java:394)
	at java.base/sun.nio.ch.SocketChannelImpl.read(SocketChannelImpl.java:426)
	at io.netty.buffer.PooledByteBuf.setBytes(PooledByteBuf.java:255)
	at io.netty.buffer.AbstractByteBuf.writeBytes(AbstractByteBuf.java:1132)
	at io.netty.channel.socket.nio.NioSocketChannel.doReadBytes(NioSocketChannel.java:357)
	at io.netty.channel.nio.AbstractNioByteChannel$NioByteUnsafe.read(AbstractNioByteChannel.java:151)
	at io.netty.channel.nio.NioEventLoop.processSelectedKey(NioEventLoop.java:788)
	at io.netty.channel.nio.NioEventLoop.processSelectedKeysOptimized(NioEventLoop.java:724)
	at io.netty.channel.nio.NioEventLoop.processSelectedKeys(NioEventLoop.java:650)
	at io.netty.channel.nio.NioEventLoop.run(NioEventLoop.java:562)
	at io.netty.util.concurrent.SingleThreadEventExecutor$4.run(SingleThreadEventExecutor.java:997)
	at io.netty.util.internal.ThreadExecutorMap$2.run(ThreadExecutorMap.java:74)
	at io.netty.util.concurrent.FastThreadLocalRunnable.run(FastThreadLocalRunnable.java:30)
	at java.base/java.lang.Thread.run(Thread.java:842)
2025-12-24 11:52:37.014 [lettuce-eventExecutorLoop-1-5] INFO  i.l.core.protocol.ConnectionWatchdog - Reconnecting, last destination was /192.168.101.128:6379
2025-12-24 11:52:37.033 [lettuce-nioEventLoop-4-6] INFO  i.l.c.protocol.ReconnectionHandler - Reconnected to 192.168.101.128/<unresolved>:6379
2025-12-24 11:55:03.506 [idle-monitor-exp-gateway] INFO  SERVICE_IDLE_MONITOR - ====== [SERVICE_IDLE] [exp-gateway] 系统已进入休眠，等待激活 ======
2025-12-24 11:57:33.505 [idle-monitor-exp-gateway] INFO  SERVICE_IDLE_MONITOR - ====== [SERVICE_IDLE] [exp-gateway] 系统已进入休眠，等待激活 ======
2025-12-24 12:00:03.497 [idle-monitor-exp-gateway] INFO  SERVICE_IDLE_MONITOR - ====== [SERVICE_IDLE] [exp-gateway] 系统已进入休眠，等待激活 ======
2025-12-24 12:02:03.500 [idle-monitor-exp-gateway] INFO  SERVICE_IDLE_MONITOR - ====== [SERVICE_IDLE] [exp-gateway] 系统已进入休眠，等待激活 ======
2025-12-24 12:04:33.507 [idle-monitor-exp-gateway] INFO  SERVICE_IDLE_MONITOR - ====== [SERVICE_IDLE] [exp-gateway] 系统已进入休眠，等待激活 ======
2025-12-24 12:07:03.501 [idle-monitor-exp-gateway] INFO  SERVICE_IDLE_MONITOR - ====== [SERVICE_IDLE] [exp-gateway] 系统已进入休眠，等待激活 ======
2025-12-24 12:09:03.502 [idle-monitor-exp-gateway] INFO  SERVICE_IDLE_MONITOR - ====== [SERVICE_IDLE] [exp-gateway] 系统已进入休眠，等待激活 ======
2025-12-24 12:11:33.505 [idle-monitor-exp-gateway] INFO  SERVICE_IDLE_MONITOR - ====== [SERVICE_IDLE] [exp-gateway] 系统已进入休眠，等待激活 ======
2025-12-24 12:14:03.501 [idle-monitor-exp-gateway] INFO  SERVICE_IDLE_MONITOR - ====== [SERVICE_IDLE] [exp-gateway] 系统已进入休眠，等待激活 ======
2025-12-24 12:16:03.503 [idle-monitor-exp-gateway] INFO  SERVICE_IDLE_MONITOR - ====== [SERVICE_IDLE] [exp-gateway] 系统已进入休眠，等待激活 ======
2025-12-24 12:18:33.498 [idle-monitor-exp-gateway] INFO  SERVICE_IDLE_MONITOR - ====== [SERVICE_IDLE] [exp-gateway] 系统已进入休眠，等待激活 ======
2025-12-24 12:20:33.505 [idle-monitor-exp-gateway] INFO  SERVICE_IDLE_MONITOR - ====== [SERVICE_IDLE] [exp-gateway] 系统已进入休眠，等待激活 ======
2025-12-24 12:23:03.504 [idle-monitor-exp-gateway] INFO  SERVICE_IDLE_MONITOR - ====== [SERVICE_IDLE] [exp-gateway] 系统已进入休眠，等待激活 ======
2025-12-24 12:25:33.495 [idle-monitor-exp-gateway] INFO  SERVICE_IDLE_MONITOR - ====== [SERVICE_IDLE] [exp-gateway] 系统已进入休眠，等待激活 ======
2025-12-24 12:27:33.501 [idle-monitor-exp-gateway] INFO  SERVICE_IDLE_MONITOR - ====== [SERVICE_IDLE] [exp-gateway] 系统已进入休眠，等待激活 ======
2025-12-24 12:29:33.505 [idle-monitor-exp-gateway] INFO  SERVICE_IDLE_MONITOR - ====== [SERVICE_IDLE] [exp-gateway] 系统已进入休眠，等待激活 ======
2025-12-24 12:31:33.505 [idle-monitor-exp-gateway] INFO  SERVICE_IDLE_MONITOR - ====== [SERVICE_IDLE] [exp-gateway] 系统已进入休眠，等待激活 ======
2025-12-24 12:34:03.494 [idle-monitor-exp-gateway] INFO  SERVICE_IDLE_MONITOR - ====== [SERVICE_IDLE] [exp-gateway] 系统已进入休眠，等待激活 ======
2025-12-24 12:36:03.500 [idle-monitor-exp-gateway] INFO  SERVICE_IDLE_MONITOR - ====== [SERVICE_IDLE] [exp-gateway] 系统已进入休眠，等待激活 ======
2025-12-24 12:38:03.503 [idle-monitor-exp-gateway] INFO  SERVICE_IDLE_MONITOR - ====== [SERVICE_IDLE] [exp-gateway] 系统已进入休眠，等待激活 ======
2025-12-24 12:40:33.501 [idle-monitor-exp-gateway] INFO  SERVICE_IDLE_MONITOR - ====== [SERVICE_IDLE] [exp-gateway] 系统已进入休眠，等待激活 ======
2025-12-24 12:42:33.504 [idle-monitor-exp-gateway] INFO  SERVICE_IDLE_MONITOR - ====== [SERVICE_IDLE] [exp-gateway] 系统已进入休眠，等待激活 ======
2025-12-24 12:44:33.506 [idle-monitor-exp-gateway] INFO  SERVICE_IDLE_MONITOR - ====== [SERVICE_IDLE] [exp-gateway] 系统已进入休眠，等待激活 ======
2025-12-24 12:47:03.502 [idle-monitor-exp-gateway] INFO  SERVICE_IDLE_MONITOR - ====== [SERVICE_IDLE] [exp-gateway] 系统已进入休眠，等待激活 ======
2025-12-24 12:49:33.501 [idle-monitor-exp-gateway] INFO  SERVICE_IDLE_MONITOR - ====== [SERVICE_IDLE] [exp-gateway] 系统已进入休眠，等待激活 ======
2025-12-24 12:52:03.506 [idle-monitor-exp-gateway] INFO  SERVICE_IDLE_MONITOR - ====== [SERVICE_IDLE] [exp-gateway] 系统已进入休眠，等待激活 ======
2025-12-24 12:54:33.500 [idle-monitor-exp-gateway] INFO  SERVICE_IDLE_MONITOR - ====== [SERVICE_IDLE] [exp-gateway] 系统已进入休眠，等待激活 ======
2025-12-24 12:57:03.493 [idle-monitor-exp-gateway] INFO  SERVICE_IDLE_MONITOR - ====== [SERVICE_IDLE] [exp-gateway] 系统已进入休眠，等待激活 ======
2025-12-24 12:59:03.494 [idle-monitor-exp-gateway] INFO  SERVICE_IDLE_MONITOR - ====== [SERVICE_IDLE] [exp-gateway] 系统已进入休眠，等待激活 ======
2025-12-24 13:01:03.501 [idle-monitor-exp-gateway] INFO  SERVICE_IDLE_MONITOR - ====== [SERVICE_IDLE] [exp-gateway] 系统已进入休眠，等待激活 ======
2025-12-24 13:03:03.503 [idle-monitor-exp-gateway] INFO  SERVICE_IDLE_MONITOR - ====== [SERVICE_IDLE] [exp-gateway] 系统已进入休眠，等待激活 ======
2025-12-24 13:05:33.498 [idle-monitor-exp-gateway] INFO  SERVICE_IDLE_MONITOR - ====== [SERVICE_IDLE] [exp-gateway] 系统已进入休眠，等待激活 ======
2025-12-24 13:07:33.501 [idle-monitor-exp-gateway] INFO  SERVICE_IDLE_MONITOR - ====== [SERVICE_IDLE] [exp-gateway] 系统已进入休眠，等待激活 ======
2025-12-24 13:09:33.508 [idle-monitor-exp-gateway] INFO  SERVICE_IDLE_MONITOR - ====== [SERVICE_IDLE] [exp-gateway] 系统已进入休眠，等待激活 ======
2025-12-24 13:12:03.503 [idle-monitor-exp-gateway] INFO  SERVICE_IDLE_MONITOR - ====== [SERVICE_IDLE] [exp-gateway] 系统已进入休眠，等待激活 ======
2025-12-24 13:14:33.501 [idle-monitor-exp-gateway] INFO  SERVICE_IDLE_MONITOR - ====== [SERVICE_IDLE] [exp-gateway] 系统已进入休眠，等待激活 ======
2025-12-24 13:17:03.500 [idle-monitor-exp-gateway] INFO  SERVICE_IDLE_MONITOR - ====== [SERVICE_IDLE] [exp-gateway] 系统已进入休眠，等待激活 ======
2025-12-24 13:19:33.501 [idle-monitor-exp-gateway] INFO  SERVICE_IDLE_MONITOR - ====== [SERVICE_IDLE] [exp-gateway] 系统已进入休眠，等待激活 ======
2025-12-24 13:22:03.500 [idle-monitor-exp-gateway] INFO  SERVICE_IDLE_MONITOR - ====== [SERVICE_IDLE] [exp-gateway] 系统已进入休眠，等待激活 ======
2025-12-24 13:24:03.509 [idle-monitor-exp-gateway] INFO  SERVICE_IDLE_MONITOR - ====== [SERVICE_IDLE] [exp-gateway] 系统已进入休眠，等待激活 ======
2025-12-24 13:26:33.506 [idle-monitor-exp-gateway] INFO  SERVICE_IDLE_MONITOR - ====== [SERVICE_IDLE] [exp-gateway] 系统已进入休眠，等待激活 ======
2025-12-24 13:29:03.500 [idle-monitor-exp-gateway] INFO  SERVICE_IDLE_MONITOR - ====== [SERVICE_IDLE] [exp-gateway] 系统已进入休眠，等待激活 ======
2025-12-24 13:31:33.495 [idle-monitor-exp-gateway] INFO  SERVICE_IDLE_MONITOR - ====== [SERVICE_IDLE] [exp-gateway] 系统已进入休眠，等待激活 ======
2025-12-24 13:34:03.499 [idle-monitor-exp-gateway] INFO  SERVICE_IDLE_MONITOR - ====== [SERVICE_IDLE] [exp-gateway] 系统已进入休眠，等待激活 ======
2025-12-24 13:36:03.503 [idle-monitor-exp-gateway] INFO  SERVICE_IDLE_MONITOR - ====== [SERVICE_IDLE] [exp-gateway] 系统已进入休眠，等待激活 ======
2025-12-24 13:38:33.497 [idle-monitor-exp-gateway] INFO  SERVICE_IDLE_MONITOR - ====== [SERVICE_IDLE] [exp-gateway] 系统已进入休眠，等待激活 ======
2025-12-24 13:40:33.498 [idle-monitor-exp-gateway] INFO  SERVICE_IDLE_MONITOR - ====== [SERVICE_IDLE] [exp-gateway] 系统已进入休眠，等待激活 ======
2025-12-24 13:43:03.508 [idle-monitor-exp-gateway] INFO  SERVICE_IDLE_MONITOR - ====== [SERVICE_IDLE] [exp-gateway] 系统已进入休眠，等待激活 ======
2025-12-24 13:45:33.500 [idle-monitor-exp-gateway] INFO  SERVICE_IDLE_MONITOR - ====== [SERVICE_IDLE] [exp-gateway] 系统已进入休眠，等待激活 ======
2025-12-24 13:47:33.503 [idle-monitor-exp-gateway] INFO  SERVICE_IDLE_MONITOR - ====== [SERVICE_IDLE] [exp-gateway] 系统已进入休眠，等待激活 ======
2025-12-24 13:50:03.497 [idle-monitor-exp-gateway] INFO  SERVICE_IDLE_MONITOR - ====== [SERVICE_IDLE] [exp-gateway] 系统已进入休眠，等待激活 ======
2025-12-24 13:52:03.498 [idle-monitor-exp-gateway] INFO  SERVICE_IDLE_MONITOR - ====== [SERVICE_IDLE] [exp-gateway] 系统已进入休眠，等待激活 ======
2025-12-24 13:54:33.507 [idle-monitor-exp-gateway] INFO  SERVICE_IDLE_MONITOR - ====== [SERVICE_IDLE] [exp-gateway] 系统已进入休眠，等待激活 ======
2025-12-24 13:57:03.503 [idle-monitor-exp-gateway] INFO  SERVICE_IDLE_MONITOR - ====== [SERVICE_IDLE] [exp-gateway] 系统已进入休眠，等待激活 ======
2025-12-24 13:59:33.500 [idle-monitor-exp-gateway] INFO  SERVICE_IDLE_MONITOR - ====== [SERVICE_IDLE] [exp-gateway] 系统已进入休眠，等待激活 ======
2025-12-24 14:01:33.504 [idle-monitor-exp-gateway] INFO  SERVICE_IDLE_MONITOR - ====== [SERVICE_IDLE] [exp-gateway] 系统已进入休眠，等待激活 ======
2025-12-24 14:04:03.496 [idle-monitor-exp-gateway] INFO  SERVICE_IDLE_MONITOR - ====== [SERVICE_IDLE] [exp-gateway] 系统已进入休眠，等待激活 ======
2025-12-24 14:06:03.501 [idle-monitor-exp-gateway] INFO  SERVICE_IDLE_MONITOR - ====== [SERVICE_IDLE] [exp-gateway] 系统已进入休眠，等待激活 ======
2025-12-24 14:08:33.506 [idle-monitor-exp-gateway] INFO  SERVICE_IDLE_MONITOR - ====== [SERVICE_IDLE] [exp-gateway] 系统已进入休眠，等待激活 ======
2025-12-24 14:09:17.300 [lettuce-nioEventLoop-4-6] INFO  i.l.core.protocol.CommandHandler - null Unexpected exception during request: java.net.SocketException: Connection reset
java.net.SocketException: Connection reset
	at java.base/sun.nio.ch.SocketChannelImpl.throwConnectionReset(SocketChannelImpl.java:394)
	at java.base/sun.nio.ch.SocketChannelImpl.read(SocketChannelImpl.java:426)
	at io.netty.buffer.PooledByteBuf.setBytes(PooledByteBuf.java:255)
	at io.netty.buffer.AbstractByteBuf.writeBytes(AbstractByteBuf.java:1132)
	at io.netty.channel.socket.nio.NioSocketChannel.doReadBytes(NioSocketChannel.java:357)
	at io.netty.channel.nio.AbstractNioByteChannel$NioByteUnsafe.read(AbstractNioByteChannel.java:151)
	at io.netty.channel.nio.NioEventLoop.processSelectedKey(NioEventLoop.java:788)
	at io.netty.channel.nio.NioEventLoop.processSelectedKeysOptimized(NioEventLoop.java:724)
	at io.netty.channel.nio.NioEventLoop.processSelectedKeys(NioEventLoop.java:650)
	at io.netty.channel.nio.NioEventLoop.run(NioEventLoop.java:562)
	at io.netty.util.concurrent.SingleThreadEventExecutor$4.run(SingleThreadEventExecutor.java:997)
	at io.netty.util.internal.ThreadExecutorMap$2.run(ThreadExecutorMap.java:74)
	at io.netty.util.concurrent.FastThreadLocalRunnable.run(FastThreadLocalRunnable.java:30)
	at java.base/java.lang.Thread.run(Thread.java:842)
2025-12-24 14:09:17.363 [lettuce-eventExecutorLoop-1-6] INFO  i.l.core.protocol.ConnectionWatchdog - Reconnecting, last destination was /192.168.101.128:6379
2025-12-24 14:09:17.368 [lettuce-nioEventLoop-4-7] INFO  i.l.c.protocol.ReconnectionHandler - Reconnected to 192.168.101.128/<unresolved>:6379
2025-12-24 14:11:33.494 [idle-monitor-exp-gateway] INFO  SERVICE_IDLE_MONITOR - ====== [SERVICE_IDLE] [exp-gateway] 系统已进入休眠，等待激活 ======
2025-12-24 14:13:33.497 [idle-monitor-exp-gateway] INFO  SERVICE_IDLE_MONITOR - ====== [SERVICE_IDLE] [exp-gateway] 系统已进入休眠，等待激活 ======
2025-12-24 14:15:33.502 [idle-monitor-exp-gateway] INFO  SERVICE_IDLE_MONITOR - ====== [SERVICE_IDLE] [exp-gateway] 系统已进入休眠，等待激活 ======
2025-12-24 14:18:03.497 [idle-monitor-exp-gateway] INFO  SERVICE_IDLE_MONITOR - ====== [SERVICE_IDLE] [exp-gateway] 系统已进入休眠，等待激活 ======
2025-12-24 14:20:03.509 [idle-monitor-exp-gateway] INFO  SERVICE_IDLE_MONITOR - ====== [SERVICE_IDLE] [exp-gateway] 系统已进入休眠，等待激活 ======
2025-12-24 14:22:33.503 [idle-monitor-exp-gateway] INFO  SERVICE_IDLE_MONITOR - ====== [SERVICE_IDLE] [exp-gateway] 系统已进入休眠，等待激活 ======
2025-12-24 14:25:03.504 [idle-monitor-exp-gateway] INFO  SERVICE_IDLE_MONITOR - ====== [SERVICE_IDLE] [exp-gateway] 系统已进入休眠，等待激活 ======
2025-12-24 14:27:33.498 [idle-monitor-exp-gateway] INFO  SERVICE_IDLE_MONITOR - ====== [SERVICE_IDLE] [exp-gateway] 系统已进入休眠，等待激活 ======
2025-12-24 14:30:03.504 [idle-monitor-exp-gateway] INFO  SERVICE_IDLE_MONITOR - ====== [SERVICE_IDLE] [exp-gateway] 系统已进入休眠，等待激活 ======
2025-12-24 14:32:33.509 [idle-monitor-exp-gateway] INFO  SERVICE_IDLE_MONITOR - ====== [SERVICE_IDLE] [exp-gateway] 系统已进入休眠，等待激活 ======
2025-12-24 14:35:03.495 [idle-monitor-exp-gateway] INFO  SERVICE_IDLE_MONITOR - ====== [SERVICE_IDLE] [exp-gateway] 系统已进入休眠，等待激活 ======
2025-12-24 14:37:03.507 [idle-monitor-exp-gateway] INFO  SERVICE_IDLE_MONITOR - ====== [SERVICE_IDLE] [exp-gateway] 系统已进入休眠，等待激活 ======
2025-12-24 14:39:33.499 [idle-monitor-exp-gateway] INFO  SERVICE_IDLE_MONITOR - ====== [SERVICE_IDLE] [exp-gateway] 系统已进入休眠，等待激活 ======
2025-12-24 14:41:33.502 [idle-monitor-exp-gateway] INFO  SERVICE_IDLE_MONITOR - ====== [SERVICE_IDLE] [exp-gateway] 系统已进入休眠，等待激活 ======
2025-12-24 14:42:14.363 [lettuce-nioEventLoop-4-7] INFO  i.l.core.protocol.CommandHandler - null Unexpected exception during request: java.net.SocketException: Connection reset
java.net.SocketException: Connection reset
	at java.base/sun.nio.ch.SocketChannelImpl.throwConnectionReset(SocketChannelImpl.java:394)
	at java.base/sun.nio.ch.SocketChannelImpl.read(SocketChannelImpl.java:426)
	at io.netty.buffer.PooledByteBuf.setBytes(PooledByteBuf.java:255)
	at io.netty.buffer.AbstractByteBuf.writeBytes(AbstractByteBuf.java:1132)
	at io.netty.channel.socket.nio.NioSocketChannel.doReadBytes(NioSocketChannel.java:357)
	at io.netty.channel.nio.AbstractNioByteChannel$NioByteUnsafe.read(AbstractNioByteChannel.java:151)
	at io.netty.channel.nio.NioEventLoop.processSelectedKey(NioEventLoop.java:788)
	at io.netty.channel.nio.NioEventLoop.processSelectedKeysOptimized(NioEventLoop.java:724)
	at io.netty.channel.nio.NioEventLoop.processSelectedKeys(NioEventLoop.java:650)
	at io.netty.channel.nio.NioEventLoop.run(NioEventLoop.java:562)
	at io.netty.util.concurrent.SingleThreadEventExecutor$4.run(SingleThreadEventExecutor.java:997)
	at io.netty.util.internal.ThreadExecutorMap$2.run(ThreadExecutorMap.java:74)
	at io.netty.util.concurrent.FastThreadLocalRunnable.run(FastThreadLocalRunnable.java:30)
	at java.base/java.lang.Thread.run(Thread.java:842)
2025-12-24 14:42:14.457 [lettuce-eventExecutorLoop-1-7] INFO  i.l.core.protocol.ConnectionWatchdog - Reconnecting, last destination was /192.168.101.128:6379
2025-12-24 14:42:14.515 [lettuce-nioEventLoop-4-8] INFO  i.l.c.protocol.ReconnectionHandler - Reconnected to 192.168.101.128/<unresolved>:6379
2025-12-24 14:44:33.507 [idle-monitor-exp-gateway] INFO  SERVICE_IDLE_MONITOR - ====== [SERVICE_IDLE] [exp-gateway] 系统已进入休眠，等待激活 ======
2025-12-24 14:47:03.493 [idle-monitor-exp-gateway] INFO  SERVICE_IDLE_MONITOR - ====== [SERVICE_IDLE] [exp-gateway] 系统已进入休眠，等待激活 ======
2025-12-24 14:49:03.499 [idle-monitor-exp-gateway] INFO  SERVICE_IDLE_MONITOR - ====== [SERVICE_IDLE] [exp-gateway] 系统已进入休眠，等待激活 ======
2025-12-24 14:50:45.261 [lettuce-nioEventLoop-4-8] INFO  i.l.core.protocol.CommandHandler - null Unexpected exception during request: java.net.SocketException: Connection reset
java.net.SocketException: Connection reset
	at java.base/sun.nio.ch.SocketChannelImpl.throwConnectionReset(SocketChannelImpl.java:394)
	at java.base/sun.nio.ch.SocketChannelImpl.read(SocketChannelImpl.java:426)
	at io.netty.buffer.PooledByteBuf.setBytes(PooledByteBuf.java:255)
	at io.netty.buffer.AbstractByteBuf.writeBytes(AbstractByteBuf.java:1132)
	at io.netty.channel.socket.nio.NioSocketChannel.doReadBytes(NioSocketChannel.java:357)
	at io.netty.channel.nio.AbstractNioByteChannel$NioByteUnsafe.read(AbstractNioByteChannel.java:151)
	at io.netty.channel.nio.NioEventLoop.processSelectedKey(NioEventLoop.java:788)
	at io.netty.channel.nio.NioEventLoop.processSelectedKeysOptimized(NioEventLoop.java:724)
	at io.netty.channel.nio.NioEventLoop.processSelectedKeys(NioEventLoop.java:650)
	at io.netty.channel.nio.NioEventLoop.run(NioEventLoop.java:562)
	at io.netty.util.concurrent.SingleThreadEventExecutor$4.run(SingleThreadEventExecutor.java:997)
	at io.netty.util.internal.ThreadExecutorMap$2.run(ThreadExecutorMap.java:74)
	at io.netty.util.concurrent.FastThreadLocalRunnable.run(FastThreadLocalRunnable.java:30)
	at java.base/java.lang.Thread.run(Thread.java:842)
2025-12-24 14:50:45.362 [lettuce-eventExecutorLoop-1-1] INFO  i.l.core.protocol.ConnectionWatchdog - Reconnecting, last destination was /192.168.101.128:6379
2025-12-24 14:50:45.385 [lettuce-nioEventLoop-4-1] INFO  i.l.c.protocol.ReconnectionHandler - Reconnected to 192.168.101.128/<unresolved>:6379
2025-12-24 14:53:03.499 [idle-monitor-exp-gateway] INFO  SERVICE_IDLE_MONITOR - ====== [SERVICE_IDLE] [exp-gateway] 系统已进入休眠，等待激活 ======
2025-12-24 14:54:11.643 [Thread-2] WARN  c.a.n.c.executor.ThreadPoolManager - [ThreadPoolManager] Start destroying ThreadPool
2025-12-24 14:54:11.643 [Thread-19] WARN  c.a.n.c.http.HttpClientBeanHolder - [HttpClientBeanHolder] Start destroying common HttpClient
2025-12-24 14:54:11.644 [Thread-17] WARN  c.a.nacos.common.notify.NotifyCenter - [NotifyCenter] Start destroying Publisher
2025-12-24 14:54:11.644 [Thread-17] WARN  c.a.nacos.common.notify.NotifyCenter - [NotifyCenter] Destruction of the end
2025-12-24 14:54:11.645 [Thread-2] WARN  c.a.n.c.executor.ThreadPoolManager - [ThreadPoolManager] Destruction of the end
2025-12-24 14:54:11.647 [Thread-19] WARN  c.a.n.c.http.HttpClientBeanHolder - [HttpClientBeanHolder] Destruction of the end
2025-12-24 14:54:11.659 [SpringApplicationShutdownHook] INFO  c.a.c.n.r.NacosServiceRegistry - De-registering from Nacos Server now...
2025-12-24 14:54:11.665 [SpringApplicationShutdownHook] INFO  c.a.c.n.r.NacosServiceRegistry - De-registration finished.
2025-12-24 15:32:23.756 [main] INFO  c.a.n.client.logging.NacosLogging - Nacos Logging Adapter Builder: com.alibaba.nacos.logger.adapter.logback12.LogbackNacosLoggingAdapterBuilder
2025-12-24 15:32:23.761 [main] INFO  c.a.n.client.logging.NacosLogging - Nacos Logging Adapter Builder: com.alibaba.nacos.logger.adapter.logback14.LogbackNacosLoggingAdapterBuilder
2025-12-24 15:32:23.763 [main] INFO  c.a.n.client.logging.NacosLogging - Nacos Logging Adapter: com.alibaba.nacos.logger.adapter.logback14.LogbackNacosLoggingAdapter match ch.qos.logback.classic.Logger success.
2025-12-24 15:32:23.777 [main] INFO  c.a.n.client.logging.NacosLogging - Nacos Logging Adapter Builder: com.alibaba.nacos.logger.adapter.log4j2.Log4j2NacosLoggingAdapterBuilder
2025-12-24 15:32:23.783 [background-preinit] INFO  o.h.validator.internal.util.Version - HV000001: Hibernate Validator 8.0.1.Final
2025-12-24 15:32:23.965 [main] INFO  jh.exp.gateway.GatewayApplication - Starting GatewayApplication using Java 17.0.12 with PID 29480 (D:\ieda_deta\exp_v2\exp-gateway\exp-gateway-service\target\classes started by Administrator in D:\ieda_deta\exp_v2)
2025-12-24 15:32:23.967 [main] INFO  jh.exp.gateway.GatewayApplication - No active profile set, falling back to 1 default profile: "default"
2025-12-24 15:32:25.446 [main] INFO  o.s.d.r.c.RepositoryConfigurationDelegate - Multiple Spring Data modules found, entering strict repository configuration mode
2025-12-24 15:32:25.452 [main] INFO  o.s.d.r.c.RepositoryConfigurationDelegate - Bootstrapping Spring Data Redis repositories in DEFAULT mode.
2025-12-24 15:32:25.501 [main] INFO  o.s.d.r.c.RepositoryConfigurationDelegate - Finished Spring Data repository scanning in 20 ms. Found 0 Redis repository interfaces.
2025-12-24 15:32:25.798 [main] INFO  o.s.cloud.context.scope.GenericScope - BeanFactory id=7e6e0df0-e3ba-3e0b-bf3a-2ad4627fb87b
2025-12-24 15:32:25.906 [main] WARN  o.s.c.s.PostProcessorRegistrationDelegate$BeanPostProcessorChecker - Bean 'org.springframework.cloud.client.loadbalancer.LoadBalancerAutoConfiguration$DeferringLoadBalancerInterceptorConfig' of type [org.springframework.cloud.client.loadbalancer.LoadBalancerAutoConfiguration$DeferringLoadBalancerInterceptorConfig] is not eligible for getting processed by all BeanPostProcessors (for example: not eligible for auto-proxying). The currently created BeanPostProcessor [lbRestClientPostProcessor] is declared through a non-static factory method on that class; consider declaring it as static instead.
2025-12-24 15:32:25.908 [main] WARN  o.s.c.s.PostProcessorRegistrationDelegate$BeanPostProcessorChecker - Bean 'deferringLoadBalancerInterceptor' of type [org.springframework.cloud.client.loadbalancer.DeferringLoadBalancerInterceptor] is not eligible for getting processed by all BeanPostProcessors (for example: not eligible for auto-proxying). Is this bean getting eagerly injected into a currently created BeanPostProcessor [lbRestClientPostProcessor]? Check the corresponding BeanPostProcessor declaration and its dependencies.
2025-12-24 15:32:25.910 [main] WARN  o.s.c.s.PostProcessorRegistrationDelegate$BeanPostProcessorChecker - Bean 'org.springframework.cloud.client.loadbalancer.reactive.LoadBalancerBeanPostProcessorAutoConfiguration' of type [org.springframework.cloud.client.loadbalancer.reactive.LoadBalancerBeanPostProcessorAutoConfiguration] is not eligible for getting processed by all BeanPostProcessors (for example: not eligible for auto-proxying). The currently created BeanPostProcessor [loadBalancerWebClientBuilderBeanPostProcessor] is declared through a non-static factory method on that class; consider declaring it as static instead.
2025-12-24 15:32:25.911 [main] WARN  o.s.c.s.PostProcessorRegistrationDelegate$BeanPostProcessorChecker - Bean 'org.springframework.cloud.client.loadbalancer.reactive.LoadBalancerBeanPostProcessorAutoConfiguration$ReactorDeferringLoadBalancerFilterConfig' of type [org.springframework.cloud.client.loadbalancer.reactive.LoadBalancerBeanPostProcessorAutoConfiguration$ReactorDeferringLoadBalancerFilterConfig] is not eligible for getting processed by all BeanPostProcessors (for example: not eligible for auto-proxying). Is this bean getting eagerly injected into a currently created BeanPostProcessor [loadBalancerWebClientBuilderBeanPostProcessor]? Check the corresponding BeanPostProcessor declaration and its dependencies.
2025-12-24 15:32:25.913 [main] WARN  o.s.c.s.PostProcessorRegistrationDelegate$BeanPostProcessorChecker - Bean 'reactorDeferringLoadBalancerExchangeFilterFunction' of type [org.springframework.cloud.client.loadbalancer.reactive.DeferringLoadBalancerExchangeFilterFunction] is not eligible for getting processed by all BeanPostProcessors (for example: not eligible for auto-proxying). Is this bean getting eagerly injected into a currently created BeanPostProcessor [loadBalancerWebClientBuilderBeanPostProcessor]? Check the corresponding BeanPostProcessor declaration and its dependencies.
2025-12-24 15:32:26.256 [main] INFO  o.s.b.w.e.tomcat.TomcatWebServer - Tomcat initialized with port 9000 (http)
2025-12-24 15:32:26.278 [main] INFO  o.a.coyote.http11.Http11NioProtocol - Initializing ProtocolHandler ["http-nio-9000"]
2025-12-24 15:32:26.280 [main] INFO  o.a.catalina.core.StandardService - Starting service [Tomcat]
2025-12-24 15:32:26.281 [main] INFO  o.a.catalina.core.StandardEngine - Starting Servlet engine: [Apache Tomcat/10.1.20]
2025-12-24 15:32:29.430 [main] INFO  o.s.c.g.r.RouteDefinitionRouteLocator - Loaded RoutePredicateFactory [After]
2025-12-24 15:32:29.430 [main] INFO  o.s.c.g.r.RouteDefinitionRouteLocator - Loaded RoutePredicateFactory [Before]
2025-12-24 15:32:29.430 [main] INFO  o.s.c.g.r.RouteDefinitionRouteLocator - Loaded RoutePredicateFactory [Between]
2025-12-24 15:32:29.430 [main] INFO  o.s.c.g.r.RouteDefinitionRouteLocator - Loaded RoutePredicateFactory [Cookie]
2025-12-24 15:32:29.430 [main] INFO  o.s.c.g.r.RouteDefinitionRouteLocator - Loaded RoutePredicateFactory [Header]
2025-12-24 15:32:29.431 [main] INFO  o.s.c.g.r.RouteDefinitionRouteLocator - Loaded RoutePredicateFactory [Host]
2025-12-24 15:32:29.431 [main] INFO  o.s.c.g.r.RouteDefinitionRouteLocator - Loaded RoutePredicateFactory [Method]
2025-12-24 15:32:29.431 [main] INFO  o.s.c.g.r.RouteDefinitionRouteLocator - Loaded RoutePredicateFactory [Path]
2025-12-24 15:32:29.431 [main] INFO  o.s.c.g.r.RouteDefinitionRouteLocator - Loaded RoutePredicateFactory [Query]
2025-12-24 15:32:29.431 [main] INFO  o.s.c.g.r.RouteDefinitionRouteLocator - Loaded RoutePredicateFactory [ReadBody]
2025-12-24 15:32:29.431 [main] INFO  o.s.c.g.r.RouteDefinitionRouteLocator - Loaded RoutePredicateFactory [RemoteAddr]
2025-12-24 15:32:29.431 [main] INFO  o.s.c.g.r.RouteDefinitionRouteLocator - Loaded RoutePredicateFactory [XForwardedRemoteAddr]
2025-12-24 15:32:29.431 [main] INFO  o.s.c.g.r.RouteDefinitionRouteLocator - Loaded RoutePredicateFactory [Weight]
2025-12-24 15:32:29.431 [main] INFO  o.s.c.g.r.RouteDefinitionRouteLocator - Loaded RoutePredicateFactory [CloudFoundryRouteService]
2025-12-24 15:32:30.396 [main] INFO  o.s.b.a.s.r.ReactiveUserDetailsServiceAutoConfiguration - 

Using generated security password: 7d39ae2d-313b-43d9-954d-82856f4bd552

2025-12-24 15:32:30.469 [main] WARN  o.s.c.l.c.LoadBalancerCacheAutoConfiguration$LoadBalancerCaffeineWarnLogger - Spring Cloud LoadBalancer is currently working with the default cache. While this cache implementation is useful for development and tests, it's recommended to use Caffeine cache in production.You can switch to using Caffeine cache, by adding it and org.springframework.cache.caffeine.CaffeineCacheManager to the classpath.
2025-12-24 15:32:30.574 [main] INFO  o.a.coyote.http11.Http11NioProtocol - Starting ProtocolHandler ["http-nio-9000"]
2025-12-24 15:32:30.684 [main] INFO  o.s.b.w.e.tomcat.TomcatWebServer - Tomcat started on port 9000 (http) with context path ''
2025-12-24 15:32:31.524 [main] INFO  c.a.n.p.a.s.c.ClientAuthPluginManager - [ClientAuthPluginManager] Load ClientAuthService com.alibaba.nacos.client.auth.impl.NacosClientAuthServiceImpl success.
2025-12-24 15:32:31.525 [main] INFO  c.a.n.p.a.s.c.ClientAuthPluginManager - [ClientAuthPluginManager] Load ClientAuthService com.alibaba.nacos.client.auth.ram.RamClientAuthServiceImpl success.
2025-12-24 15:32:33.947 [main] INFO  c.a.n.c.a.AbstractAbilityControlManager - Ready to get current node abilities...
2025-12-24 15:32:33.950 [main] INFO  c.a.n.c.a.AbstractAbilityControlManager - Ready to initialize current node abilities, support modes: [SDK_CLIENT]
2025-12-24 15:32:33.952 [main] INFO  c.a.n.c.a.AbstractAbilityControlManager - Initialize current abilities finish...
2025-12-24 15:32:33.953 [main] INFO  c.a.n.c.a.d.NacosAbilityManagerHolder - [AbilityControlManager] Successfully initialize AbilityControlManager
2025-12-24 15:32:34.037 [main] INFO  c.a.c.n.r.NacosServiceRegistry - nacos registry, DEFAULT_GROUP exp-gateway 192.168.56.1:9000 register finished
2025-12-24 15:32:34.164 [main] INFO  jh.exp.gateway.GatewayApplication - Started GatewayApplication in 11.818 seconds (process running for 14.074)
2025-12-24 15:34:53.743 [idle-monitor-exp-gateway] INFO  SERVICE_IDLE_MONITOR - ====== [SERVICE_IDLE] [exp-gateway] 系统已进入休眠，等待激活 ======
2025-12-24 15:37:23.747 [idle-monitor-exp-gateway] INFO  SERVICE_IDLE_MONITOR - ====== [SERVICE_IDLE] [exp-gateway] 系统已进入休眠，等待激活 ======
2025-12-24 15:39:11.844 [http-nio-9000-exec-3] WARN  j.e.g.a.f.JwtAuthenticationFilter - 请求未携带 Token，被拒绝，path=/exp/auth/person/queryPersonInfo
2025-12-24 15:41:23.751 [idle-monitor-exp-gateway] INFO  SERVICE_IDLE_MONITOR - ====== [SERVICE_IDLE] [exp-gateway] 系统已进入休眠，等待激活 ======
2025-12-24 15:43:53.742 [idle-monitor-exp-gateway] INFO  SERVICE_IDLE_MONITOR - ====== [SERVICE_IDLE] [exp-gateway] 系统已进入休眠，等待激活 ======
2025-12-24 15:44:03.488 [lettuce-nioEventLoop-4-1] INFO  j.e.g.a.f.JwtAuthenticationFilter - JWT 鉴权通过，userId=1，path=/exp/auth/person/queryPersonInfo
2025-12-24 15:44:03.489 [lettuce-nioEventLoop-4-1] INFO  jh.exp.gateway.AccessLog - [ACCESS][REQUEST] traceId=1ce2dd3c0afc4dde91f9a145943e7306 method=GET uri=/exp/auth/person/queryPersonInfo query=null ip=192.168.101.128 userId=1 userName=系统管理员
2025-12-24 15:44:03.752 [reactor-http-nio-3] INFO  jh.exp.gateway.AccessLog - [ACCESS][RESPONSE] traceId=1ce2dd3c0afc4dde91f9a145943e7306 method=GET uri=/exp/auth/person/queryPersonInfo status=500 cost=262ms userId=1 userName=系统管理员
2025-12-24 15:44:12.461 [lettuce-nioEventLoop-4-1] INFO  j.e.g.a.f.JwtAuthenticationFilter - JWT 鉴权通过，userId=1，path=/exp/auth/person/queryPersonInfo
2025-12-24 15:44:12.461 [lettuce-nioEventLoop-4-1] INFO  jh.exp.gateway.AccessLog - [ACCESS][REQUEST] traceId=127625fab8294f2eb5165baca547d98d method=GET uri=/exp/auth/person/queryPersonInfo query=null ip=192.168.101.128 userId=1 userName=系统管理员
2025-12-24 15:44:21.905 [reactor-http-nio-4] INFO  jh.exp.gateway.AccessLog - [ACCESS][RESPONSE] traceId=127625fab8294f2eb5165baca547d98d method=GET uri=/exp/auth/person/queryPersonInfo status=500 cost=9443ms userId=1 userName=系统管理员
2025-12-24 15:46:23.746 [idle-monitor-exp-gateway] INFO  SERVICE_IDLE_MONITOR - ====== [SERVICE_IDLE] [exp-gateway] 系统已进入休眠，等待激活 ======
2025-12-24 15:48:24.392 [lettuce-nioEventLoop-4-1] INFO  j.e.g.a.f.JwtAuthenticationFilter - JWT 鉴权通过，userId=1，path=/exp/auth/person/queryPersonInfo
2025-12-24 15:48:24.393 [lettuce-nioEventLoop-4-1] INFO  jh.exp.gateway.AccessLog - [ACCESS][REQUEST] traceId=0307e00a37e44cb1bf54e9bea3c36427 method=GET uri=/exp/auth/person/queryPersonInfo query=null ip=192.168.101.128 userId=1 userName=系统管理员
2025-12-24 15:48:27.516 [reactor-http-nio-5] INFO  jh.exp.gateway.AccessLog - [ACCESS][RESPONSE] traceId=0307e00a37e44cb1bf54e9bea3c36427 method=GET uri=/exp/auth/person/queryPersonInfo status=500 cost=3123ms userId=1 userName=系统管理员
2025-12-24 15:50:53.747 [idle-monitor-exp-gateway] INFO  SERVICE_IDLE_MONITOR - ====== [SERVICE_IDLE] [exp-gateway] 系统已进入休眠，等待激活 ======
2025-12-24 15:52:30.130 [lettuce-nioEventLoop-4-1] INFO  j.e.g.a.f.JwtAuthenticationFilter - JWT 鉴权通过，userId=1，path=/exp/auth/person/queryPersonInfo
2025-12-24 15:52:30.130 [lettuce-nioEventLoop-4-1] INFO  jh.exp.gateway.AccessLog - [ACCESS][REQUEST] traceId=a1b25ff38f554cb9b06fddafa8a2e569 method=GET uri=/exp/auth/person/queryPersonInfo query=null ip=192.168.101.128 userId=1 userName=系统管理员
2025-12-24 15:52:32.576 [reactor-http-nio-6] INFO  jh.exp.gateway.AccessLog - [ACCESS][RESPONSE] traceId=a1b25ff38f554cb9b06fddafa8a2e569 method=GET uri=/exp/auth/person/queryPersonInfo status=500 cost=2445ms userId=1 userName=系统管理员
2025-12-24 15:52:47.148 [lettuce-nioEventLoop-4-1] INFO  j.e.g.a.f.JwtAuthenticationFilter - JWT 鉴权通过，userId=1，path=/exp/auth/person/queryPersonInfo
2025-12-24 15:52:47.148 [lettuce-nioEventLoop-4-1] INFO  jh.exp.gateway.AccessLog - [ACCESS][REQUEST] traceId=2861d8a643fe461682c4ed5a1f111719 method=GET uri=/exp/auth/person/queryPersonInfo query=null ip=192.168.101.128 userId=1 userName=系统管理员
2025-12-24 15:52:48.972 [reactor-http-nio-7] INFO  jh.exp.gateway.AccessLog - [ACCESS][RESPONSE] traceId=2861d8a643fe461682c4ed5a1f111719 method=GET uri=/exp/auth/person/queryPersonInfo status=500 cost=1823ms userId=1 userName=系统管理员
2025-12-24 15:54:53.748 [idle-monitor-exp-gateway] INFO  SERVICE_IDLE_MONITOR - ====== [SERVICE_IDLE] [exp-gateway] 系统已进入休眠，等待激活 ======
2025-12-24 15:57:23.740 [idle-monitor-exp-gateway] INFO  SERVICE_IDLE_MONITOR - ====== [SERVICE_IDLE] [exp-gateway] 系统已进入休眠，等待激活 ======
2025-12-24 15:57:52.811 [Thread-19] WARN  c.a.n.c.http.HttpClientBeanHolder - [HttpClientBeanHolder] Start destroying common HttpClient
2025-12-24 15:57:52.811 [Thread-2] WARN  c.a.n.c.executor.ThreadPoolManager - [ThreadPoolManager] Start destroying ThreadPool
2025-12-24 15:57:52.811 [Thread-17] WARN  c.a.nacos.common.notify.NotifyCenter - [NotifyCenter] Start destroying Publisher
2025-12-24 15:57:52.812 [Thread-17] WARN  c.a.nacos.common.notify.NotifyCenter - [NotifyCenter] Destruction of the end
2025-12-24 15:57:52.812 [Thread-2] WARN  c.a.n.c.executor.ThreadPoolManager - [ThreadPoolManager] Destruction of the end
2025-12-24 15:57:52.813 [Thread-19] WARN  c.a.n.c.http.HttpClientBeanHolder - [HttpClientBeanHolder] Destruction of the end
2025-12-24 15:57:52.815 [SpringApplicationShutdownHook] INFO  c.a.c.n.r.NacosServiceRegistry - De-registering from Nacos Server now...
2025-12-24 15:57:52.823 [SpringApplicationShutdownHook] INFO  c.a.c.n.r.NacosServiceRegistry - De-registration finished.
2025-12-24 15:58:05.032 [SpringApplicationShutdownHook] WARN  o.s.c.a.AnnotationConfigApplicationContext - Exception thrown from ApplicationListener handling ContextClosedEvent
org.springframework.beans.factory.BeanCreationNotAllowedException: Error creating bean with name 'nacosAutoServiceRegistration': Singleton bean creation not allowed while singletons of this factory are in destruction (Do not request a bean from a BeanFactory in a destroy method implementation!)
	at org.springframework.beans.factory.support.DefaultSingletonBeanRegistry.getSingleton(DefaultSingletonBeanRegistry.java:220)
	at org.springframework.beans.factory.support.AbstractBeanFactory.doGetBean(AbstractBeanFactory.java:324)
	at org.springframework.beans.factory.support.AbstractBeanFactory.getBean(AbstractBeanFactory.java:200)
	at org.springframework.context.support.AbstractApplicationContext.getBean(AbstractApplicationContext.java:1234)
	at org.springframework.context.event.ApplicationListenerMethodAdapter.getTargetBean(ApplicationListenerMethodAdapter.java:392)
	at org.springframework.context.event.ApplicationListenerMethodAdapter.doInvoke(ApplicationListenerMethodAdapter.java:354)
	at org.springframework.context.event.ApplicationListenerMethodAdapter.processEvent(ApplicationListenerMethodAdapter.java:237)
	at org.springframework.context.event.ApplicationListenerMethodAdapter.onApplicationEvent(ApplicationListenerMethodAdapter.java:168)
	at org.springframework.context.event.SimpleApplicationEventMulticaster.doInvokeListener(SimpleApplicationEventMulticaster.java:185)
	at org.springframework.context.event.SimpleApplicationEventMulticaster.invokeListener(SimpleApplicationEventMulticaster.java:178)
	at org.springframework.context.event.SimpleApplicationEventMulticaster.multicastEvent(SimpleApplicationEventMulticaster.java:156)
	at org.springframework.context.support.AbstractApplicationContext.publishEvent(AbstractApplicationContext.java:451)
	at org.springframework.context.support.AbstractApplicationContext.publishEvent(AbstractApplicationContext.java:457)
	at org.springframework.context.support.AbstractApplicationContext.publishEvent(AbstractApplicationContext.java:384)
	at org.springframework.context.support.AbstractApplicationContext.doClose(AbstractApplicationContext.java:1130)
	at org.springframework.context.support.AbstractApplicationContext.close(AbstractApplicationContext.java:1093)
	at org.springframework.cloud.context.named.NamedContextFactory.destroy(NamedContextFactory.java:114)
	at org.springframework.beans.factory.support.DisposableBeanAdapter.destroy(DisposableBeanAdapter.java:211)
	at org.springframework.beans.factory.support.DefaultSingletonBeanRegistry.destroyBean(DefaultSingletonBeanRegistry.java:587)
	at org.springframework.beans.factory.support.DefaultSingletonBeanRegistry.destroySingleton(DefaultSingletonBeanRegistry.java:559)
	at org.springframework.beans.factory.support.DefaultListableBeanFactory.destroySingleton(DefaultListableBeanFactory.java:1202)
	at org.springframework.beans.factory.support.DefaultSingletonBeanRegistry.destroySingletons(DefaultSingletonBeanRegistry.java:520)
	at org.springframework.beans.factory.support.DefaultListableBeanFactory.destroySingletons(DefaultListableBeanFactory.java:1195)
	at org.springframework.context.support.AbstractApplicationContext.destroyBeans(AbstractApplicationContext.java:1186)
	at org.springframework.context.support.AbstractApplicationContext.doClose(AbstractApplicationContext.java:1147)
	at org.springframework.boot.web.reactive.context.ReactiveWebServerApplicationContext.doClose(ReactiveWebServerApplicationContext.java:149)
	at org.springframework.context.support.AbstractApplicationContext.close(AbstractApplicationContext.java:1093)
	at org.springframework.boot.SpringApplicationShutdownHook.closeAndWait(SpringApplicationShutdownHook.java:145)
	at java.base/java.lang.Iterable.forEach(Iterable.java:75)
	at org.springframework.boot.SpringApplicationShutdownHook.run(SpringApplicationShutdownHook.java:114)
	at java.base/java.lang.Thread.run(Thread.java:842)
2025-12-24 16:00:33.672 [main] INFO  c.a.n.client.logging.NacosLogging - Nacos Logging Adapter Builder: com.alibaba.nacos.logger.adapter.logback12.LogbackNacosLoggingAdapterBuilder
2025-12-24 16:00:33.677 [main] INFO  c.a.n.client.logging.NacosLogging - Nacos Logging Adapter Builder: com.alibaba.nacos.logger.adapter.logback14.LogbackNacosLoggingAdapterBuilder
2025-12-24 16:00:33.678 [main] INFO  c.a.n.client.logging.NacosLogging - Nacos Logging Adapter: com.alibaba.nacos.logger.adapter.logback14.LogbackNacosLoggingAdapter match ch.qos.logback.classic.Logger success.
2025-12-24 16:00:33.689 [main] INFO  c.a.n.client.logging.NacosLogging - Nacos Logging Adapter Builder: com.alibaba.nacos.logger.adapter.log4j2.Log4j2NacosLoggingAdapterBuilder
2025-12-24 16:00:33.697 [background-preinit] INFO  o.h.validator.internal.util.Version - HV000001: Hibernate Validator 8.0.1.Final
2025-12-24 16:00:33.839 [main] INFO  jh.exp.gateway.GatewayApplication - Starting GatewayApplication using Java 17.0.12 with PID 31592 (D:\ieda_deta\exp_v2\exp-gateway\exp-gateway-service\target\classes started by Administrator in D:\ieda_deta\exp_v2)
2025-12-24 16:00:33.841 [main] INFO  jh.exp.gateway.GatewayApplication - No active profile set, falling back to 1 default profile: "default"
2025-12-24 16:00:35.049 [main] INFO  o.s.d.r.c.RepositoryConfigurationDelegate - Multiple Spring Data modules found, entering strict repository configuration mode
2025-12-24 16:00:35.053 [main] INFO  o.s.d.r.c.RepositoryConfigurationDelegate - Bootstrapping Spring Data Redis repositories in DEFAULT mode.
2025-12-24 16:00:35.097 [main] INFO  o.s.d.r.c.RepositoryConfigurationDelegate - Finished Spring Data repository scanning in 19 ms. Found 0 Redis repository interfaces.
2025-12-24 16:00:35.388 [main] INFO  o.s.cloud.context.scope.GenericScope - BeanFactory id=7e6e0df0-e3ba-3e0b-bf3a-2ad4627fb87b
2025-12-24 16:00:35.509 [main] WARN  o.s.c.s.PostProcessorRegistrationDelegate$BeanPostProcessorChecker - Bean 'org.springframework.cloud.client.loadbalancer.LoadBalancerAutoConfiguration$DeferringLoadBalancerInterceptorConfig' of type [org.springframework.cloud.client.loadbalancer.LoadBalancerAutoConfiguration$DeferringLoadBalancerInterceptorConfig] is not eligible for getting processed by all BeanPostProcessors (for example: not eligible for auto-proxying). The currently created BeanPostProcessor [lbRestClientPostProcessor] is declared through a non-static factory method on that class; consider declaring it as static instead.
2025-12-24 16:00:35.512 [main] WARN  o.s.c.s.PostProcessorRegistrationDelegate$BeanPostProcessorChecker - Bean 'deferringLoadBalancerInterceptor' of type [org.springframework.cloud.client.loadbalancer.DeferringLoadBalancerInterceptor] is not eligible for getting processed by all BeanPostProcessors (for example: not eligible for auto-proxying). Is this bean getting eagerly injected into a currently created BeanPostProcessor [lbRestClientPostProcessor]? Check the corresponding BeanPostProcessor declaration and its dependencies.
2025-12-24 16:00:35.514 [main] WARN  o.s.c.s.PostProcessorRegistrationDelegate$BeanPostProcessorChecker - Bean 'org.springframework.cloud.client.loadbalancer.reactive.LoadBalancerBeanPostProcessorAutoConfiguration' of type [org.springframework.cloud.client.loadbalancer.reactive.LoadBalancerBeanPostProcessorAutoConfiguration] is not eligible for getting processed by all BeanPostProcessors (for example: not eligible for auto-proxying). The currently created BeanPostProcessor [loadBalancerWebClientBuilderBeanPostProcessor] is declared through a non-static factory method on that class; consider declaring it as static instead.
2025-12-24 16:00:35.514 [main] WARN  o.s.c.s.PostProcessorRegistrationDelegate$BeanPostProcessorChecker - Bean 'org.springframework.cloud.client.loadbalancer.reactive.LoadBalancerBeanPostProcessorAutoConfiguration$ReactorDeferringLoadBalancerFilterConfig' of type [org.springframework.cloud.client.loadbalancer.reactive.LoadBalancerBeanPostProcessorAutoConfiguration$ReactorDeferringLoadBalancerFilterConfig] is not eligible for getting processed by all BeanPostProcessors (for example: not eligible for auto-proxying). Is this bean getting eagerly injected into a currently created BeanPostProcessor [loadBalancerWebClientBuilderBeanPostProcessor]? Check the corresponding BeanPostProcessor declaration and its dependencies.
2025-12-24 16:00:35.516 [main] WARN  o.s.c.s.PostProcessorRegistrationDelegate$BeanPostProcessorChecker - Bean 'reactorDeferringLoadBalancerExchangeFilterFunction' of type [org.springframework.cloud.client.loadbalancer.reactive.DeferringLoadBalancerExchangeFilterFunction] is not eligible for getting processed by all BeanPostProcessors (for example: not eligible for auto-proxying). Is this bean getting eagerly injected into a currently created BeanPostProcessor [loadBalancerWebClientBuilderBeanPostProcessor]? Check the corresponding BeanPostProcessor declaration and its dependencies.
2025-12-24 16:00:35.838 [main] INFO  o.s.b.w.e.tomcat.TomcatWebServer - Tomcat initialized with port 9000 (http)
2025-12-24 16:00:35.856 [main] INFO  o.a.coyote.http11.Http11NioProtocol - Initializing ProtocolHandler ["http-nio-9000"]
2025-12-24 16:00:35.859 [main] INFO  o.a.catalina.core.StandardService - Starting service [Tomcat]
2025-12-24 16:00:35.859 [main] INFO  o.a.catalina.core.StandardEngine - Starting Servlet engine: [Apache Tomcat/10.1.20]
2025-12-24 16:00:38.492 [main] INFO  o.s.c.g.r.RouteDefinitionRouteLocator - Loaded RoutePredicateFactory [After]
2025-12-24 16:00:38.493 [main] INFO  o.s.c.g.r.RouteDefinitionRouteLocator - Loaded RoutePredicateFactory [Before]
2025-12-24 16:00:38.493 [main] INFO  o.s.c.g.r.RouteDefinitionRouteLocator - Loaded RoutePredicateFactory [Between]
2025-12-24 16:00:38.493 [main] INFO  o.s.c.g.r.RouteDefinitionRouteLocator - Loaded RoutePredicateFactory [Cookie]
2025-12-24 16:00:38.493 [main] INFO  o.s.c.g.r.RouteDefinitionRouteLocator - Loaded RoutePredicateFactory [Header]
2025-12-24 16:00:38.493 [main] INFO  o.s.c.g.r.RouteDefinitionRouteLocator - Loaded RoutePredicateFactory [Host]
2025-12-24 16:00:38.493 [main] INFO  o.s.c.g.r.RouteDefinitionRouteLocator - Loaded RoutePredicateFactory [Method]
2025-12-24 16:00:38.493 [main] INFO  o.s.c.g.r.RouteDefinitionRouteLocator - Loaded RoutePredicateFactory [Path]
2025-12-24 16:00:38.493 [main] INFO  o.s.c.g.r.RouteDefinitionRouteLocator - Loaded RoutePredicateFactory [Query]
2025-12-24 16:00:38.493 [main] INFO  o.s.c.g.r.RouteDefinitionRouteLocator - Loaded RoutePredicateFactory [ReadBody]
2025-12-24 16:00:38.493 [main] INFO  o.s.c.g.r.RouteDefinitionRouteLocator - Loaded RoutePredicateFactory [RemoteAddr]
2025-12-24 16:00:38.493 [main] INFO  o.s.c.g.r.RouteDefinitionRouteLocator - Loaded RoutePredicateFactory [XForwardedRemoteAddr]
2025-12-24 16:00:38.493 [main] INFO  o.s.c.g.r.RouteDefinitionRouteLocator - Loaded RoutePredicateFactory [Weight]
2025-12-24 16:00:38.493 [main] INFO  o.s.c.g.r.RouteDefinitionRouteLocator - Loaded RoutePredicateFactory [CloudFoundryRouteService]
2025-12-24 16:00:39.125 [main] INFO  o.s.b.a.s.r.ReactiveUserDetailsServiceAutoConfiguration - 

Using generated security password: 99816187-2ee2-4f2f-86b3-0819556a2ae6

2025-12-24 16:00:39.175 [main] WARN  o.s.c.l.c.LoadBalancerCacheAutoConfiguration$LoadBalancerCaffeineWarnLogger - Spring Cloud LoadBalancer is currently working with the default cache. While this cache implementation is useful for development and tests, it's recommended to use Caffeine cache in production.You can switch to using Caffeine cache, by adding it and org.springframework.cache.caffeine.CaffeineCacheManager to the classpath.
2025-12-24 16:00:39.242 [main] INFO  o.a.coyote.http11.Http11NioProtocol - Starting ProtocolHandler ["http-nio-9000"]
2025-12-24 16:00:39.283 [main] INFO  o.s.b.w.e.tomcat.TomcatWebServer - Tomcat started on port 9000 (http) with context path ''
2025-12-24 16:00:39.845 [main] INFO  c.a.n.p.a.s.c.ClientAuthPluginManager - [ClientAuthPluginManager] Load ClientAuthService com.alibaba.nacos.client.auth.impl.NacosClientAuthServiceImpl success.
2025-12-24 16:00:39.845 [main] INFO  c.a.n.p.a.s.c.ClientAuthPluginManager - [ClientAuthPluginManager] Load ClientAuthService com.alibaba.nacos.client.auth.ram.RamClientAuthServiceImpl success.
2025-12-24 16:00:41.535 [main] INFO  c.a.n.c.a.AbstractAbilityControlManager - Ready to get current node abilities...
2025-12-24 16:00:41.539 [main] INFO  c.a.n.c.a.AbstractAbilityControlManager - Ready to initialize current node abilities, support modes: [SDK_CLIENT]
2025-12-24 16:00:41.540 [main] INFO  c.a.n.c.a.AbstractAbilityControlManager - Initialize current abilities finish...
2025-12-24 16:00:41.540 [main] INFO  c.a.n.c.a.d.NacosAbilityManagerHolder - [AbilityControlManager] Successfully initialize AbilityControlManager
2025-12-24 16:00:41.627 [main] INFO  c.a.c.n.r.NacosServiceRegistry - nacos registry, DEFAULT_GROUP exp-gateway 192.168.56.1:9000 register finished
2025-12-24 16:00:41.750 [main] INFO  jh.exp.gateway.GatewayApplication - Started GatewayApplication in 9.162 seconds (process running for 10.489)
2025-12-24 16:01:03.780 [lettuce-nioEventLoop-4-1] INFO  j.e.g.a.f.JwtAuthenticationFilter - JWT 鉴权通过，userId=1，path=/exp/auth/person/queryPersonInfo
2025-12-24 16:01:03.783 [lettuce-nioEventLoop-4-1] INFO  jh.exp.gateway.AccessLog - [ACCESS][REQUEST] traceId=36429400f2ef4c1881b8c3ac0b11b02e method=GET uri=/exp/auth/person/queryPersonInfo query=null ip=192.168.101.128 userId=1 userName=系统管理员
2025-12-24 16:02:35.009 [Thread-2] WARN  c.a.n.c.executor.ThreadPoolManager - [ThreadPoolManager] Start destroying ThreadPool
2025-12-24 16:02:35.010 [Thread-2] WARN  c.a.n.c.executor.ThreadPoolManager - [ThreadPoolManager] Destruction of the end
2025-12-24 16:02:35.011 [Thread-19] WARN  c.a.n.c.http.HttpClientBeanHolder - [HttpClientBeanHolder] Start destroying common HttpClient
2025-12-24 16:02:35.019 [Thread-19] WARN  c.a.n.c.http.HttpClientBeanHolder - [HttpClientBeanHolder] Destruction of the end
2025-12-24 16:02:35.020 [SpringApplicationShutdownHook] INFO  c.a.c.n.r.NacosServiceRegistry - De-registering from Nacos Server now...
2025-12-24 16:02:35.020 [Thread-17] WARN  c.a.nacos.common.notify.NotifyCenter - [NotifyCenter] Start destroying Publisher
2025-12-24 16:02:35.021 [Thread-17] WARN  c.a.nacos.common.notify.NotifyCenter - [NotifyCenter] Destruction of the end
2025-12-24 16:02:35.047 [SpringApplicationShutdownHook] INFO  c.a.c.n.r.NacosServiceRegistry - De-registration finished.
2025-12-24 16:02:35.706 [reactor-http-nio-2] INFO  jh.exp.gateway.AccessLog - [ACCESS][RESPONSE] traceId=36429400f2ef4c1881b8c3ac0b11b02e method=GET uri=/exp/auth/person/queryPersonInfo status=500 cost=91922ms userId=1 userName=系统管理员
2025-12-24 16:19:13.515 [main] INFO  c.a.n.client.logging.NacosLogging - Nacos Logging Adapter Builder: com.alibaba.nacos.logger.adapter.logback12.LogbackNacosLoggingAdapterBuilder
2025-12-24 16:19:13.523 [main] INFO  c.a.n.client.logging.NacosLogging - Nacos Logging Adapter Builder: com.alibaba.nacos.logger.adapter.logback14.LogbackNacosLoggingAdapterBuilder
2025-12-24 16:19:13.524 [main] INFO  c.a.n.client.logging.NacosLogging - Nacos Logging Adapter: com.alibaba.nacos.logger.adapter.logback14.LogbackNacosLoggingAdapter match ch.qos.logback.classic.Logger success.
2025-12-24 16:19:13.537 [main] INFO  c.a.n.client.logging.NacosLogging - Nacos Logging Adapter Builder: com.alibaba.nacos.logger.adapter.log4j2.Log4j2NacosLoggingAdapterBuilder
2025-12-24 16:19:13.556 [background-preinit] INFO  o.h.validator.internal.util.Version - HV000001: Hibernate Validator 8.0.1.Final
2025-12-24 16:19:14.257 [main] INFO  jh.exp.gateway.GatewayApplication - Starting GatewayApplication using Java 17.0.12 with PID 29252 (D:\ieda_deta\exp_v2\exp-gateway\exp-gateway-service\target\classes started by Administrator in D:\ieda_deta\exp_v2)
2025-12-24 16:19:14.259 [main] INFO  jh.exp.gateway.GatewayApplication - No active profile set, falling back to 1 default profile: "default"
2025-12-24 16:19:16.123 [main] INFO  o.s.d.r.c.RepositoryConfigurationDelegate - Multiple Spring Data modules found, entering strict repository configuration mode
2025-12-24 16:19:16.129 [main] INFO  o.s.d.r.c.RepositoryConfigurationDelegate - Bootstrapping Spring Data Redis repositories in DEFAULT mode.
2025-12-24 16:19:16.230 [main] INFO  o.s.d.r.c.RepositoryConfigurationDelegate - Finished Spring Data repository scanning in 42 ms. Found 0 Redis repository interfaces.
2025-12-24 16:19:16.599 [main] INFO  o.s.cloud.context.scope.GenericScope - BeanFactory id=7e6e0df0-e3ba-3e0b-bf3a-2ad4627fb87b
2025-12-24 16:19:16.800 [main] WARN  o.s.c.s.PostProcessorRegistrationDelegate$BeanPostProcessorChecker - Bean 'org.springframework.cloud.client.loadbalancer.LoadBalancerAutoConfiguration$DeferringLoadBalancerInterceptorConfig' of type [org.springframework.cloud.client.loadbalancer.LoadBalancerAutoConfiguration$DeferringLoadBalancerInterceptorConfig] is not eligible for getting processed by all BeanPostProcessors (for example: not eligible for auto-proxying). The currently created BeanPostProcessor [lbRestClientPostProcessor] is declared through a non-static factory method on that class; consider declaring it as static instead.
2025-12-24 16:19:16.805 [main] WARN  o.s.c.s.PostProcessorRegistrationDelegate$BeanPostProcessorChecker - Bean 'deferringLoadBalancerInterceptor' of type [org.springframework.cloud.client.loadbalancer.DeferringLoadBalancerInterceptor] is not eligible for getting processed by all BeanPostProcessors (for example: not eligible for auto-proxying). Is this bean getting eagerly injected into a currently created BeanPostProcessor [lbRestClientPostProcessor]? Check the corresponding BeanPostProcessor declaration and its dependencies.
2025-12-24 16:19:16.807 [main] WARN  o.s.c.s.PostProcessorRegistrationDelegate$BeanPostProcessorChecker - Bean 'org.springframework.cloud.client.loadbalancer.reactive.LoadBalancerBeanPostProcessorAutoConfiguration' of type [org.springframework.cloud.client.loadbalancer.reactive.LoadBalancerBeanPostProcessorAutoConfiguration] is not eligible for getting processed by all BeanPostProcessors (for example: not eligible for auto-proxying). The currently created BeanPostProcessor [loadBalancerWebClientBuilderBeanPostProcessor] is declared through a non-static factory method on that class; consider declaring it as static instead.
2025-12-24 16:19:16.808 [main] WARN  o.s.c.s.PostProcessorRegistrationDelegate$BeanPostProcessorChecker - Bean 'org.springframework.cloud.client.loadbalancer.reactive.LoadBalancerBeanPostProcessorAutoConfiguration$ReactorDeferringLoadBalancerFilterConfig' of type [org.springframework.cloud.client.loadbalancer.reactive.LoadBalancerBeanPostProcessorAutoConfiguration$ReactorDeferringLoadBalancerFilterConfig] is not eligible for getting processed by all BeanPostProcessors (for example: not eligible for auto-proxying). Is this bean getting eagerly injected into a currently created BeanPostProcessor [loadBalancerWebClientBuilderBeanPostProcessor]? Check the corresponding BeanPostProcessor declaration and its dependencies.
2025-12-24 16:19:16.811 [main] WARN  o.s.c.s.PostProcessorRegistrationDelegate$BeanPostProcessorChecker - Bean 'reactorDeferringLoadBalancerExchangeFilterFunction' of type [org.springframework.cloud.client.loadbalancer.reactive.DeferringLoadBalancerExchangeFilterFunction] is not eligible for getting processed by all BeanPostProcessors (for example: not eligible for auto-proxying). Is this bean getting eagerly injected into a currently created BeanPostProcessor [loadBalancerWebClientBuilderBeanPostProcessor]? Check the corresponding BeanPostProcessor declaration and its dependencies.
2025-12-24 16:19:17.517 [main] INFO  o.s.b.w.e.tomcat.TomcatWebServer - Tomcat initialized with port 9000 (http)
2025-12-24 16:19:17.570 [main] INFO  o.a.coyote.http11.Http11NioProtocol - Initializing ProtocolHandler ["http-nio-9000"]
2025-12-24 16:19:17.573 [main] INFO  o.a.catalina.core.StandardService - Starting service [Tomcat]
2025-12-24 16:19:17.574 [main] INFO  o.a.catalina.core.StandardEngine - Starting Servlet engine: [Apache Tomcat/10.1.20]
2025-12-24 16:19:20.549 [main] INFO  o.s.c.g.r.RouteDefinitionRouteLocator - Loaded RoutePredicateFactory [After]
2025-12-24 16:19:20.550 [main] INFO  o.s.c.g.r.RouteDefinitionRouteLocator - Loaded RoutePredicateFactory [Before]
2025-12-24 16:19:20.550 [main] INFO  o.s.c.g.r.RouteDefinitionRouteLocator - Loaded RoutePredicateFactory [Between]
2025-12-24 16:19:20.550 [main] INFO  o.s.c.g.r.RouteDefinitionRouteLocator - Loaded RoutePredicateFactory [Cookie]
2025-12-24 16:19:20.550 [main] INFO  o.s.c.g.r.RouteDefinitionRouteLocator - Loaded RoutePredicateFactory [Header]
2025-12-24 16:19:20.550 [main] INFO  o.s.c.g.r.RouteDefinitionRouteLocator - Loaded RoutePredicateFactory [Host]
2025-12-24 16:19:20.550 [main] INFO  o.s.c.g.r.RouteDefinitionRouteLocator - Loaded RoutePredicateFactory [Method]
2025-12-24 16:19:20.550 [main] INFO  o.s.c.g.r.RouteDefinitionRouteLocator - Loaded RoutePredicateFactory [Path]
2025-12-24 16:19:20.550 [main] INFO  o.s.c.g.r.RouteDefinitionRouteLocator - Loaded RoutePredicateFactory [Query]
2025-12-24 16:19:20.550 [main] INFO  o.s.c.g.r.RouteDefinitionRouteLocator - Loaded RoutePredicateFactory [ReadBody]
2025-12-24 16:19:20.550 [main] INFO  o.s.c.g.r.RouteDefinitionRouteLocator - Loaded RoutePredicateFactory [RemoteAddr]
2025-12-24 16:19:20.550 [main] INFO  o.s.c.g.r.RouteDefinitionRouteLocator - Loaded RoutePredicateFactory [XForwardedRemoteAddr]
2025-12-24 16:19:20.550 [main] INFO  o.s.c.g.r.RouteDefinitionRouteLocator - Loaded RoutePredicateFactory [Weight]
2025-12-24 16:19:20.550 [main] INFO  o.s.c.g.r.RouteDefinitionRouteLocator - Loaded RoutePredicateFactory [CloudFoundryRouteService]
2025-12-24 16:19:21.393 [main] INFO  o.s.b.a.s.r.ReactiveUserDetailsServiceAutoConfiguration - 

Using generated security password: 3b3691ce-315a-4b1d-903f-854125cfb539

2025-12-24 16:19:21.458 [main] WARN  o.s.c.l.c.LoadBalancerCacheAutoConfiguration$LoadBalancerCaffeineWarnLogger - Spring Cloud LoadBalancer is currently working with the default cache. While this cache implementation is useful for development and tests, it's recommended to use Caffeine cache in production.You can switch to using Caffeine cache, by adding it and org.springframework.cache.caffeine.CaffeineCacheManager to the classpath.
2025-12-24 16:19:21.575 [main] INFO  o.a.coyote.http11.Http11NioProtocol - Starting ProtocolHandler ["http-nio-9000"]
2025-12-24 16:19:21.621 [main] INFO  o.s.b.w.e.tomcat.TomcatWebServer - Tomcat started on port 9000 (http) with context path ''
2025-12-24 16:19:22.186 [main] INFO  c.a.n.p.a.s.c.ClientAuthPluginManager - [ClientAuthPluginManager] Load ClientAuthService com.alibaba.nacos.client.auth.impl.NacosClientAuthServiceImpl success.
2025-12-24 16:19:22.186 [main] INFO  c.a.n.p.a.s.c.ClientAuthPluginManager - [ClientAuthPluginManager] Load ClientAuthService com.alibaba.nacos.client.auth.ram.RamClientAuthServiceImpl success.
2025-12-24 16:19:24.115 [main] INFO  c.a.n.c.a.AbstractAbilityControlManager - Ready to get current node abilities...
2025-12-24 16:19:24.117 [main] INFO  c.a.n.c.a.AbstractAbilityControlManager - Ready to initialize current node abilities, support modes: [SDK_CLIENT]
2025-12-24 16:19:24.119 [main] INFO  c.a.n.c.a.AbstractAbilityControlManager - Initialize current abilities finish...
2025-12-24 16:19:24.120 [main] INFO  c.a.n.c.a.d.NacosAbilityManagerHolder - [AbilityControlManager] Successfully initialize AbilityControlManager
2025-12-24 16:19:24.173 [main] INFO  c.a.c.n.r.NacosServiceRegistry - nacos registry, DEFAULT_GROUP exp-gateway 192.168.56.1:9000 register finished
2025-12-24 16:19:24.259 [main] INFO  jh.exp.gateway.GatewayApplication - Started GatewayApplication in 12.08 seconds (process running for 15.091)
2025-12-24 16:21:43.503 [idle-monitor-exp-gateway] INFO  SERVICE_IDLE_MONITOR - ====== [SERVICE_IDLE] [exp-gateway] 系统已进入休眠，等待激活 ======
2025-12-24 16:23:43.509 [idle-monitor-exp-gateway] INFO  SERVICE_IDLE_MONITOR - ====== [SERVICE_IDLE] [exp-gateway] 系统已进入休眠，等待激活 ======
2025-12-24 16:26:13.508 [idle-monitor-exp-gateway] INFO  SERVICE_IDLE_MONITOR - ====== [SERVICE_IDLE] [exp-gateway] 系统已进入休眠，等待激活 ======
2025-12-24 16:28:43.500 [idle-monitor-exp-gateway] INFO  SERVICE_IDLE_MONITOR - ====== [SERVICE_IDLE] [exp-gateway] 系统已进入休眠，等待激活 ======
2025-12-24 16:30:43.512 [idle-monitor-exp-gateway] INFO  SERVICE_IDLE_MONITOR - ====== [SERVICE_IDLE] [exp-gateway] 系统已进入休眠，等待激活 ======
2025-12-24 16:33:13.504 [idle-monitor-exp-gateway] INFO  SERVICE_IDLE_MONITOR - ====== [SERVICE_IDLE] [exp-gateway] 系统已进入休眠，等待激活 ======
2025-12-24 16:35:13.507 [idle-monitor-exp-gateway] INFO  SERVICE_IDLE_MONITOR - ====== [SERVICE_IDLE] [exp-gateway] 系统已进入休眠，等待激活 ======
2025-12-24 16:37:13.509 [idle-monitor-exp-gateway] INFO  SERVICE_IDLE_MONITOR - ====== [SERVICE_IDLE] [exp-gateway] 系统已进入休眠，等待激活 ======
2025-12-24 16:39:43.501 [idle-monitor-exp-gateway] INFO  SERVICE_IDLE_MONITOR - ====== [SERVICE_IDLE] [exp-gateway] 系统已进入休眠，等待激活 ======
2025-12-24 16:41:43.507 [idle-monitor-exp-gateway] INFO  SERVICE_IDLE_MONITOR - ====== [SERVICE_IDLE] [exp-gateway] 系统已进入休眠，等待激活 ======
2025-12-24 16:43:43.510 [idle-monitor-exp-gateway] INFO  SERVICE_IDLE_MONITOR - ====== [SERVICE_IDLE] [exp-gateway] 系统已进入休眠，等待激活 ======
2025-12-24 16:45:43.510 [idle-monitor-exp-gateway] INFO  SERVICE_IDLE_MONITOR - ====== [SERVICE_IDLE] [exp-gateway] 系统已进入休眠，等待激活 ======
2025-12-24 16:48:13.504 [idle-monitor-exp-gateway] INFO  SERVICE_IDLE_MONITOR - ====== [SERVICE_IDLE] [exp-gateway] 系统已进入休眠，等待激活 ======
2025-12-24 16:50:13.513 [idle-monitor-exp-gateway] INFO  SERVICE_IDLE_MONITOR - ====== [SERVICE_IDLE] [exp-gateway] 系统已进入休眠，等待激活 ======
2025-12-24 16:52:13.514 [idle-monitor-exp-gateway] INFO  SERVICE_IDLE_MONITOR - ====== [SERVICE_IDLE] [exp-gateway] 系统已进入休眠，等待激活 ======
2025-12-24 16:54:43.506 [idle-monitor-exp-gateway] INFO  SERVICE_IDLE_MONITOR - ====== [SERVICE_IDLE] [exp-gateway] 系统已进入休眠，等待激活 ======
2025-12-24 16:57:13.508 [idle-monitor-exp-gateway] INFO  SERVICE_IDLE_MONITOR - ====== [SERVICE_IDLE] [exp-gateway] 系统已进入休眠，等待激活 ======
2025-12-24 16:59:13.512 [idle-monitor-exp-gateway] INFO  SERVICE_IDLE_MONITOR - ====== [SERVICE_IDLE] [exp-gateway] 系统已进入休眠，等待激活 ======
2025-12-24 17:01:13.514 [idle-monitor-exp-gateway] INFO  SERVICE_IDLE_MONITOR - ====== [SERVICE_IDLE] [exp-gateway] 系统已进入休眠，等待激活 ======
2025-12-24 17:03:43.504 [idle-monitor-exp-gateway] INFO  SERVICE_IDLE_MONITOR - ====== [SERVICE_IDLE] [exp-gateway] 系统已进入休眠，等待激活 ======
2025-12-24 17:05:08.178 [Thread-29] WARN  c.a.n.c.http.HttpClientBeanHolder - [HttpClientBeanHolder] Start destroying common HttpClient
2025-12-24 17:05:08.178 [Thread-27] WARN  c.a.nacos.common.notify.NotifyCenter - [NotifyCenter] Start destroying Publisher
2025-12-24 17:05:08.178 [Thread-27] WARN  c.a.nacos.common.notify.NotifyCenter - [NotifyCenter] Destruction of the end
2025-12-24 17:05:08.180 [Thread-12] WARN  c.a.n.c.executor.ThreadPoolManager - [ThreadPoolManager] Start destroying ThreadPool
2025-12-24 17:05:08.181 [Thread-29] WARN  c.a.n.c.http.HttpClientBeanHolder - [HttpClientBeanHolder] Destruction of the end
2025-12-24 17:05:08.182 [Thread-12] WARN  c.a.n.c.executor.ThreadPoolManager - [ThreadPoolManager] Destruction of the end
2025-12-24 17:05:08.182 [SpringApplicationShutdownHook] INFO  c.a.c.n.r.NacosServiceRegistry - De-registering from Nacos Server now...
2025-12-24 17:05:08.201 [SpringApplicationShutdownHook] INFO  c.a.c.n.r.NacosServiceRegistry - De-registration finished.
2025-12-24 17:26:16.807 [main] INFO  c.a.n.client.logging.NacosLogging - Nacos Logging Adapter Builder: com.alibaba.nacos.logger.adapter.logback12.LogbackNacosLoggingAdapterBuilder
2025-12-24 17:26:16.815 [main] INFO  c.a.n.client.logging.NacosLogging - Nacos Logging Adapter Builder: com.alibaba.nacos.logger.adapter.logback14.LogbackNacosLoggingAdapterBuilder
2025-12-24 17:26:16.817 [main] INFO  c.a.n.client.logging.NacosLogging - Nacos Logging Adapter: com.alibaba.nacos.logger.adapter.logback14.LogbackNacosLoggingAdapter match ch.qos.logback.classic.Logger success.
2025-12-24 17:26:16.834 [main] INFO  c.a.n.client.logging.NacosLogging - Nacos Logging Adapter Builder: com.alibaba.nacos.logger.adapter.log4j2.Log4j2NacosLoggingAdapterBuilder
2025-12-24 17:26:16.845 [background-preinit] INFO  o.h.validator.internal.util.Version - HV000001: Hibernate Validator 8.0.1.Final
2025-12-24 17:26:17.154 [main] INFO  jh.exp.gateway.GatewayApplication - Starting GatewayApplication using Java 17.0.12 with PID 20676 (D:\ieda_deta\exp_v2\exp-gateway\exp-gateway-service\target\classes started by Administrator in D:\ieda_deta\exp_v2)
2025-12-24 17:26:17.156 [main] INFO  jh.exp.gateway.GatewayApplication - No active profile set, falling back to 1 default profile: "default"
2025-12-24 17:26:19.111 [main] INFO  o.s.d.r.c.RepositoryConfigurationDelegate - Multiple Spring Data modules found, entering strict repository configuration mode
2025-12-24 17:26:19.117 [main] INFO  o.s.d.r.c.RepositoryConfigurationDelegate - Bootstrapping Spring Data Redis repositories in DEFAULT mode.
2025-12-24 17:26:19.170 [main] INFO  o.s.d.r.c.RepositoryConfigurationDelegate - Finished Spring Data repository scanning in 28 ms. Found 0 Redis repository interfaces.
2025-12-24 17:26:19.651 [main] INFO  o.s.cloud.context.scope.GenericScope - BeanFactory id=7e6e0df0-e3ba-3e0b-bf3a-2ad4627fb87b
2025-12-24 17:26:19.974 [main] WARN  o.s.c.s.PostProcessorRegistrationDelegate$BeanPostProcessorChecker - Bean 'org.springframework.cloud.client.loadbalancer.LoadBalancerAutoConfiguration$DeferringLoadBalancerInterceptorConfig' of type [org.springframework.cloud.client.loadbalancer.LoadBalancerAutoConfiguration$DeferringLoadBalancerInterceptorConfig] is not eligible for getting processed by all BeanPostProcessors (for example: not eligible for auto-proxying). The currently created BeanPostProcessor [lbRestClientPostProcessor] is declared through a non-static factory method on that class; consider declaring it as static instead.
2025-12-24 17:26:19.982 [main] WARN  o.s.c.s.PostProcessorRegistrationDelegate$BeanPostProcessorChecker - Bean 'deferringLoadBalancerInterceptor' of type [org.springframework.cloud.client.loadbalancer.DeferringLoadBalancerInterceptor] is not eligible for getting processed by all BeanPostProcessors (for example: not eligible for auto-proxying). Is this bean getting eagerly injected into a currently created BeanPostProcessor [lbRestClientPostProcessor]? Check the corresponding BeanPostProcessor declaration and its dependencies.
2025-12-24 17:26:19.986 [main] WARN  o.s.c.s.PostProcessorRegistrationDelegate$BeanPostProcessorChecker - Bean 'org.springframework.cloud.client.loadbalancer.reactive.LoadBalancerBeanPostProcessorAutoConfiguration' of type [org.springframework.cloud.client.loadbalancer.reactive.LoadBalancerBeanPostProcessorAutoConfiguration] is not eligible for getting processed by all BeanPostProcessors (for example: not eligible for auto-proxying). The currently created BeanPostProcessor [loadBalancerWebClientBuilderBeanPostProcessor] is declared through a non-static factory method on that class; consider declaring it as static instead.
2025-12-24 17:26:19.988 [main] WARN  o.s.c.s.PostProcessorRegistrationDelegate$BeanPostProcessorChecker - Bean 'org.springframework.cloud.client.loadbalancer.reactive.LoadBalancerBeanPostProcessorAutoConfiguration$ReactorDeferringLoadBalancerFilterConfig' of type [org.springframework.cloud.client.loadbalancer.reactive.LoadBalancerBeanPostProcessorAutoConfiguration$ReactorDeferringLoadBalancerFilterConfig] is not eligible for getting processed by all BeanPostProcessors (for example: not eligible for auto-proxying). Is this bean getting eagerly injected into a currently created BeanPostProcessor [loadBalancerWebClientBuilderBeanPostProcessor]? Check the corresponding BeanPostProcessor declaration and its dependencies.
2025-12-24 17:26:19.992 [main] WARN  o.s.c.s.PostProcessorRegistrationDelegate$BeanPostProcessorChecker - Bean 'reactorDeferringLoadBalancerExchangeFilterFunction' of type [org.springframework.cloud.client.loadbalancer.reactive.DeferringLoadBalancerExchangeFilterFunction] is not eligible for getting processed by all BeanPostProcessors (for example: not eligible for auto-proxying). Is this bean getting eagerly injected into a currently created BeanPostProcessor [loadBalancerWebClientBuilderBeanPostProcessor]? Check the corresponding BeanPostProcessor declaration and its dependencies.
2025-12-24 17:26:20.527 [main] INFO  o.s.b.w.e.tomcat.TomcatWebServer - Tomcat initialized with port 9000 (http)
2025-12-24 17:26:20.555 [main] INFO  o.a.coyote.http11.Http11NioProtocol - Initializing ProtocolHandler ["http-nio-9000"]
2025-12-24 17:26:20.558 [main] INFO  o.a.catalina.core.StandardService - Starting service [Tomcat]
2025-12-24 17:26:20.559 [main] INFO  o.a.catalina.core.StandardEngine - Starting Servlet engine: [Apache Tomcat/10.1.20]
2025-12-24 17:26:24.970 [main] INFO  o.s.c.g.r.RouteDefinitionRouteLocator - Loaded RoutePredicateFactory [After]
2025-12-24 17:26:24.970 [main] INFO  o.s.c.g.r.RouteDefinitionRouteLocator - Loaded RoutePredicateFactory [Before]
2025-12-24 17:26:24.970 [main] INFO  o.s.c.g.r.RouteDefinitionRouteLocator - Loaded RoutePredicateFactory [Between]
2025-12-24 17:26:24.970 [main] INFO  o.s.c.g.r.RouteDefinitionRouteLocator - Loaded RoutePredicateFactory [Cookie]
2025-12-24 17:26:24.970 [main] INFO  o.s.c.g.r.RouteDefinitionRouteLocator - Loaded RoutePredicateFactory [Header]
2025-12-24 17:26:24.970 [main] INFO  o.s.c.g.r.RouteDefinitionRouteLocator - Loaded RoutePredicateFactory [Host]
2025-12-24 17:26:24.970 [main] INFO  o.s.c.g.r.RouteDefinitionRouteLocator - Loaded RoutePredicateFactory [Method]
2025-12-24 17:26:24.970 [main] INFO  o.s.c.g.r.RouteDefinitionRouteLocator - Loaded RoutePredicateFactory [Path]
2025-12-24 17:26:24.971 [main] INFO  o.s.c.g.r.RouteDefinitionRouteLocator - Loaded RoutePredicateFactory [Query]
2025-12-24 17:26:24.971 [main] INFO  o.s.c.g.r.RouteDefinitionRouteLocator - Loaded RoutePredicateFactory [ReadBody]
2025-12-24 17:26:24.971 [main] INFO  o.s.c.g.r.RouteDefinitionRouteLocator - Loaded RoutePredicateFactory [RemoteAddr]
2025-12-24 17:26:24.972 [main] INFO  o.s.c.g.r.RouteDefinitionRouteLocator - Loaded RoutePredicateFactory [XForwardedRemoteAddr]
2025-12-24 17:26:24.972 [main] INFO  o.s.c.g.r.RouteDefinitionRouteLocator - Loaded RoutePredicateFactory [Weight]
2025-12-24 17:26:24.972 [main] INFO  o.s.c.g.r.RouteDefinitionRouteLocator - Loaded RoutePredicateFactory [CloudFoundryRouteService]
2025-12-24 17:26:26.148 [main] INFO  o.s.b.a.s.r.ReactiveUserDetailsServiceAutoConfiguration - 

Using generated security password: 37924730-5e9f-4ba0-bd1c-612cef3ae518

2025-12-24 17:26:26.231 [main] WARN  o.s.c.l.c.LoadBalancerCacheAutoConfiguration$LoadBalancerCaffeineWarnLogger - Spring Cloud LoadBalancer is currently working with the default cache. While this cache implementation is useful for development and tests, it's recommended to use Caffeine cache in production.You can switch to using Caffeine cache, by adding it and org.springframework.cache.caffeine.CaffeineCacheManager to the classpath.
2025-12-24 17:26:26.344 [main] INFO  o.a.coyote.http11.Http11NioProtocol - Starting ProtocolHandler ["http-nio-9000"]
2025-12-24 17:26:26.393 [main] INFO  o.s.b.w.e.tomcat.TomcatWebServer - Tomcat started on port 9000 (http) with context path ''
2025-12-24 17:26:27.102 [main] INFO  c.a.n.p.a.s.c.ClientAuthPluginManager - [ClientAuthPluginManager] Load ClientAuthService com.alibaba.nacos.client.auth.impl.NacosClientAuthServiceImpl success.
2025-12-24 17:26:27.103 [main] INFO  c.a.n.p.a.s.c.ClientAuthPluginManager - [ClientAuthPluginManager] Load ClientAuthService com.alibaba.nacos.client.auth.ram.RamClientAuthServiceImpl success.
2025-12-24 17:26:28.867 [main] INFO  c.a.n.c.a.AbstractAbilityControlManager - Ready to get current node abilities...
2025-12-24 17:26:28.869 [main] INFO  c.a.n.c.a.AbstractAbilityControlManager - Ready to initialize current node abilities, support modes: [SDK_CLIENT]
2025-12-24 17:26:28.870 [main] INFO  c.a.n.c.a.AbstractAbilityControlManager - Initialize current abilities finish...
2025-12-24 17:26:28.871 [main] INFO  c.a.n.c.a.d.NacosAbilityManagerHolder - [AbilityControlManager] Successfully initialize AbilityControlManager
2025-12-24 17:26:28.925 [main] INFO  c.a.c.n.r.NacosServiceRegistry - nacos registry, DEFAULT_GROUP exp-gateway 192.168.56.1:9000 register finished
2025-12-24 17:26:29.036 [main] INFO  jh.exp.gateway.GatewayApplication - Started GatewayApplication in 13.887 seconds (process running for 17.357)
2025-12-24 17:28:46.777 [idle-monitor-exp-gateway] INFO  SERVICE_IDLE_MONITOR - ====== [SERVICE_IDLE] [exp-gateway] 系统已进入休眠，等待激活 ======
2025-12-24 17:30:46.781 [idle-monitor-exp-gateway] INFO  SERVICE_IDLE_MONITOR - ====== [SERVICE_IDLE] [exp-gateway] 系统已进入休眠，等待激活 ======
2025-12-24 17:32:46.782 [idle-monitor-exp-gateway] INFO  SERVICE_IDLE_MONITOR - ====== [SERVICE_IDLE] [exp-gateway] 系统已进入休眠，等待激活 ======
2025-12-24 17:34:27.796 [lettuce-nioEventLoop-4-1] INFO  j.e.g.a.f.JwtAuthenticationFilter - JWT 鉴权通过，userId=1，path=/exp/auth/person/queryPersonInfo
2025-12-24 17:34:27.799 [lettuce-nioEventLoop-4-1] INFO  jh.exp.gateway.AccessLog - [ACCESS][REQUEST] traceId=895bcd614004468cbff26c45899eb3c5 method=GET uri=/exp/auth/person/queryPersonInfo query=null ip=192.168.101.128 userId=1 userName=系统管理员
2025-12-24 17:34:29.371 [reactor-http-nio-2] INFO  jh.exp.gateway.AccessLog - [ACCESS][RESPONSE] traceId=895bcd614004468cbff26c45899eb3c5 method=GET uri=/exp/auth/person/queryPersonInfo status=500 cost=1571ms userId=1 userName=系统管理员
2025-12-24 17:36:46.790 [idle-monitor-exp-gateway] INFO  SERVICE_IDLE_MONITOR - ====== [SERVICE_IDLE] [exp-gateway] 系统已进入休眠，等待激活 ======
2025-12-24 17:36:56.393 [lettuce-nioEventLoop-4-1] INFO  j.e.g.a.f.JwtAuthenticationFilter - JWT 鉴权通过，userId=1，path=/exp/auth/person/queryPersonInfo
2025-12-24 17:36:56.394 [lettuce-nioEventLoop-4-1] INFO  jh.exp.gateway.AccessLog - [ACCESS][REQUEST] traceId=5f6cb8169658458f9cb3ccab9c7b02ef method=GET uri=/exp/auth/person/queryPersonInfo query=null ip=192.168.101.128 userId=1 userName=系统管理员
2025-12-24 17:36:56.426 [reactor-http-nio-3] INFO  jh.exp.gateway.AccessLog - [ACCESS][RESPONSE] traceId=5f6cb8169658458f9cb3ccab9c7b02ef method=GET uri=/exp/auth/person/queryPersonInfo status=500 cost=32ms userId=1 userName=系统管理员
2025-12-24 17:37:02.566 [lettuce-nioEventLoop-4-1] INFO  j.e.g.a.f.JwtAuthenticationFilter - JWT 鉴权通过，userId=1，path=/exp/auth/person/queryPersonInfo
2025-12-24 17:37:02.567 [lettuce-nioEventLoop-4-1] INFO  jh.exp.gateway.AccessLog - [ACCESS][REQUEST] traceId=f8f232ddd5d34ba0ac6df53fcfbbcdda method=GET uri=/exp/auth/person/queryPersonInfo query=null ip=192.168.101.128 userId=1 userName=系统管理员
2025-12-24 17:37:02.603 [reactor-http-nio-4] INFO  jh.exp.gateway.AccessLog - [ACCESS][RESPONSE] traceId=f8f232ddd5d34ba0ac6df53fcfbbcdda method=GET uri=/exp/auth/person/queryPersonInfo status=500 cost=35ms userId=1 userName=系统管理员
2025-12-24 17:37:40.051 [lettuce-nioEventLoop-4-1] INFO  j.e.g.a.f.JwtAuthenticationFilter - JWT 鉴权通过，userId=1，path=/exp/auth/person/queryPersonInfo
2025-12-24 17:37:40.051 [lettuce-nioEventLoop-4-1] INFO  jh.exp.gateway.AccessLog - [ACCESS][REQUEST] traceId=1ef05b6c0b9f4eb5b800cd7b5a49db09 method=GET uri=/exp/auth/person/queryPersonInfo query=null ip=192.168.101.128 userId=1 userName=系统管理员
2025-12-24 17:37:40.539 [reactor-http-nio-5] INFO  jh.exp.gateway.AccessLog - [ACCESS][RESPONSE] traceId=1ef05b6c0b9f4eb5b800cd7b5a49db09 method=GET uri=/exp/auth/person/queryPersonInfo status=404 cost=487ms userId=1 userName=系统管理员
2025-12-24 17:37:52.438 [lettuce-nioEventLoop-4-1] INFO  j.e.g.a.f.JwtAuthenticationFilter - JWT 鉴权通过，userId=1，path=/exp/auth/person/queryPersonInfo
2025-12-24 17:37:52.438 [lettuce-nioEventLoop-4-1] INFO  jh.exp.gateway.AccessLog - [ACCESS][REQUEST] traceId=f19f77e2ed1a472a917f8ea48ac6bcdc method=GET uri=/exp/auth/person/queryPersonInfo query=null ip=192.168.101.128 userId=1 userName=系统管理员
2025-12-24 17:37:52.465 [reactor-http-nio-5] INFO  jh.exp.gateway.AccessLog - [ACCESS][RESPONSE] traceId=f19f77e2ed1a472a917f8ea48ac6bcdc method=GET uri=/exp/auth/person/queryPersonInfo status=404 cost=26ms userId=1 userName=系统管理员
2025-12-24 17:39:26.375 [lettuce-nioEventLoop-4-1] INFO  i.l.core.protocol.CommandHandler - null Unexpected exception during request: java.net.SocketException: Connection reset
java.net.SocketException: Connection reset
	at java.base/sun.nio.ch.SocketChannelImpl.throwConnectionReset(SocketChannelImpl.java:394)
	at java.base/sun.nio.ch.SocketChannelImpl.read(SocketChannelImpl.java:426)
	at io.netty.buffer.PooledByteBuf.setBytes(PooledByteBuf.java:255)
	at io.netty.buffer.AbstractByteBuf.writeBytes(AbstractByteBuf.java:1132)
	at io.netty.channel.socket.nio.NioSocketChannel.doReadBytes(NioSocketChannel.java:357)
	at io.netty.channel.nio.AbstractNioByteChannel$NioByteUnsafe.read(AbstractNioByteChannel.java:151)
	at io.netty.channel.nio.NioEventLoop.processSelectedKey(NioEventLoop.java:788)
	at io.netty.channel.nio.NioEventLoop.processSelectedKeysOptimized(NioEventLoop.java:724)
	at io.netty.channel.nio.NioEventLoop.processSelectedKeys(NioEventLoop.java:650)
	at io.netty.channel.nio.NioEventLoop.run(NioEventLoop.java:562)
	at io.netty.util.concurrent.SingleThreadEventExecutor$4.run(SingleThreadEventExecutor.java:997)
	at io.netty.util.internal.ThreadExecutorMap$2.run(ThreadExecutorMap.java:74)
	at io.netty.util.concurrent.FastThreadLocalRunnable.run(FastThreadLocalRunnable.java:30)
	at java.base/java.lang.Thread.run(Thread.java:842)
2025-12-24 17:39:26.586 [lettuce-eventExecutorLoop-1-2] INFO  i.l.core.protocol.ConnectionWatchdog - Reconnecting, last destination was /192.168.101.128:6379
2025-12-24 17:39:33.463 [lettuce-nioEventLoop-4-2] INFO  i.l.c.protocol.ReconnectionHandler - Reconnected to 192.168.101.128/<unresolved>:6379
2025-12-24 17:41:46.788 [idle-monitor-exp-gateway] INFO  SERVICE_IDLE_MONITOR - ====== [SERVICE_IDLE] [exp-gateway] 系统已进入休眠，等待激活 ======
2025-12-24 17:41:58.908 [lettuce-nioEventLoop-4-2] INFO  i.l.core.protocol.CommandHandler - null Unexpected exception during request: java.net.SocketException: Connection reset
java.net.SocketException: Connection reset
	at java.base/sun.nio.ch.SocketChannelImpl.throwConnectionReset(SocketChannelImpl.java:394)
	at java.base/sun.nio.ch.SocketChannelImpl.read(SocketChannelImpl.java:426)
	at io.netty.buffer.PooledByteBuf.setBytes(PooledByteBuf.java:255)
	at io.netty.buffer.AbstractByteBuf.writeBytes(AbstractByteBuf.java:1132)
	at io.netty.channel.socket.nio.NioSocketChannel.doReadBytes(NioSocketChannel.java:357)
	at io.netty.channel.nio.AbstractNioByteChannel$NioByteUnsafe.read(AbstractNioByteChannel.java:151)
	at io.netty.channel.nio.NioEventLoop.processSelectedKey(NioEventLoop.java:788)
	at io.netty.channel.nio.NioEventLoop.processSelectedKeysOptimized(NioEventLoop.java:724)
	at io.netty.channel.nio.NioEventLoop.processSelectedKeys(NioEventLoop.java:650)
	at io.netty.channel.nio.NioEventLoop.run(NioEventLoop.java:562)
	at io.netty.util.concurrent.SingleThreadEventExecutor$4.run(SingleThreadEventExecutor.java:997)
	at io.netty.util.internal.ThreadExecutorMap$2.run(ThreadExecutorMap.java:74)
	at io.netty.util.concurrent.FastThreadLocalRunnable.run(FastThreadLocalRunnable.java:30)
	at java.base/java.lang.Thread.run(Thread.java:842)
2025-12-24 17:41:58.997 [lettuce-eventExecutorLoop-1-3] INFO  i.l.core.protocol.ConnectionWatchdog - Reconnecting, last destination was /192.168.101.128:6379
2025-12-24 17:41:59.003 [lettuce-nioEventLoop-4-3] WARN  i.l.core.protocol.ConnectionWatchdog - Cannot reconnect to [192.168.101.128/<unresolved>:6379]: Permission denied: connect: /192.168.101.128:6379
io.netty.channel.AbstractChannel$AnnotatedSocketException: Permission denied: connect: /192.168.101.128:6379
Caused by: java.net.SocketException: Permission denied: connect
	at java.base/sun.nio.ch.Net.connect0(Native Method)
	at java.base/sun.nio.ch.Net.connect(Net.java:579)
	at java.base/sun.nio.ch.Net.connect(Net.java:586)
	at java.base/sun.nio.ch.SocketChannelImpl.connect(SocketChannelImpl.java:853)
	at io.netty.util.internal.SocketUtils$3.run(SocketUtils.java:91)
	at io.netty.util.internal.SocketUtils$3.run(SocketUtils.java:88)
	at java.base/java.security.AccessController.doPrivileged(AccessController.java:569)
	at io.netty.util.internal.SocketUtils.connect(SocketUtils.java:88)
	at io.netty.channel.socket.nio.NioSocketChannel.doConnect(NioSocketChannel.java:322)
	at io.netty.channel.nio.AbstractNioChannel$AbstractNioUnsafe.connect(AbstractNioChannel.java:250)
	at io.netty.channel.DefaultChannelPipeline$HeadContext.connect(DefaultChannelPipeline.java:1342)
	at io.netty.channel.AbstractChannelHandlerContext.invokeConnect(AbstractChannelHandlerContext.java:655)
	at io.netty.channel.AbstractChannelHandlerContext.connect(AbstractChannelHandlerContext.java:634)
	at io.netty.channel.AbstractChannelHandlerContext.connect(AbstractChannelHandlerContext.java:618)
	at io.netty.channel.DefaultChannelPipeline.connect(DefaultChannelPipeline.java:978)
	at io.netty.channel.AbstractChannel.connect(AbstractChannel.java:265)
	at io.netty.bootstrap.Bootstrap$3.run(Bootstrap.java:264)
	at io.netty.util.concurrent.AbstractEventExecutor.runTask(AbstractEventExecutor.java:173)
	at io.netty.util.concurrent.AbstractEventExecutor.safeExecute(AbstractEventExecutor.java:166)
	at io.netty.util.concurrent.SingleThreadEventExecutor.runAllTasks(SingleThreadEventExecutor.java:470)
	at io.netty.channel.nio.NioEventLoop.run(NioEventLoop.java:569)
	at io.netty.util.concurrent.SingleThreadEventExecutor$4.run(SingleThreadEventExecutor.java:997)
	at io.netty.util.internal.ThreadExecutorMap$2.run(ThreadExecutorMap.java:74)
	at io.netty.util.concurrent.FastThreadLocalRunnable.run(FastThreadLocalRunnable.java:30)
	at java.base/java.lang.Thread.run(Thread.java:842)
2025-12-24 17:42:08.098 [lettuce-eventExecutorLoop-1-7] INFO  i.l.core.protocol.ConnectionWatchdog - Reconnecting, last destination was 192.168.101.128/<unresolved>:6379
2025-12-24 17:42:08.101 [lettuce-nioEventLoop-4-7] WARN  i.l.core.protocol.ConnectionWatchdog - Cannot reconnect to [192.168.101.128/<unresolved>:6379]: Permission denied: connect: /192.168.101.128:6379
io.netty.channel.AbstractChannel$AnnotatedSocketException: Permission denied: connect: /192.168.101.128:6379
Caused by: java.net.SocketException: Permission denied: connect
	at java.base/sun.nio.ch.Net.connect0(Native Method)
	at java.base/sun.nio.ch.Net.connect(Net.java:579)
	at java.base/sun.nio.ch.Net.connect(Net.java:586)
	at java.base/sun.nio.ch.SocketChannelImpl.connect(SocketChannelImpl.java:853)
	at io.netty.util.internal.SocketUtils$3.run(SocketUtils.java:91)
	at io.netty.util.internal.SocketUtils$3.run(SocketUtils.java:88)
	at java.base/java.security.AccessController.doPrivileged(AccessController.java:569)
	at io.netty.util.internal.SocketUtils.connect(SocketUtils.java:88)
	at io.netty.channel.socket.nio.NioSocketChannel.doConnect(NioSocketChannel.java:322)
	at io.netty.channel.nio.AbstractNioChannel$AbstractNioUnsafe.connect(AbstractNioChannel.java:250)
	at io.netty.channel.DefaultChannelPipeline$HeadContext.connect(DefaultChannelPipeline.java:1342)
	at io.netty.channel.AbstractChannelHandlerContext.invokeConnect(AbstractChannelHandlerContext.java:655)
	at io.netty.channel.AbstractChannelHandlerContext.connect(AbstractChannelHandlerContext.java:634)
	at io.netty.channel.AbstractChannelHandlerContext.connect(AbstractChannelHandlerContext.java:618)
	at io.netty.channel.DefaultChannelPipeline.connect(DefaultChannelPipeline.java:978)
	at io.netty.channel.AbstractChannel.connect(AbstractChannel.java:265)
	at io.netty.bootstrap.Bootstrap$3.run(Bootstrap.java:264)
	at io.netty.util.concurrent.AbstractEventExecutor.runTask(AbstractEventExecutor.java:173)
	at io.netty.util.concurrent.AbstractEventExecutor.safeExecute(AbstractEventExecutor.java:166)
	at io.netty.util.concurrent.SingleThreadEventExecutor.runAllTasks(SingleThreadEventExecutor.java:470)
	at io.netty.channel.nio.NioEventLoop.run(NioEventLoop.java:569)
	at io.netty.util.concurrent.SingleThreadEventExecutor$4.run(SingleThreadEventExecutor.java:997)
	at io.netty.util.internal.ThreadExecutorMap$2.run(ThreadExecutorMap.java:74)
	at io.netty.util.concurrent.FastThreadLocalRunnable.run(FastThreadLocalRunnable.java:30)
	at java.base/java.lang.Thread.run(Thread.java:842)
2025-12-24 17:42:16.384 [lettuce-eventExecutorLoop-1-1] INFO  i.l.core.protocol.ConnectionWatchdog - Reconnecting, last destination was 192.168.101.128/<unresolved>:6379
2025-12-24 17:42:16.387 [lettuce-nioEventLoop-4-8] WARN  i.l.core.protocol.ConnectionWatchdog - Cannot reconnect to [192.168.101.128/<unresolved>:6379]: Permission denied: connect: /192.168.101.128:6379
io.netty.channel.AbstractChannel$AnnotatedSocketException: Permission denied: connect: /192.168.101.128:6379
Caused by: java.net.SocketException: Permission denied: connect
	at java.base/sun.nio.ch.Net.connect0(Native Method)
	at java.base/sun.nio.ch.Net.connect(Net.java:579)
	at java.base/sun.nio.ch.Net.connect(Net.java:586)
	at java.base/sun.nio.ch.SocketChannelImpl.connect(SocketChannelImpl.java:853)
	at io.netty.util.internal.SocketUtils$3.run(SocketUtils.java:91)
	at io.netty.util.internal.SocketUtils$3.run(SocketUtils.java:88)
	at java.base/java.security.AccessController.doPrivileged(AccessController.java:569)
	at io.netty.util.internal.SocketUtils.connect(SocketUtils.java:88)
	at io.netty.channel.socket.nio.NioSocketChannel.doConnect(NioSocketChannel.java:322)
	at io.netty.channel.nio.AbstractNioChannel$AbstractNioUnsafe.connect(AbstractNioChannel.java:250)
	at io.netty.channel.DefaultChannelPipeline$HeadContext.connect(DefaultChannelPipeline.java:1342)
	at io.netty.channel.AbstractChannelHandlerContext.invokeConnect(AbstractChannelHandlerContext.java:655)
	at io.netty.channel.AbstractChannelHandlerContext.connect(AbstractChannelHandlerContext.java:634)
	at io.netty.channel.AbstractChannelHandlerContext.connect(AbstractChannelHandlerContext.java:618)
	at io.netty.channel.DefaultChannelPipeline.connect(DefaultChannelPipeline.java:978)
	at io.netty.channel.AbstractChannel.connect(AbstractChannel.java:265)
	at io.netty.bootstrap.Bootstrap$3.run(Bootstrap.java:264)
	at io.netty.util.concurrent.AbstractEventExecutor.runTask(AbstractEventExecutor.java:173)
	at io.netty.util.concurrent.AbstractEventExecutor.safeExecute(AbstractEventExecutor.java:166)
	at io.netty.util.concurrent.SingleThreadEventExecutor.runAllTasks(SingleThreadEventExecutor.java:470)
	at io.netty.channel.nio.NioEventLoop.run(NioEventLoop.java:569)
	at io.netty.util.concurrent.SingleThreadEventExecutor$4.run(SingleThreadEventExecutor.java:997)
	at io.netty.util.internal.ThreadExecutorMap$2.run(ThreadExecutorMap.java:74)
	at io.netty.util.concurrent.FastThreadLocalRunnable.run(FastThreadLocalRunnable.java:30)
	at java.base/java.lang.Thread.run(Thread.java:842)
2025-12-24 17:42:32.790 [lettuce-eventExecutorLoop-1-8] INFO  i.l.core.protocol.ConnectionWatchdog - Reconnecting, last destination was 192.168.101.128/<unresolved>:6379
2025-12-24 17:42:32.792 [lettuce-nioEventLoop-4-1] WARN  i.l.core.protocol.ConnectionWatchdog - Cannot reconnect to [192.168.101.128/<unresolved>:6379]: Permission denied: connect: /192.168.101.128:6379
io.netty.channel.AbstractChannel$AnnotatedSocketException: Permission denied: connect: /192.168.101.128:6379
Caused by: java.net.SocketException: Permission denied: connect
	at java.base/sun.nio.ch.Net.connect0(Native Method)
	at java.base/sun.nio.ch.Net.connect(Net.java:579)
	at java.base/sun.nio.ch.Net.connect(Net.java:586)
	at java.base/sun.nio.ch.SocketChannelImpl.connect(SocketChannelImpl.java:853)
	at io.netty.util.internal.SocketUtils$3.run(SocketUtils.java:91)
	at io.netty.util.internal.SocketUtils$3.run(SocketUtils.java:88)
	at java.base/java.security.AccessController.doPrivileged(AccessController.java:569)
	at io.netty.util.internal.SocketUtils.connect(SocketUtils.java:88)
	at io.netty.channel.socket.nio.NioSocketChannel.doConnect(NioSocketChannel.java:322)
	at io.netty.channel.nio.AbstractNioChannel$AbstractNioUnsafe.connect(AbstractNioChannel.java:250)
	at io.netty.channel.DefaultChannelPipeline$HeadContext.connect(DefaultChannelPipeline.java:1342)
	at io.netty.channel.AbstractChannelHandlerContext.invokeConnect(AbstractChannelHandlerContext.java:655)
	at io.netty.channel.AbstractChannelHandlerContext.connect(AbstractChannelHandlerContext.java:634)
	at io.netty.channel.AbstractChannelHandlerContext.connect(AbstractChannelHandlerContext.java:618)
	at io.netty.channel.DefaultChannelPipeline.connect(DefaultChannelPipeline.java:978)
	at io.netty.channel.AbstractChannel.connect(AbstractChannel.java:265)
	at io.netty.bootstrap.Bootstrap$3.run(Bootstrap.java:264)
	at io.netty.util.concurrent.AbstractEventExecutor.runTask(AbstractEventExecutor.java:173)
	at io.netty.util.concurrent.AbstractEventExecutor.safeExecute(AbstractEventExecutor.java:166)
	at io.netty.util.concurrent.SingleThreadEventExecutor.runAllTasks(SingleThreadEventExecutor.java:470)
	at io.netty.channel.nio.NioEventLoop.run(NioEventLoop.java:569)
	at io.netty.util.concurrent.SingleThreadEventExecutor$4.run(SingleThreadEventExecutor.java:997)
	at io.netty.util.internal.ThreadExecutorMap$2.run(ThreadExecutorMap.java:74)
	at io.netty.util.concurrent.FastThreadLocalRunnable.run(FastThreadLocalRunnable.java:30)
	at java.base/java.lang.Thread.run(Thread.java:842)
2025-12-24 17:43:02.886 [lettuce-eventExecutorLoop-1-5] INFO  i.l.core.protocol.ConnectionWatchdog - Reconnecting, last destination was 192.168.101.128/<unresolved>:6379
2025-12-24 17:43:02.888 [lettuce-nioEventLoop-4-2] WARN  i.l.core.protocol.ConnectionWatchdog - Cannot reconnect to [192.168.101.128/<unresolved>:6379]: Permission denied: connect: /192.168.101.128:6379
io.netty.channel.AbstractChannel$AnnotatedSocketException: Permission denied: connect: /192.168.101.128:6379
Caused by: java.net.SocketException: Permission denied: connect
	at java.base/sun.nio.ch.Net.connect0(Native Method)
	at java.base/sun.nio.ch.Net.connect(Net.java:579)
	at java.base/sun.nio.ch.Net.connect(Net.java:586)
	at java.base/sun.nio.ch.SocketChannelImpl.connect(SocketChannelImpl.java:853)
	at io.netty.util.internal.SocketUtils$3.run(SocketUtils.java:91)
	at io.netty.util.internal.SocketUtils$3.run(SocketUtils.java:88)
	at java.base/java.security.AccessController.doPrivileged(AccessController.java:569)
	at io.netty.util.internal.SocketUtils.connect(SocketUtils.java:88)
	at io.netty.channel.socket.nio.NioSocketChannel.doConnect(NioSocketChannel.java:322)
	at io.netty.channel.nio.AbstractNioChannel$AbstractNioUnsafe.connect(AbstractNioChannel.java:250)
	at io.netty.channel.DefaultChannelPipeline$HeadContext.connect(DefaultChannelPipeline.java:1342)
	at io.netty.channel.AbstractChannelHandlerContext.invokeConnect(AbstractChannelHandlerContext.java:655)
	at io.netty.channel.AbstractChannelHandlerContext.connect(AbstractChannelHandlerContext.java:634)
	at io.netty.channel.AbstractChannelHandlerContext.connect(AbstractChannelHandlerContext.java:618)
	at io.netty.channel.DefaultChannelPipeline.connect(DefaultChannelPipeline.java:978)
	at io.netty.channel.AbstractChannel.connect(AbstractChannel.java:265)
	at io.netty.bootstrap.Bootstrap$3.run(Bootstrap.java:264)
	at io.netty.util.concurrent.AbstractEventExecutor.runTask(AbstractEventExecutor.java:173)
	at io.netty.util.concurrent.AbstractEventExecutor.safeExecute(AbstractEventExecutor.java:166)
	at io.netty.util.concurrent.SingleThreadEventExecutor.runAllTasks(SingleThreadEventExecutor.java:470)
	at io.netty.channel.nio.NioEventLoop.run(NioEventLoop.java:569)
	at io.netty.util.concurrent.SingleThreadEventExecutor$4.run(SingleThreadEventExecutor.java:997)
	at io.netty.util.internal.ThreadExecutorMap$2.run(ThreadExecutorMap.java:74)
	at io.netty.util.concurrent.FastThreadLocalRunnable.run(FastThreadLocalRunnable.java:30)
	at java.base/java.lang.Thread.run(Thread.java:842)
2025-12-24 17:43:32.986 [lettuce-eventExecutorLoop-1-2] INFO  i.l.core.protocol.ConnectionWatchdog - Reconnecting, last destination was 192.168.101.128/<unresolved>:6379
2025-12-24 17:43:32.989 [lettuce-nioEventLoop-4-3] WARN  i.l.core.protocol.ConnectionWatchdog - Cannot reconnect to [192.168.101.128/<unresolved>:6379]: Permission denied: connect: /192.168.101.128:6379
io.netty.channel.AbstractChannel$AnnotatedSocketException: Permission denied: connect: /192.168.101.128:6379
Caused by: java.net.SocketException: Permission denied: connect
	at java.base/sun.nio.ch.Net.connect0(Native Method)
	at java.base/sun.nio.ch.Net.connect(Net.java:579)
	at java.base/sun.nio.ch.Net.connect(Net.java:586)
	at java.base/sun.nio.ch.SocketChannelImpl.connect(SocketChannelImpl.java:853)
	at io.netty.util.internal.SocketUtils$3.run(SocketUtils.java:91)
	at io.netty.util.internal.SocketUtils$3.run(SocketUtils.java:88)
	at java.base/java.security.AccessController.doPrivileged(AccessController.java:569)
	at io.netty.util.internal.SocketUtils.connect(SocketUtils.java:88)
	at io.netty.channel.socket.nio.NioSocketChannel.doConnect(NioSocketChannel.java:322)
	at io.netty.channel.nio.AbstractNioChannel$AbstractNioUnsafe.connect(AbstractNioChannel.java:250)
	at io.netty.channel.DefaultChannelPipeline$HeadContext.connect(DefaultChannelPipeline.java:1342)
	at io.netty.channel.AbstractChannelHandlerContext.invokeConnect(AbstractChannelHandlerContext.java:655)
	at io.netty.channel.AbstractChannelHandlerContext.connect(AbstractChannelHandlerContext.java:634)
	at io.netty.channel.AbstractChannelHandlerContext.connect(AbstractChannelHandlerContext.java:618)
	at io.netty.channel.DefaultChannelPipeline.connect(DefaultChannelPipeline.java:978)
	at io.netty.channel.AbstractChannel.connect(AbstractChannel.java:265)
	at io.netty.bootstrap.Bootstrap$3.run(Bootstrap.java:264)
	at io.netty.util.concurrent.AbstractEventExecutor.runTask(AbstractEventExecutor.java:173)
	at io.netty.util.concurrent.AbstractEventExecutor.safeExecute(AbstractEventExecutor.java:166)
	at io.netty.util.concurrent.SingleThreadEventExecutor.runAllTasks(SingleThreadEventExecutor.java:470)
	at io.netty.channel.nio.NioEventLoop.run(NioEventLoop.java:569)
	at io.netty.util.concurrent.SingleThreadEventExecutor$4.run(SingleThreadEventExecutor.java:997)
	at io.netty.util.internal.ThreadExecutorMap$2.run(ThreadExecutorMap.java:74)
	at io.netty.util.concurrent.FastThreadLocalRunnable.run(FastThreadLocalRunnable.java:30)
	at java.base/java.lang.Thread.run(Thread.java:842)
2025-12-24 17:44:03.096 [lettuce-eventExecutorLoop-1-4] INFO  i.l.core.protocol.ConnectionWatchdog - Reconnecting, last destination was 192.168.101.128/<unresolved>:6379
2025-12-24 17:44:03.099 [lettuce-nioEventLoop-4-4] WARN  i.l.core.protocol.ConnectionWatchdog - Cannot reconnect to [192.168.101.128/<unresolved>:6379]: Permission denied: connect: /192.168.101.128:6379
io.netty.channel.AbstractChannel$AnnotatedSocketException: Permission denied: connect: /192.168.101.128:6379
Caused by: java.net.SocketException: Permission denied: connect
	at java.base/sun.nio.ch.Net.connect0(Native Method)
	at java.base/sun.nio.ch.Net.connect(Net.java:579)
	at java.base/sun.nio.ch.Net.connect(Net.java:586)
	at java.base/sun.nio.ch.SocketChannelImpl.connect(SocketChannelImpl.java:853)
	at io.netty.util.internal.SocketUtils$3.run(SocketUtils.java:91)
	at io.netty.util.internal.SocketUtils$3.run(SocketUtils.java:88)
	at java.base/java.security.AccessController.doPrivileged(AccessController.java:569)
	at io.netty.util.internal.SocketUtils.connect(SocketUtils.java:88)
	at io.netty.channel.socket.nio.NioSocketChannel.doConnect(NioSocketChannel.java:322)
	at io.netty.channel.nio.AbstractNioChannel$AbstractNioUnsafe.connect(AbstractNioChannel.java:250)
	at io.netty.channel.DefaultChannelPipeline$HeadContext.connect(DefaultChannelPipeline.java:1342)
	at io.netty.channel.AbstractChannelHandlerContext.invokeConnect(AbstractChannelHandlerContext.java:655)
	at io.netty.channel.AbstractChannelHandlerContext.connect(AbstractChannelHandlerContext.java:634)
	at io.netty.channel.AbstractChannelHandlerContext.connect(AbstractChannelHandlerContext.java:618)
	at io.netty.channel.DefaultChannelPipeline.connect(DefaultChannelPipeline.java:978)
	at io.netty.channel.AbstractChannel.connect(AbstractChannel.java:265)
	at io.netty.bootstrap.Bootstrap$3.run(Bootstrap.java:264)
	at io.netty.util.concurrent.AbstractEventExecutor.runTask(AbstractEventExecutor.java:173)
	at io.netty.util.concurrent.AbstractEventExecutor.safeExecute(AbstractEventExecutor.java:166)
	at io.netty.util.concurrent.SingleThreadEventExecutor.runAllTasks(SingleThreadEventExecutor.java:470)
	at io.netty.channel.nio.NioEventLoop.run(NioEventLoop.java:569)
	at io.netty.util.concurrent.SingleThreadEventExecutor$4.run(SingleThreadEventExecutor.java:997)
	at io.netty.util.internal.ThreadExecutorMap$2.run(ThreadExecutorMap.java:74)
	at io.netty.util.concurrent.FastThreadLocalRunnable.run(FastThreadLocalRunnable.java:30)
	at java.base/java.lang.Thread.run(Thread.java:842)
2025-12-24 17:44:33.186 [lettuce-eventExecutorLoop-1-6] INFO  i.l.core.protocol.ConnectionWatchdog - Reconnecting, last destination was 192.168.101.128/<unresolved>:6379
2025-12-24 17:44:33.188 [lettuce-nioEventLoop-4-5] WARN  i.l.core.protocol.ConnectionWatchdog - Cannot reconnect to [192.168.101.128/<unresolved>:6379]: Permission denied: connect: /192.168.101.128:6379
io.netty.channel.AbstractChannel$AnnotatedSocketException: Permission denied: connect: /192.168.101.128:6379
Caused by: java.net.SocketException: Permission denied: connect
	at java.base/sun.nio.ch.Net.connect0(Native Method)
	at java.base/sun.nio.ch.Net.connect(Net.java:579)
	at java.base/sun.nio.ch.Net.connect(Net.java:586)
	at java.base/sun.nio.ch.SocketChannelImpl.connect(SocketChannelImpl.java:853)
	at io.netty.util.internal.SocketUtils$3.run(SocketUtils.java:91)
	at io.netty.util.internal.SocketUtils$3.run(SocketUtils.java:88)
	at java.base/java.security.AccessController.doPrivileged(AccessController.java:569)
	at io.netty.util.internal.SocketUtils.connect(SocketUtils.java:88)
	at io.netty.channel.socket.nio.NioSocketChannel.doConnect(NioSocketChannel.java:322)
	at io.netty.channel.nio.AbstractNioChannel$AbstractNioUnsafe.connect(AbstractNioChannel.java:250)
	at io.netty.channel.DefaultChannelPipeline$HeadContext.connect(DefaultChannelPipeline.java:1342)
	at io.netty.channel.AbstractChannelHandlerContext.invokeConnect(AbstractChannelHandlerContext.java:655)
	at io.netty.channel.AbstractChannelHandlerContext.connect(AbstractChannelHandlerContext.java:634)
	at io.netty.channel.AbstractChannelHandlerContext.connect(AbstractChannelHandlerContext.java:618)
	at io.netty.channel.DefaultChannelPipeline.connect(DefaultChannelPipeline.java:978)
	at io.netty.channel.AbstractChannel.connect(AbstractChannel.java:265)
	at io.netty.bootstrap.Bootstrap$3.run(Bootstrap.java:264)
	at io.netty.util.concurrent.AbstractEventExecutor.runTask(AbstractEventExecutor.java:173)
	at io.netty.util.concurrent.AbstractEventExecutor.safeExecute(AbstractEventExecutor.java:166)
	at io.netty.util.concurrent.SingleThreadEventExecutor.runAllTasks(SingleThreadEventExecutor.java:470)
	at io.netty.channel.nio.NioEventLoop.run(NioEventLoop.java:569)
	at io.netty.util.concurrent.SingleThreadEventExecutor$4.run(SingleThreadEventExecutor.java:997)
	at io.netty.util.internal.ThreadExecutorMap$2.run(ThreadExecutorMap.java:74)
	at io.netty.util.concurrent.FastThreadLocalRunnable.run(FastThreadLocalRunnable.java:30)
	at java.base/java.lang.Thread.run(Thread.java:842)
2025-12-24 17:45:03.284 [lettuce-eventExecutorLoop-1-1] INFO  i.l.core.protocol.ConnectionWatchdog - Reconnecting, last destination was 192.168.101.128/<unresolved>:6379
2025-12-24 17:45:03.287 [lettuce-nioEventLoop-4-6] WARN  i.l.core.protocol.ConnectionWatchdog - Cannot reconnect to [192.168.101.128/<unresolved>:6379]: Permission denied: connect: /192.168.101.128:6379
io.netty.channel.AbstractChannel$AnnotatedSocketException: Permission denied: connect: /192.168.101.128:6379
Caused by: java.net.SocketException: Permission denied: connect
	at java.base/sun.nio.ch.Net.connect0(Native Method)
	at java.base/sun.nio.ch.Net.connect(Net.java:579)
	at java.base/sun.nio.ch.Net.connect(Net.java:586)
	at java.base/sun.nio.ch.SocketChannelImpl.connect(SocketChannelImpl.java:853)
	at io.netty.util.internal.SocketUtils$3.run(SocketUtils.java:91)
	at io.netty.util.internal.SocketUtils$3.run(SocketUtils.java:88)
	at java.base/java.security.AccessController.doPrivileged(AccessController.java:569)
	at io.netty.util.internal.SocketUtils.connect(SocketUtils.java:88)
	at io.netty.channel.socket.nio.NioSocketChannel.doConnect(NioSocketChannel.java:322)
	at io.netty.channel.nio.AbstractNioChannel$AbstractNioUnsafe.connect(AbstractNioChannel.java:250)
	at io.netty.channel.DefaultChannelPipeline$HeadContext.connect(DefaultChannelPipeline.java:1342)
	at io.netty.channel.AbstractChannelHandlerContext.invokeConnect(AbstractChannelHandlerContext.java:655)
	at io.netty.channel.AbstractChannelHandlerContext.connect(AbstractChannelHandlerContext.java:634)
	at io.netty.channel.AbstractChannelHandlerContext.connect(AbstractChannelHandlerContext.java:618)
	at io.netty.channel.DefaultChannelPipeline.connect(DefaultChannelPipeline.java:978)
	at io.netty.channel.AbstractChannel.connect(AbstractChannel.java:265)
	at io.netty.bootstrap.Bootstrap$3.run(Bootstrap.java:264)
	at io.netty.util.concurrent.AbstractEventExecutor.runTask(AbstractEventExecutor.java:173)
	at io.netty.util.concurrent.AbstractEventExecutor.safeExecute(AbstractEventExecutor.java:166)
	at io.netty.util.concurrent.SingleThreadEventExecutor.runAllTasks(SingleThreadEventExecutor.java:470)
	at io.netty.channel.nio.NioEventLoop.run(NioEventLoop.java:569)
	at io.netty.util.concurrent.SingleThreadEventExecutor$4.run(SingleThreadEventExecutor.java:997)
	at io.netty.util.internal.ThreadExecutorMap$2.run(ThreadExecutorMap.java:74)
	at io.netty.util.concurrent.FastThreadLocalRunnable.run(FastThreadLocalRunnable.java:30)
	at java.base/java.lang.Thread.run(Thread.java:842)
2025-12-24 17:45:33.384 [lettuce-eventExecutorLoop-1-2] INFO  i.l.core.protocol.ConnectionWatchdog - Reconnecting, last destination was 192.168.101.128/<unresolved>:6379
2025-12-24 17:45:33.386 [lettuce-nioEventLoop-4-7] WARN  i.l.core.protocol.ConnectionWatchdog - Cannot reconnect to [192.168.101.128/<unresolved>:6379]: Permission denied: connect: /192.168.101.128:6379
io.netty.channel.AbstractChannel$AnnotatedSocketException: Permission denied: connect: /192.168.101.128:6379
Caused by: java.net.SocketException: Permission denied: connect
	at java.base/sun.nio.ch.Net.connect0(Native Method)
	at java.base/sun.nio.ch.Net.connect(Net.java:579)
	at java.base/sun.nio.ch.Net.connect(Net.java:586)
	at java.base/sun.nio.ch.SocketChannelImpl.connect(SocketChannelImpl.java:853)
	at io.netty.util.internal.SocketUtils$3.run(SocketUtils.java:91)
	at io.netty.util.internal.SocketUtils$3.run(SocketUtils.java:88)
	at java.base/java.security.AccessController.doPrivileged(AccessController.java:569)
	at io.netty.util.internal.SocketUtils.connect(SocketUtils.java:88)
	at io.netty.channel.socket.nio.NioSocketChannel.doConnect(NioSocketChannel.java:322)
	at io.netty.channel.nio.AbstractNioChannel$AbstractNioUnsafe.connect(AbstractNioChannel.java:250)
	at io.netty.channel.DefaultChannelPipeline$HeadContext.connect(DefaultChannelPipeline.java:1342)
	at io.netty.channel.AbstractChannelHandlerContext.invokeConnect(AbstractChannelHandlerContext.java:655)
	at io.netty.channel.AbstractChannelHandlerContext.connect(AbstractChannelHandlerContext.java:634)
	at io.netty.channel.AbstractChannelHandlerContext.connect(AbstractChannelHandlerContext.java:618)
	at io.netty.channel.DefaultChannelPipeline.connect(DefaultChannelPipeline.java:978)
	at io.netty.channel.AbstractChannel.connect(AbstractChannel.java:265)
	at io.netty.bootstrap.Bootstrap$3.run(Bootstrap.java:264)
	at io.netty.util.concurrent.AbstractEventExecutor.runTask(AbstractEventExecutor.java:173)
	at io.netty.util.concurrent.AbstractEventExecutor.safeExecute(AbstractEventExecutor.java:166)
	at io.netty.util.concurrent.SingleThreadEventExecutor.runAllTasks(SingleThreadEventExecutor.java:470)
	at io.netty.channel.nio.NioEventLoop.run(NioEventLoop.java:569)
	at io.netty.util.concurrent.SingleThreadEventExecutor$4.run(SingleThreadEventExecutor.java:997)
	at io.netty.util.internal.ThreadExecutorMap$2.run(ThreadExecutorMap.java:74)
	at io.netty.util.concurrent.FastThreadLocalRunnable.run(FastThreadLocalRunnable.java:30)
	at java.base/java.lang.Thread.run(Thread.java:842)
2025-12-24 17:46:03.485 [lettuce-eventExecutorLoop-1-4] INFO  i.l.core.protocol.ConnectionWatchdog - Reconnecting, last destination was 192.168.101.128/<unresolved>:6379
2025-12-24 17:46:03.488 [lettuce-nioEventLoop-4-8] WARN  i.l.core.protocol.ConnectionWatchdog - Cannot reconnect to [192.168.101.128/<unresolved>:6379]: Permission denied: connect: /192.168.101.128:6379
io.netty.channel.AbstractChannel$AnnotatedSocketException: Permission denied: connect: /192.168.101.128:6379
Caused by: java.net.SocketException: Permission denied: connect
	at java.base/sun.nio.ch.Net.connect0(Native Method)
	at java.base/sun.nio.ch.Net.connect(Net.java:579)
	at java.base/sun.nio.ch.Net.connect(Net.java:586)
	at java.base/sun.nio.ch.SocketChannelImpl.connect(SocketChannelImpl.java:853)
	at io.netty.util.internal.SocketUtils$3.run(SocketUtils.java:91)
	at io.netty.util.internal.SocketUtils$3.run(SocketUtils.java:88)
	at java.base/java.security.AccessController.doPrivileged(AccessController.java:569)
	at io.netty.util.internal.SocketUtils.connect(SocketUtils.java:88)
	at io.netty.channel.socket.nio.NioSocketChannel.doConnect(NioSocketChannel.java:322)
	at io.netty.channel.nio.AbstractNioChannel$AbstractNioUnsafe.connect(AbstractNioChannel.java:250)
	at io.netty.channel.DefaultChannelPipeline$HeadContext.connect(DefaultChannelPipeline.java:1342)
	at io.netty.channel.AbstractChannelHandlerContext.invokeConnect(AbstractChannelHandlerContext.java:655)
	at io.netty.channel.AbstractChannelHandlerContext.connect(AbstractChannelHandlerContext.java:634)
	at io.netty.channel.AbstractChannelHandlerContext.connect(AbstractChannelHandlerContext.java:618)
	at io.netty.channel.DefaultChannelPipeline.connect(DefaultChannelPipeline.java:978)
	at io.netty.channel.AbstractChannel.connect(AbstractChannel.java:265)
	at io.netty.bootstrap.Bootstrap$3.run(Bootstrap.java:264)
	at io.netty.util.concurrent.AbstractEventExecutor.runTask(AbstractEventExecutor.java:173)
	at io.netty.util.concurrent.AbstractEventExecutor.safeExecute(AbstractEventExecutor.java:166)
	at io.netty.util.concurrent.SingleThreadEventExecutor.runAllTasks(SingleThreadEventExecutor.java:470)
	at io.netty.channel.nio.NioEventLoop.run(NioEventLoop.java:569)
	at io.netty.util.concurrent.SingleThreadEventExecutor$4.run(SingleThreadEventExecutor.java:997)
	at io.netty.util.internal.ThreadExecutorMap$2.run(ThreadExecutorMap.java:74)
	at io.netty.util.concurrent.FastThreadLocalRunnable.run(FastThreadLocalRunnable.java:30)
	at java.base/java.lang.Thread.run(Thread.java:842)
2025-12-24 17:46:33.587 [lettuce-eventExecutorLoop-1-6] INFO  i.l.core.protocol.ConnectionWatchdog - Reconnecting, last destination was 192.168.101.128/<unresolved>:6379
2025-12-24 17:46:33.589 [lettuce-nioEventLoop-4-1] WARN  i.l.core.protocol.ConnectionWatchdog - Cannot reconnect to [192.168.101.128/<unresolved>:6379]: Permission denied: connect: /192.168.101.128:6379
io.netty.channel.AbstractChannel$AnnotatedSocketException: Permission denied: connect: /192.168.101.128:6379
Caused by: java.net.SocketException: Permission denied: connect
	at java.base/sun.nio.ch.Net.connect0(Native Method)
	at java.base/sun.nio.ch.Net.connect(Net.java:579)
	at java.base/sun.nio.ch.Net.connect(Net.java:586)
	at java.base/sun.nio.ch.SocketChannelImpl.connect(SocketChannelImpl.java:853)
	at io.netty.util.internal.SocketUtils$3.run(SocketUtils.java:91)
	at io.netty.util.internal.SocketUtils$3.run(SocketUtils.java:88)
	at java.base/java.security.AccessController.doPrivileged(AccessController.java:569)
	at io.netty.util.internal.SocketUtils.connect(SocketUtils.java:88)
	at io.netty.channel.socket.nio.NioSocketChannel.doConnect(NioSocketChannel.java:322)
	at io.netty.channel.nio.AbstractNioChannel$AbstractNioUnsafe.connect(AbstractNioChannel.java:250)
	at io.netty.channel.DefaultChannelPipeline$HeadContext.connect(DefaultChannelPipeline.java:1342)
	at io.netty.channel.AbstractChannelHandlerContext.invokeConnect(AbstractChannelHandlerContext.java:655)
	at io.netty.channel.AbstractChannelHandlerContext.connect(AbstractChannelHandlerContext.java:634)
	at io.netty.channel.AbstractChannelHandlerContext.connect(AbstractChannelHandlerContext.java:618)
	at io.netty.channel.DefaultChannelPipeline.connect(DefaultChannelPipeline.java:978)
	at io.netty.channel.AbstractChannel.connect(AbstractChannel.java:265)
	at io.netty.bootstrap.Bootstrap$3.run(Bootstrap.java:264)
	at io.netty.util.concurrent.AbstractEventExecutor.runTask(AbstractEventExecutor.java:173)
	at io.netty.util.concurrent.AbstractEventExecutor.safeExecute(AbstractEventExecutor.java:166)
	at io.netty.util.concurrent.SingleThreadEventExecutor.runAllTasks(SingleThreadEventExecutor.java:470)
	at io.netty.channel.nio.NioEventLoop.run(NioEventLoop.java:569)
	at io.netty.util.concurrent.SingleThreadEventExecutor$4.run(SingleThreadEventExecutor.java:997)
	at io.netty.util.internal.ThreadExecutorMap$2.run(ThreadExecutorMap.java:74)
	at io.netty.util.concurrent.FastThreadLocalRunnable.run(FastThreadLocalRunnable.java:30)
	at java.base/java.lang.Thread.run(Thread.java:842)
2025-12-24 17:47:03.694 [lettuce-eventExecutorLoop-1-1] INFO  i.l.core.protocol.ConnectionWatchdog - Reconnecting, last destination was 192.168.101.128/<unresolved>:6379
2025-12-24 17:47:03.696 [lettuce-nioEventLoop-4-2] WARN  i.l.core.protocol.ConnectionWatchdog - Cannot reconnect to [192.168.101.128/<unresolved>:6379]: Permission denied: connect: /192.168.101.128:6379
io.netty.channel.AbstractChannel$AnnotatedSocketException: Permission denied: connect: /192.168.101.128:6379
Caused by: java.net.SocketException: Permission denied: connect
	at java.base/sun.nio.ch.Net.connect0(Native Method)
	at java.base/sun.nio.ch.Net.connect(Net.java:579)
	at java.base/sun.nio.ch.Net.connect(Net.java:586)
	at java.base/sun.nio.ch.SocketChannelImpl.connect(SocketChannelImpl.java:853)
	at io.netty.util.internal.SocketUtils$3.run(SocketUtils.java:91)
	at io.netty.util.internal.SocketUtils$3.run(SocketUtils.java:88)
	at java.base/java.security.AccessController.doPrivileged(AccessController.java:569)
	at io.netty.util.internal.SocketUtils.connect(SocketUtils.java:88)
	at io.netty.channel.socket.nio.NioSocketChannel.doConnect(NioSocketChannel.java:322)
	at io.netty.channel.nio.AbstractNioChannel$AbstractNioUnsafe.connect(AbstractNioChannel.java:250)
	at io.netty.channel.DefaultChannelPipeline$HeadContext.connect(DefaultChannelPipeline.java:1342)
	at io.netty.channel.AbstractChannelHandlerContext.invokeConnect(AbstractChannelHandlerContext.java:655)
	at io.netty.channel.AbstractChannelHandlerContext.connect(AbstractChannelHandlerContext.java:634)
	at io.netty.channel.AbstractChannelHandlerContext.connect(AbstractChannelHandlerContext.java:618)
	at io.netty.channel.DefaultChannelPipeline.connect(DefaultChannelPipeline.java:978)
	at io.netty.channel.AbstractChannel.connect(AbstractChannel.java:265)
	at io.netty.bootstrap.Bootstrap$3.run(Bootstrap.java:264)
	at io.netty.util.concurrent.AbstractEventExecutor.runTask(AbstractEventExecutor.java:173)
	at io.netty.util.concurrent.AbstractEventExecutor.safeExecute(AbstractEventExecutor.java:166)
	at io.netty.util.concurrent.SingleThreadEventExecutor.runAllTasks(SingleThreadEventExecutor.java:470)
	at io.netty.channel.nio.NioEventLoop.run(NioEventLoop.java:569)
	at io.netty.util.concurrent.SingleThreadEventExecutor$4.run(SingleThreadEventExecutor.java:997)
	at io.netty.util.internal.ThreadExecutorMap$2.run(ThreadExecutorMap.java:74)
	at io.netty.util.concurrent.FastThreadLocalRunnable.run(FastThreadLocalRunnable.java:30)
	at java.base/java.lang.Thread.run(Thread.java:842)
2025-12-24 17:47:33.793 [lettuce-eventExecutorLoop-1-2] INFO  i.l.core.protocol.ConnectionWatchdog - Reconnecting, last destination was 192.168.101.128/<unresolved>:6379
2025-12-24 17:47:33.795 [lettuce-nioEventLoop-4-3] WARN  i.l.core.protocol.ConnectionWatchdog - Cannot reconnect to [192.168.101.128/<unresolved>:6379]: Permission denied: connect: /192.168.101.128:6379
io.netty.channel.AbstractChannel$AnnotatedSocketException: Permission denied: connect: /192.168.101.128:6379
Caused by: java.net.SocketException: Permission denied: connect
	at java.base/sun.nio.ch.Net.connect0(Native Method)
	at java.base/sun.nio.ch.Net.connect(Net.java:579)
	at java.base/sun.nio.ch.Net.connect(Net.java:586)
	at java.base/sun.nio.ch.SocketChannelImpl.connect(SocketChannelImpl.java:853)
	at io.netty.util.internal.SocketUtils$3.run(SocketUtils.java:91)
	at io.netty.util.internal.SocketUtils$3.run(SocketUtils.java:88)
	at java.base/java.security.AccessController.doPrivileged(AccessController.java:569)
	at io.netty.util.internal.SocketUtils.connect(SocketUtils.java:88)
	at io.netty.channel.socket.nio.NioSocketChannel.doConnect(NioSocketChannel.java:322)
	at io.netty.channel.nio.AbstractNioChannel$AbstractNioUnsafe.connect(AbstractNioChannel.java:250)
	at io.netty.channel.DefaultChannelPipeline$HeadContext.connect(DefaultChannelPipeline.java:1342)
	at io.netty.channel.AbstractChannelHandlerContext.invokeConnect(AbstractChannelHandlerContext.java:655)
	at io.netty.channel.AbstractChannelHandlerContext.connect(AbstractChannelHandlerContext.java:634)
	at io.netty.channel.AbstractChannelHandlerContext.connect(AbstractChannelHandlerContext.java:618)
	at io.netty.channel.DefaultChannelPipeline.connect(DefaultChannelPipeline.java:978)
	at io.netty.channel.AbstractChannel.connect(AbstractChannel.java:265)
	at io.netty.bootstrap.Bootstrap$3.run(Bootstrap.java:264)
	at io.netty.util.concurrent.AbstractEventExecutor.runTask(AbstractEventExecutor.java:173)
	at io.netty.util.concurrent.AbstractEventExecutor.safeExecute(AbstractEventExecutor.java:166)
	at io.netty.util.concurrent.SingleThreadEventExecutor.runAllTasks(SingleThreadEventExecutor.java:470)
	at io.netty.channel.nio.NioEventLoop.run(NioEventLoop.java:569)
	at io.netty.util.concurrent.SingleThreadEventExecutor$4.run(SingleThreadEventExecutor.java:997)
	at io.netty.util.internal.ThreadExecutorMap$2.run(ThreadExecutorMap.java:74)
	at io.netty.util.concurrent.FastThreadLocalRunnable.run(FastThreadLocalRunnable.java:30)
	at java.base/java.lang.Thread.run(Thread.java:842)
2025-12-24 17:48:03.888 [lettuce-eventExecutorLoop-1-4] INFO  i.l.core.protocol.ConnectionWatchdog - Reconnecting, last destination was 192.168.101.128/<unresolved>:6379
2025-12-24 17:48:03.891 [lettuce-nioEventLoop-4-4] WARN  i.l.core.protocol.ConnectionWatchdog - Cannot reconnect to [192.168.101.128/<unresolved>:6379]: Permission denied: connect: /192.168.101.128:6379
io.netty.channel.AbstractChannel$AnnotatedSocketException: Permission denied: connect: /192.168.101.128:6379
Caused by: java.net.SocketException: Permission denied: connect
	at java.base/sun.nio.ch.Net.connect0(Native Method)
	at java.base/sun.nio.ch.Net.connect(Net.java:579)
	at java.base/sun.nio.ch.Net.connect(Net.java:586)
	at java.base/sun.nio.ch.SocketChannelImpl.connect(SocketChannelImpl.java:853)
	at io.netty.util.internal.SocketUtils$3.run(SocketUtils.java:91)
	at io.netty.util.internal.SocketUtils$3.run(SocketUtils.java:88)
	at java.base/java.security.AccessController.doPrivileged(AccessController.java:569)
	at io.netty.util.internal.SocketUtils.connect(SocketUtils.java:88)
	at io.netty.channel.socket.nio.NioSocketChannel.doConnect(NioSocketChannel.java:322)
	at io.netty.channel.nio.AbstractNioChannel$AbstractNioUnsafe.connect(AbstractNioChannel.java:250)
	at io.netty.channel.DefaultChannelPipeline$HeadContext.connect(DefaultChannelPipeline.java:1342)
	at io.netty.channel.AbstractChannelHandlerContext.invokeConnect(AbstractChannelHandlerContext.java:655)
	at io.netty.channel.AbstractChannelHandlerContext.connect(AbstractChannelHandlerContext.java:634)
	at io.netty.channel.AbstractChannelHandlerContext.connect(AbstractChannelHandlerContext.java:618)
	at io.netty.channel.DefaultChannelPipeline.connect(DefaultChannelPipeline.java:978)
	at io.netty.channel.AbstractChannel.connect(AbstractChannel.java:265)
	at io.netty.bootstrap.Bootstrap$3.run(Bootstrap.java:264)
	at io.netty.util.concurrent.AbstractEventExecutor.runTask(AbstractEventExecutor.java:173)
	at io.netty.util.concurrent.AbstractEventExecutor.safeExecute(AbstractEventExecutor.java:166)
	at io.netty.util.concurrent.SingleThreadEventExecutor.runAllTasks(SingleThreadEventExecutor.java:470)
	at io.netty.channel.nio.NioEventLoop.run(NioEventLoop.java:569)
	at io.netty.util.concurrent.SingleThreadEventExecutor$4.run(SingleThreadEventExecutor.java:997)
	at io.netty.util.internal.ThreadExecutorMap$2.run(ThreadExecutorMap.java:74)
	at io.netty.util.concurrent.FastThreadLocalRunnable.run(FastThreadLocalRunnable.java:30)
	at java.base/java.lang.Thread.run(Thread.java:842)
2025-12-24 17:48:33.990 [lettuce-eventExecutorLoop-1-6] INFO  i.l.core.protocol.ConnectionWatchdog - Reconnecting, last destination was 192.168.101.128/<unresolved>:6379
2025-12-24 17:48:33.993 [lettuce-nioEventLoop-4-5] WARN  i.l.core.protocol.ConnectionWatchdog - Cannot reconnect to [192.168.101.128/<unresolved>:6379]: Permission denied: connect: /192.168.101.128:6379
io.netty.channel.AbstractChannel$AnnotatedSocketException: Permission denied: connect: /192.168.101.128:6379
Caused by: java.net.SocketException: Permission denied: connect
	at java.base/sun.nio.ch.Net.connect0(Native Method)
	at java.base/sun.nio.ch.Net.connect(Net.java:579)
	at java.base/sun.nio.ch.Net.connect(Net.java:586)
	at java.base/sun.nio.ch.SocketChannelImpl.connect(SocketChannelImpl.java:853)
	at io.netty.util.internal.SocketUtils$3.run(SocketUtils.java:91)
	at io.netty.util.internal.SocketUtils$3.run(SocketUtils.java:88)
	at java.base/java.security.AccessController.doPrivileged(AccessController.java:569)
	at io.netty.util.internal.SocketUtils.connect(SocketUtils.java:88)
	at io.netty.channel.socket.nio.NioSocketChannel.doConnect(NioSocketChannel.java:322)
	at io.netty.channel.nio.AbstractNioChannel$AbstractNioUnsafe.connect(AbstractNioChannel.java:250)
	at io.netty.channel.DefaultChannelPipeline$HeadContext.connect(DefaultChannelPipeline.java:1342)
	at io.netty.channel.AbstractChannelHandlerContext.invokeConnect(AbstractChannelHandlerContext.java:655)
	at io.netty.channel.AbstractChannelHandlerContext.connect(AbstractChannelHandlerContext.java:634)
	at io.netty.channel.AbstractChannelHandlerContext.connect(AbstractChannelHandlerContext.java:618)
	at io.netty.channel.DefaultChannelPipeline.connect(DefaultChannelPipeline.java:978)
	at io.netty.channel.AbstractChannel.connect(AbstractChannel.java:265)
	at io.netty.bootstrap.Bootstrap$3.run(Bootstrap.java:264)
	at io.netty.util.concurrent.AbstractEventExecutor.runTask(AbstractEventExecutor.java:173)
	at io.netty.util.concurrent.AbstractEventExecutor.safeExecute(AbstractEventExecutor.java:166)
	at io.netty.util.concurrent.SingleThreadEventExecutor.runAllTasks(SingleThreadEventExecutor.java:470)
	at io.netty.channel.nio.NioEventLoop.run(NioEventLoop.java:569)
	at io.netty.util.concurrent.SingleThreadEventExecutor$4.run(SingleThreadEventExecutor.java:997)
	at io.netty.util.internal.ThreadExecutorMap$2.run(ThreadExecutorMap.java:74)
	at io.netty.util.concurrent.FastThreadLocalRunnable.run(FastThreadLocalRunnable.java:30)
	at java.base/java.lang.Thread.run(Thread.java:842)
2025-12-24 17:49:04.097 [lettuce-eventExecutorLoop-1-1] INFO  i.l.core.protocol.ConnectionWatchdog - Reconnecting, last destination was 192.168.101.128/<unresolved>:6379
2025-12-24 17:49:04.100 [lettuce-nioEventLoop-4-6] WARN  i.l.core.protocol.ConnectionWatchdog - Cannot reconnect to [192.168.101.128/<unresolved>:6379]: Permission denied: connect: /192.168.101.128:6379
io.netty.channel.AbstractChannel$AnnotatedSocketException: Permission denied: connect: /192.168.101.128:6379
Caused by: java.net.SocketException: Permission denied: connect
	at java.base/sun.nio.ch.Net.connect0(Native Method)
	at java.base/sun.nio.ch.Net.connect(Net.java:579)
	at java.base/sun.nio.ch.Net.connect(Net.java:586)
	at java.base/sun.nio.ch.SocketChannelImpl.connect(SocketChannelImpl.java:853)
	at io.netty.util.internal.SocketUtils$3.run(SocketUtils.java:91)
	at io.netty.util.internal.SocketUtils$3.run(SocketUtils.java:88)
	at java.base/java.security.AccessController.doPrivileged(AccessController.java:569)
	at io.netty.util.internal.SocketUtils.connect(SocketUtils.java:88)
	at io.netty.channel.socket.nio.NioSocketChannel.doConnect(NioSocketChannel.java:322)
	at io.netty.channel.nio.AbstractNioChannel$AbstractNioUnsafe.connect(AbstractNioChannel.java:250)
	at io.netty.channel.DefaultChannelPipeline$HeadContext.connect(DefaultChannelPipeline.java:1342)
	at io.netty.channel.AbstractChannelHandlerContext.invokeConnect(AbstractChannelHandlerContext.java:655)
	at io.netty.channel.AbstractChannelHandlerContext.connect(AbstractChannelHandlerContext.java:634)
	at io.netty.channel.AbstractChannelHandlerContext.connect(AbstractChannelHandlerContext.java:618)
	at io.netty.channel.DefaultChannelPipeline.connect(DefaultChannelPipeline.java:978)
	at io.netty.channel.AbstractChannel.connect(AbstractChannel.java:265)
	at io.netty.bootstrap.Bootstrap$3.run(Bootstrap.java:264)
	at io.netty.util.concurrent.AbstractEventExecutor.runTask(AbstractEventExecutor.java:173)
	at io.netty.util.concurrent.AbstractEventExecutor.safeExecute(AbstractEventExecutor.java:166)
	at io.netty.util.concurrent.SingleThreadEventExecutor.runAllTasks(SingleThreadEventExecutor.java:470)
	at io.netty.channel.nio.NioEventLoop.run(NioEventLoop.java:569)
	at io.netty.util.concurrent.SingleThreadEventExecutor$4.run(SingleThreadEventExecutor.java:997)
	at io.netty.util.internal.ThreadExecutorMap$2.run(ThreadExecutorMap.java:74)
	at io.netty.util.concurrent.FastThreadLocalRunnable.run(FastThreadLocalRunnable.java:30)
	at java.base/java.lang.Thread.run(Thread.java:842)
2025-12-24 17:49:34.191 [lettuce-eventExecutorLoop-1-2] INFO  i.l.core.protocol.ConnectionWatchdog - Reconnecting, last destination was 192.168.101.128/<unresolved>:6379
2025-12-24 17:49:34.193 [lettuce-nioEventLoop-4-7] WARN  i.l.core.protocol.ConnectionWatchdog - Cannot reconnect to [192.168.101.128/<unresolved>:6379]: Permission denied: connect: /192.168.101.128:6379
io.netty.channel.AbstractChannel$AnnotatedSocketException: Permission denied: connect: /192.168.101.128:6379
Caused by: java.net.SocketException: Permission denied: connect
	at java.base/sun.nio.ch.Net.connect0(Native Method)
	at java.base/sun.nio.ch.Net.connect(Net.java:579)
	at java.base/sun.nio.ch.Net.connect(Net.java:586)
	at java.base/sun.nio.ch.SocketChannelImpl.connect(SocketChannelImpl.java:853)
	at io.netty.util.internal.SocketUtils$3.run(SocketUtils.java:91)
	at io.netty.util.internal.SocketUtils$3.run(SocketUtils.java:88)
	at java.base/java.security.AccessController.doPrivileged(AccessController.java:569)
	at io.netty.util.internal.SocketUtils.connect(SocketUtils.java:88)
	at io.netty.channel.socket.nio.NioSocketChannel.doConnect(NioSocketChannel.java:322)
	at io.netty.channel.nio.AbstractNioChannel$AbstractNioUnsafe.connect(AbstractNioChannel.java:250)
	at io.netty.channel.DefaultChannelPipeline$HeadContext.connect(DefaultChannelPipeline.java:1342)
	at io.netty.channel.AbstractChannelHandlerContext.invokeConnect(AbstractChannelHandlerContext.java:655)
	at io.netty.channel.AbstractChannelHandlerContext.connect(AbstractChannelHandlerContext.java:634)
	at io.netty.channel.AbstractChannelHandlerContext.connect(AbstractChannelHandlerContext.java:618)
	at io.netty.channel.DefaultChannelPipeline.connect(DefaultChannelPipeline.java:978)
	at io.netty.channel.AbstractChannel.connect(AbstractChannel.java:265)
	at io.netty.bootstrap.Bootstrap$3.run(Bootstrap.java:264)
	at io.netty.util.concurrent.AbstractEventExecutor.runTask(AbstractEventExecutor.java:173)
	at io.netty.util.concurrent.AbstractEventExecutor.safeExecute(AbstractEventExecutor.java:166)
	at io.netty.util.concurrent.SingleThreadEventExecutor.runAllTasks(SingleThreadEventExecutor.java:470)
	at io.netty.channel.nio.NioEventLoop.run(NioEventLoop.java:569)
	at io.netty.util.concurrent.SingleThreadEventExecutor$4.run(SingleThreadEventExecutor.java:997)
	at io.netty.util.internal.ThreadExecutorMap$2.run(ThreadExecutorMap.java:74)
	at io.netty.util.concurrent.FastThreadLocalRunnable.run(FastThreadLocalRunnable.java:30)
	at java.base/java.lang.Thread.run(Thread.java:842)
2025-12-24 17:50:04.299 [lettuce-eventExecutorLoop-1-4] INFO  i.l.core.protocol.ConnectionWatchdog - Reconnecting, last destination was 192.168.101.128/<unresolved>:6379
2025-12-24 17:50:04.301 [lettuce-nioEventLoop-4-8] WARN  i.l.core.protocol.ConnectionWatchdog - Cannot reconnect to [192.168.101.128/<unresolved>:6379]: Permission denied: connect: /192.168.101.128:6379
io.netty.channel.AbstractChannel$AnnotatedSocketException: Permission denied: connect: /192.168.101.128:6379
Caused by: java.net.SocketException: Permission denied: connect
	at java.base/sun.nio.ch.Net.connect0(Native Method)
	at java.base/sun.nio.ch.Net.connect(Net.java:579)
	at java.base/sun.nio.ch.Net.connect(Net.java:586)
	at java.base/sun.nio.ch.SocketChannelImpl.connect(SocketChannelImpl.java:853)
	at io.netty.util.internal.SocketUtils$3.run(SocketUtils.java:91)
	at io.netty.util.internal.SocketUtils$3.run(SocketUtils.java:88)
	at java.base/java.security.AccessController.doPrivileged(AccessController.java:569)
	at io.netty.util.internal.SocketUtils.connect(SocketUtils.java:88)
	at io.netty.channel.socket.nio.NioSocketChannel.doConnect(NioSocketChannel.java:322)
	at io.netty.channel.nio.AbstractNioChannel$AbstractNioUnsafe.connect(AbstractNioChannel.java:250)
	at io.netty.channel.DefaultChannelPipeline$HeadContext.connect(DefaultChannelPipeline.java:1342)
	at io.netty.channel.AbstractChannelHandlerContext.invokeConnect(AbstractChannelHandlerContext.java:655)
	at io.netty.channel.AbstractChannelHandlerContext.connect(AbstractChannelHandlerContext.java:634)
	at io.netty.channel.AbstractChannelHandlerContext.connect(AbstractChannelHandlerContext.java:618)
	at io.netty.channel.DefaultChannelPipeline.connect(DefaultChannelPipeline.java:978)
	at io.netty.channel.AbstractChannel.connect(AbstractChannel.java:265)
	at io.netty.bootstrap.Bootstrap$3.run(Bootstrap.java:264)
	at io.netty.util.concurrent.AbstractEventExecutor.runTask(AbstractEventExecutor.java:173)
	at io.netty.util.concurrent.AbstractEventExecutor.safeExecute(AbstractEventExecutor.java:166)
	at io.netty.util.concurrent.SingleThreadEventExecutor.runAllTasks(SingleThreadEventExecutor.java:470)
	at io.netty.channel.nio.NioEventLoop.run(NioEventLoop.java:569)
	at io.netty.util.concurrent.SingleThreadEventExecutor$4.run(SingleThreadEventExecutor.java:997)
	at io.netty.util.internal.ThreadExecutorMap$2.run(ThreadExecutorMap.java:74)
	at io.netty.util.concurrent.FastThreadLocalRunnable.run(FastThreadLocalRunnable.java:30)
	at java.base/java.lang.Thread.run(Thread.java:842)
2025-12-24 17:50:34.390 [lettuce-eventExecutorLoop-1-6] INFO  i.l.core.protocol.ConnectionWatchdog - Reconnecting, last destination was 192.168.101.128/<unresolved>:6379
2025-12-24 17:50:34.392 [lettuce-nioEventLoop-4-1] WARN  i.l.core.protocol.ConnectionWatchdog - Cannot reconnect to [192.168.101.128/<unresolved>:6379]: Permission denied: connect: /192.168.101.128:6379
io.netty.channel.AbstractChannel$AnnotatedSocketException: Permission denied: connect: /192.168.101.128:6379
Caused by: java.net.SocketException: Permission denied: connect
	at java.base/sun.nio.ch.Net.connect0(Native Method)
	at java.base/sun.nio.ch.Net.connect(Net.java:579)
	at java.base/sun.nio.ch.Net.connect(Net.java:586)
	at java.base/sun.nio.ch.SocketChannelImpl.connect(SocketChannelImpl.java:853)
	at io.netty.util.internal.SocketUtils$3.run(SocketUtils.java:91)
	at io.netty.util.internal.SocketUtils$3.run(SocketUtils.java:88)
	at java.base/java.security.AccessController.doPrivileged(AccessController.java:569)
	at io.netty.util.internal.SocketUtils.connect(SocketUtils.java:88)
	at io.netty.channel.socket.nio.NioSocketChannel.doConnect(NioSocketChannel.java:322)
	at io.netty.channel.nio.AbstractNioChannel$AbstractNioUnsafe.connect(AbstractNioChannel.java:250)
	at io.netty.channel.DefaultChannelPipeline$HeadContext.connect(DefaultChannelPipeline.java:1342)
	at io.netty.channel.AbstractChannelHandlerContext.invokeConnect(AbstractChannelHandlerContext.java:655)
	at io.netty.channel.AbstractChannelHandlerContext.connect(AbstractChannelHandlerContext.java:634)
	at io.netty.channel.AbstractChannelHandlerContext.connect(AbstractChannelHandlerContext.java:618)
	at io.netty.channel.DefaultChannelPipeline.connect(DefaultChannelPipeline.java:978)
	at io.netty.channel.AbstractChannel.connect(AbstractChannel.java:265)
	at io.netty.bootstrap.Bootstrap$3.run(Bootstrap.java:264)
	at io.netty.util.concurrent.AbstractEventExecutor.runTask(AbstractEventExecutor.java:173)
	at io.netty.util.concurrent.AbstractEventExecutor.safeExecute(AbstractEventExecutor.java:166)
	at io.netty.util.concurrent.SingleThreadEventExecutor.runAllTasks(SingleThreadEventExecutor.java:470)
	at io.netty.channel.nio.NioEventLoop.run(NioEventLoop.java:569)
	at io.netty.util.concurrent.SingleThreadEventExecutor$4.run(SingleThreadEventExecutor.java:997)
	at io.netty.util.internal.ThreadExecutorMap$2.run(ThreadExecutorMap.java:74)
	at io.netty.util.concurrent.FastThreadLocalRunnable.run(FastThreadLocalRunnable.java:30)
	at java.base/java.lang.Thread.run(Thread.java:842)
2025-12-24 17:51:04.498 [lettuce-eventExecutorLoop-1-1] INFO  i.l.core.protocol.ConnectionWatchdog - Reconnecting, last destination was 192.168.101.128/<unresolved>:6379
2025-12-24 17:51:04.501 [lettuce-nioEventLoop-4-2] WARN  i.l.core.protocol.ConnectionWatchdog - Cannot reconnect to [192.168.101.128/<unresolved>:6379]: Permission denied: connect: /192.168.101.128:6379
io.netty.channel.AbstractChannel$AnnotatedSocketException: Permission denied: connect: /192.168.101.128:6379
Caused by: java.net.SocketException: Permission denied: connect
	at java.base/sun.nio.ch.Net.connect0(Native Method)
	at java.base/sun.nio.ch.Net.connect(Net.java:579)
	at java.base/sun.nio.ch.Net.connect(Net.java:586)
	at java.base/sun.nio.ch.SocketChannelImpl.connect(SocketChannelImpl.java:853)
	at io.netty.util.internal.SocketUtils$3.run(SocketUtils.java:91)
	at io.netty.util.internal.SocketUtils$3.run(SocketUtils.java:88)
	at java.base/java.security.AccessController.doPrivileged(AccessController.java:569)
	at io.netty.util.internal.SocketUtils.connect(SocketUtils.java:88)
	at io.netty.channel.socket.nio.NioSocketChannel.doConnect(NioSocketChannel.java:322)
	at io.netty.channel.nio.AbstractNioChannel$AbstractNioUnsafe.connect(AbstractNioChannel.java:250)
	at io.netty.channel.DefaultChannelPipeline$HeadContext.connect(DefaultChannelPipeline.java:1342)
	at io.netty.channel.AbstractChannelHandlerContext.invokeConnect(AbstractChannelHandlerContext.java:655)
	at io.netty.channel.AbstractChannelHandlerContext.connect(AbstractChannelHandlerContext.java:634)
	at io.netty.channel.AbstractChannelHandlerContext.connect(AbstractChannelHandlerContext.java:618)
	at io.netty.channel.DefaultChannelPipeline.connect(DefaultChannelPipeline.java:978)
	at io.netty.channel.AbstractChannel.connect(AbstractChannel.java:265)
	at io.netty.bootstrap.Bootstrap$3.run(Bootstrap.java:264)
	at io.netty.util.concurrent.AbstractEventExecutor.runTask(AbstractEventExecutor.java:173)
	at io.netty.util.concurrent.AbstractEventExecutor.safeExecute(AbstractEventExecutor.java:166)
	at io.netty.util.concurrent.SingleThreadEventExecutor.runAllTasks(SingleThreadEventExecutor.java:470)
	at io.netty.channel.nio.NioEventLoop.run(NioEventLoop.java:569)
	at io.netty.util.concurrent.SingleThreadEventExecutor$4.run(SingleThreadEventExecutor.java:997)
	at io.netty.util.internal.ThreadExecutorMap$2.run(ThreadExecutorMap.java:74)
	at io.netty.util.concurrent.FastThreadLocalRunnable.run(FastThreadLocalRunnable.java:30)
	at java.base/java.lang.Thread.run(Thread.java:842)
2025-12-24 17:51:34.598 [lettuce-eventExecutorLoop-1-2] INFO  i.l.core.protocol.ConnectionWatchdog - Reconnecting, last destination was 192.168.101.128/<unresolved>:6379
2025-12-24 17:51:34.601 [lettuce-nioEventLoop-4-3] WARN  i.l.core.protocol.ConnectionWatchdog - Cannot reconnect to [192.168.101.128/<unresolved>:6379]: Permission denied: connect: /192.168.101.128:6379
io.netty.channel.AbstractChannel$AnnotatedSocketException: Permission denied: connect: /192.168.101.128:6379
Caused by: java.net.SocketException: Permission denied: connect
	at java.base/sun.nio.ch.Net.connect0(Native Method)
	at java.base/sun.nio.ch.Net.connect(Net.java:579)
	at java.base/sun.nio.ch.Net.connect(Net.java:586)
	at java.base/sun.nio.ch.SocketChannelImpl.connect(SocketChannelImpl.java:853)
	at io.netty.util.internal.SocketUtils$3.run(SocketUtils.java:91)
	at io.netty.util.internal.SocketUtils$3.run(SocketUtils.java:88)
	at java.base/java.security.AccessController.doPrivileged(AccessController.java:569)
	at io.netty.util.internal.SocketUtils.connect(SocketUtils.java:88)
	at io.netty.channel.socket.nio.NioSocketChannel.doConnect(NioSocketChannel.java:322)
	at io.netty.channel.nio.AbstractNioChannel$AbstractNioUnsafe.connect(AbstractNioChannel.java:250)
	at io.netty.channel.DefaultChannelPipeline$HeadContext.connect(DefaultChannelPipeline.java:1342)
	at io.netty.channel.AbstractChannelHandlerContext.invokeConnect(AbstractChannelHandlerContext.java:655)
	at io.netty.channel.AbstractChannelHandlerContext.connect(AbstractChannelHandlerContext.java:634)
	at io.netty.channel.AbstractChannelHandlerContext.connect(AbstractChannelHandlerContext.java:618)
	at io.netty.channel.DefaultChannelPipeline.connect(DefaultChannelPipeline.java:978)
	at io.netty.channel.AbstractChannel.connect(AbstractChannel.java:265)
	at io.netty.bootstrap.Bootstrap$3.run(Bootstrap.java:264)
	at io.netty.util.concurrent.AbstractEventExecutor.runTask(AbstractEventExecutor.java:173)
	at io.netty.util.concurrent.AbstractEventExecutor.safeExecute(AbstractEventExecutor.java:166)
	at io.netty.util.concurrent.SingleThreadEventExecutor.runAllTasks(SingleThreadEventExecutor.java:470)
	at io.netty.channel.nio.NioEventLoop.run(NioEventLoop.java:569)
	at io.netty.util.concurrent.SingleThreadEventExecutor$4.run(SingleThreadEventExecutor.java:997)
	at io.netty.util.internal.ThreadExecutorMap$2.run(ThreadExecutorMap.java:74)
	at io.netty.util.concurrent.FastThreadLocalRunnable.run(FastThreadLocalRunnable.java:30)
	at java.base/java.lang.Thread.run(Thread.java:842)
2025-12-24 17:52:04.697 [lettuce-eventExecutorLoop-1-4] INFO  i.l.core.protocol.ConnectionWatchdog - Reconnecting, last destination was 192.168.101.128/<unresolved>:6379
2025-12-24 17:52:04.699 [lettuce-nioEventLoop-4-4] WARN  i.l.core.protocol.ConnectionWatchdog - Cannot reconnect to [192.168.101.128/<unresolved>:6379]: Permission denied: connect: /192.168.101.128:6379
io.netty.channel.AbstractChannel$AnnotatedSocketException: Permission denied: connect: /192.168.101.128:6379
Caused by: java.net.SocketException: Permission denied: connect
	at java.base/sun.nio.ch.Net.connect0(Native Method)
	at java.base/sun.nio.ch.Net.connect(Net.java:579)
	at java.base/sun.nio.ch.Net.connect(Net.java:586)
	at java.base/sun.nio.ch.SocketChannelImpl.connect(SocketChannelImpl.java:853)
	at io.netty.util.internal.SocketUtils$3.run(SocketUtils.java:91)
	at io.netty.util.internal.SocketUtils$3.run(SocketUtils.java:88)
	at java.base/java.security.AccessController.doPrivileged(AccessController.java:569)
	at io.netty.util.internal.SocketUtils.connect(SocketUtils.java:88)
	at io.netty.channel.socket.nio.NioSocketChannel.doConnect(NioSocketChannel.java:322)
	at io.netty.channel.nio.AbstractNioChannel$AbstractNioUnsafe.connect(AbstractNioChannel.java:250)
	at io.netty.channel.DefaultChannelPipeline$HeadContext.connect(DefaultChannelPipeline.java:1342)
	at io.netty.channel.AbstractChannelHandlerContext.invokeConnect(AbstractChannelHandlerContext.java:655)
	at io.netty.channel.AbstractChannelHandlerContext.connect(AbstractChannelHandlerContext.java:634)
	at io.netty.channel.AbstractChannelHandlerContext.connect(AbstractChannelHandlerContext.java:618)
	at io.netty.channel.DefaultChannelPipeline.connect(DefaultChannelPipeline.java:978)
	at io.netty.channel.AbstractChannel.connect(AbstractChannel.java:265)
	at io.netty.bootstrap.Bootstrap$3.run(Bootstrap.java:264)
	at io.netty.util.concurrent.AbstractEventExecutor.runTask(AbstractEventExecutor.java:173)
	at io.netty.util.concurrent.AbstractEventExecutor.safeExecute(AbstractEventExecutor.java:166)
	at io.netty.util.concurrent.SingleThreadEventExecutor.runAllTasks(SingleThreadEventExecutor.java:470)
	at io.netty.channel.nio.NioEventLoop.run(NioEventLoop.java:569)
	at io.netty.util.concurrent.SingleThreadEventExecutor$4.run(SingleThreadEventExecutor.java:997)
	at io.netty.util.internal.ThreadExecutorMap$2.run(ThreadExecutorMap.java:74)
	at io.netty.util.concurrent.FastThreadLocalRunnable.run(FastThreadLocalRunnable.java:30)
	at java.base/java.lang.Thread.run(Thread.java:842)
2025-12-24 17:52:34.791 [lettuce-eventExecutorLoop-1-6] INFO  i.l.core.protocol.ConnectionWatchdog - Reconnecting, last destination was 192.168.101.128/<unresolved>:6379
2025-12-24 17:52:34.794 [lettuce-nioEventLoop-4-5] WARN  i.l.core.protocol.ConnectionWatchdog - Cannot reconnect to [192.168.101.128/<unresolved>:6379]: Permission denied: connect: /192.168.101.128:6379
io.netty.channel.AbstractChannel$AnnotatedSocketException: Permission denied: connect: /192.168.101.128:6379
Caused by: java.net.SocketException: Permission denied: connect
	at java.base/sun.nio.ch.Net.connect0(Native Method)
	at java.base/sun.nio.ch.Net.connect(Net.java:579)
	at java.base/sun.nio.ch.Net.connect(Net.java:586)
	at java.base/sun.nio.ch.SocketChannelImpl.connect(SocketChannelImpl.java:853)
	at io.netty.util.internal.SocketUtils$3.run(SocketUtils.java:91)
	at io.netty.util.internal.SocketUtils$3.run(SocketUtils.java:88)
	at java.base/java.security.AccessController.doPrivileged(AccessController.java:569)
	at io.netty.util.internal.SocketUtils.connect(SocketUtils.java:88)
	at io.netty.channel.socket.nio.NioSocketChannel.doConnect(NioSocketChannel.java:322)
	at io.netty.channel.nio.AbstractNioChannel$AbstractNioUnsafe.connect(AbstractNioChannel.java:250)
	at io.netty.channel.DefaultChannelPipeline$HeadContext.connect(DefaultChannelPipeline.java:1342)
	at io.netty.channel.AbstractChannelHandlerContext.invokeConnect(AbstractChannelHandlerContext.java:655)
	at io.netty.channel.AbstractChannelHandlerContext.connect(AbstractChannelHandlerContext.java:634)
	at io.netty.channel.AbstractChannelHandlerContext.connect(AbstractChannelHandlerContext.java:618)
	at io.netty.channel.DefaultChannelPipeline.connect(DefaultChannelPipeline.java:978)
	at io.netty.channel.AbstractChannel.connect(AbstractChannel.java:265)
	at io.netty.bootstrap.Bootstrap$3.run(Bootstrap.java:264)
	at io.netty.util.concurrent.AbstractEventExecutor.runTask(AbstractEventExecutor.java:173)
	at io.netty.util.concurrent.AbstractEventExecutor.safeExecute(AbstractEventExecutor.java:166)
	at io.netty.util.concurrent.SingleThreadEventExecutor.runAllTasks(SingleThreadEventExecutor.java:470)
	at io.netty.channel.nio.NioEventLoop.run(NioEventLoop.java:569)
	at io.netty.util.concurrent.SingleThreadEventExecutor$4.run(SingleThreadEventExecutor.java:997)
	at io.netty.util.internal.ThreadExecutorMap$2.run(ThreadExecutorMap.java:74)
	at io.netty.util.concurrent.FastThreadLocalRunnable.run(FastThreadLocalRunnable.java:30)
	at java.base/java.lang.Thread.run(Thread.java:842)
2025-12-24 17:53:04.887 [lettuce-eventExecutorLoop-1-1] INFO  i.l.core.protocol.ConnectionWatchdog - Reconnecting, last destination was 192.168.101.128/<unresolved>:6379
2025-12-24 17:53:04.888 [lettuce-nioEventLoop-4-6] WARN  i.l.core.protocol.ConnectionWatchdog - Cannot reconnect to [192.168.101.128/<unresolved>:6379]: Permission denied: connect: /192.168.101.128:6379
io.netty.channel.AbstractChannel$AnnotatedSocketException: Permission denied: connect: /192.168.101.128:6379
Caused by: java.net.SocketException: Permission denied: connect
	at java.base/sun.nio.ch.Net.connect0(Native Method)
	at java.base/sun.nio.ch.Net.connect(Net.java:579)
	at java.base/sun.nio.ch.Net.connect(Net.java:586)
	at java.base/sun.nio.ch.SocketChannelImpl.connect(SocketChannelImpl.java:853)
	at io.netty.util.internal.SocketUtils$3.run(SocketUtils.java:91)
	at io.netty.util.internal.SocketUtils$3.run(SocketUtils.java:88)
	at java.base/java.security.AccessController.doPrivileged(AccessController.java:569)
	at io.netty.util.internal.SocketUtils.connect(SocketUtils.java:88)
	at io.netty.channel.socket.nio.NioSocketChannel.doConnect(NioSocketChannel.java:322)
	at io.netty.channel.nio.AbstractNioChannel$AbstractNioUnsafe.connect(AbstractNioChannel.java:250)
	at io.netty.channel.DefaultChannelPipeline$HeadContext.connect(DefaultChannelPipeline.java:1342)
	at io.netty.channel.AbstractChannelHandlerContext.invokeConnect(AbstractChannelHandlerContext.java:655)
	at io.netty.channel.AbstractChannelHandlerContext.connect(AbstractChannelHandlerContext.java:634)
	at io.netty.channel.AbstractChannelHandlerContext.connect(AbstractChannelHandlerContext.java:618)
	at io.netty.channel.DefaultChannelPipeline.connect(DefaultChannelPipeline.java:978)
	at io.netty.channel.AbstractChannel.connect(AbstractChannel.java:265)
	at io.netty.bootstrap.Bootstrap$3.run(Bootstrap.java:264)
	at io.netty.util.concurrent.AbstractEventExecutor.runTask(AbstractEventExecutor.java:173)
	at io.netty.util.concurrent.AbstractEventExecutor.safeExecute(AbstractEventExecutor.java:166)
	at io.netty.util.concurrent.SingleThreadEventExecutor.runAllTasks(SingleThreadEventExecutor.java:470)
	at io.netty.channel.nio.NioEventLoop.run(NioEventLoop.java:569)
	at io.netty.util.concurrent.SingleThreadEventExecutor$4.run(SingleThreadEventExecutor.java:997)
	at io.netty.util.internal.ThreadExecutorMap$2.run(ThreadExecutorMap.java:74)
	at io.netty.util.concurrent.FastThreadLocalRunnable.run(FastThreadLocalRunnable.java:30)
	at java.base/java.lang.Thread.run(Thread.java:842)
2025-12-24 17:53:34.992 [lettuce-eventExecutorLoop-1-2] INFO  i.l.core.protocol.ConnectionWatchdog - Reconnecting, last destination was 192.168.101.128/<unresolved>:6379
2025-12-24 17:53:34.994 [lettuce-nioEventLoop-4-7] WARN  i.l.core.protocol.ConnectionWatchdog - Cannot reconnect to [192.168.101.128/<unresolved>:6379]: Permission denied: connect: /192.168.101.128:6379
io.netty.channel.AbstractChannel$AnnotatedSocketException: Permission denied: connect: /192.168.101.128:6379
Caused by: java.net.SocketException: Permission denied: connect
	at java.base/sun.nio.ch.Net.connect0(Native Method)
	at java.base/sun.nio.ch.Net.connect(Net.java:579)
	at java.base/sun.nio.ch.Net.connect(Net.java:586)
	at java.base/sun.nio.ch.SocketChannelImpl.connect(SocketChannelImpl.java:853)
	at io.netty.util.internal.SocketUtils$3.run(SocketUtils.java:91)
	at io.netty.util.internal.SocketUtils$3.run(SocketUtils.java:88)
	at java.base/java.security.AccessController.doPrivileged(AccessController.java:569)
	at io.netty.util.internal.SocketUtils.connect(SocketUtils.java:88)
	at io.netty.channel.socket.nio.NioSocketChannel.doConnect(NioSocketChannel.java:322)
	at io.netty.channel.nio.AbstractNioChannel$AbstractNioUnsafe.connect(AbstractNioChannel.java:250)
	at io.netty.channel.DefaultChannelPipeline$HeadContext.connect(DefaultChannelPipeline.java:1342)
	at io.netty.channel.AbstractChannelHandlerContext.invokeConnect(AbstractChannelHandlerContext.java:655)
	at io.netty.channel.AbstractChannelHandlerContext.connect(AbstractChannelHandlerContext.java:634)
	at io.netty.channel.AbstractChannelHandlerContext.connect(AbstractChannelHandlerContext.java:618)
	at io.netty.channel.DefaultChannelPipeline.connect(DefaultChannelPipeline.java:978)
	at io.netty.channel.AbstractChannel.connect(AbstractChannel.java:265)
	at io.netty.bootstrap.Bootstrap$3.run(Bootstrap.java:264)
	at io.netty.util.concurrent.AbstractEventExecutor.runTask(AbstractEventExecutor.java:173)
	at io.netty.util.concurrent.AbstractEventExecutor.safeExecute(AbstractEventExecutor.java:166)
	at io.netty.util.concurrent.SingleThreadEventExecutor.runAllTasks(SingleThreadEventExecutor.java:470)
	at io.netty.channel.nio.NioEventLoop.run(NioEventLoop.java:569)
	at io.netty.util.concurrent.SingleThreadEventExecutor$4.run(SingleThreadEventExecutor.java:997)
	at io.netty.util.internal.ThreadExecutorMap$2.run(ThreadExecutorMap.java:74)
	at io.netty.util.concurrent.FastThreadLocalRunnable.run(FastThreadLocalRunnable.java:30)
	at java.base/java.lang.Thread.run(Thread.java:842)
2025-12-24 17:54:05.088 [lettuce-eventExecutorLoop-1-4] INFO  i.l.core.protocol.ConnectionWatchdog - Reconnecting, last destination was 192.168.101.128/<unresolved>:6379
2025-12-24 17:54:05.090 [lettuce-nioEventLoop-4-8] WARN  i.l.core.protocol.ConnectionWatchdog - Cannot reconnect to [192.168.101.128/<unresolved>:6379]: Permission denied: connect: /192.168.101.128:6379
io.netty.channel.AbstractChannel$AnnotatedSocketException: Permission denied: connect: /192.168.101.128:6379
Caused by: java.net.SocketException: Permission denied: connect
	at java.base/sun.nio.ch.Net.connect0(Native Method)
	at java.base/sun.nio.ch.Net.connect(Net.java:579)
	at java.base/sun.nio.ch.Net.connect(Net.java:586)
	at java.base/sun.nio.ch.SocketChannelImpl.connect(SocketChannelImpl.java:853)
	at io.netty.util.internal.SocketUtils$3.run(SocketUtils.java:91)
	at io.netty.util.internal.SocketUtils$3.run(SocketUtils.java:88)
	at java.base/java.security.AccessController.doPrivileged(AccessController.java:569)
	at io.netty.util.internal.SocketUtils.connect(SocketUtils.java:88)
	at io.netty.channel.socket.nio.NioSocketChannel.doConnect(NioSocketChannel.java:322)
	at io.netty.channel.nio.AbstractNioChannel$AbstractNioUnsafe.connect(AbstractNioChannel.java:250)
	at io.netty.channel.DefaultChannelPipeline$HeadContext.connect(DefaultChannelPipeline.java:1342)
	at io.netty.channel.AbstractChannelHandlerContext.invokeConnect(AbstractChannelHandlerContext.java:655)
	at io.netty.channel.AbstractChannelHandlerContext.connect(AbstractChannelHandlerContext.java:634)
	at io.netty.channel.AbstractChannelHandlerContext.connect(AbstractChannelHandlerContext.java:618)
	at io.netty.channel.DefaultChannelPipeline.connect(DefaultChannelPipeline.java:978)
	at io.netty.channel.AbstractChannel.connect(AbstractChannel.java:265)
	at io.netty.bootstrap.Bootstrap$3.run(Bootstrap.java:264)
	at io.netty.util.concurrent.AbstractEventExecutor.runTask(AbstractEventExecutor.java:173)
	at io.netty.util.concurrent.AbstractEventExecutor.safeExecute(AbstractEventExecutor.java:166)
	at io.netty.util.concurrent.SingleThreadEventExecutor.runAllTasks(SingleThreadEventExecutor.java:470)
	at io.netty.channel.nio.NioEventLoop.run(NioEventLoop.java:569)
	at io.netty.util.concurrent.SingleThreadEventExecutor$4.run(SingleThreadEventExecutor.java:997)
	at io.netty.util.internal.ThreadExecutorMap$2.run(ThreadExecutorMap.java:74)
	at io.netty.util.concurrent.FastThreadLocalRunnable.run(FastThreadLocalRunnable.java:30)
	at java.base/java.lang.Thread.run(Thread.java:842)
2025-12-24 17:54:35.192 [lettuce-eventExecutorLoop-1-6] INFO  i.l.core.protocol.ConnectionWatchdog - Reconnecting, last destination was 192.168.101.128/<unresolved>:6379
2025-12-24 17:54:35.195 [lettuce-nioEventLoop-4-1] WARN  i.l.core.protocol.ConnectionWatchdog - Cannot reconnect to [192.168.101.128/<unresolved>:6379]: Permission denied: connect: /192.168.101.128:6379
io.netty.channel.AbstractChannel$AnnotatedSocketException: Permission denied: connect: /192.168.101.128:6379
Caused by: java.net.SocketException: Permission denied: connect
	at java.base/sun.nio.ch.Net.connect0(Native Method)
	at java.base/sun.nio.ch.Net.connect(Net.java:579)
	at java.base/sun.nio.ch.Net.connect(Net.java:586)
	at java.base/sun.nio.ch.SocketChannelImpl.connect(SocketChannelImpl.java:853)
	at io.netty.util.internal.SocketUtils$3.run(SocketUtils.java:91)
	at io.netty.util.internal.SocketUtils$3.run(SocketUtils.java:88)
	at java.base/java.security.AccessController.doPrivileged(AccessController.java:569)
	at io.netty.util.internal.SocketUtils.connect(SocketUtils.java:88)
	at io.netty.channel.socket.nio.NioSocketChannel.doConnect(NioSocketChannel.java:322)
	at io.netty.channel.nio.AbstractNioChannel$AbstractNioUnsafe.connect(AbstractNioChannel.java:250)
	at io.netty.channel.DefaultChannelPipeline$HeadContext.connect(DefaultChannelPipeline.java:1342)
	at io.netty.channel.AbstractChannelHandlerContext.invokeConnect(AbstractChannelHandlerContext.java:655)
	at io.netty.channel.AbstractChannelHandlerContext.connect(AbstractChannelHandlerContext.java:634)
	at io.netty.channel.AbstractChannelHandlerContext.connect(AbstractChannelHandlerContext.java:618)
	at io.netty.channel.DefaultChannelPipeline.connect(DefaultChannelPipeline.java:978)
	at io.netty.channel.AbstractChannel.connect(AbstractChannel.java:265)
	at io.netty.bootstrap.Bootstrap$3.run(Bootstrap.java:264)
	at io.netty.util.concurrent.AbstractEventExecutor.runTask(AbstractEventExecutor.java:173)
	at io.netty.util.concurrent.AbstractEventExecutor.safeExecute(AbstractEventExecutor.java:166)
	at io.netty.util.concurrent.SingleThreadEventExecutor.runAllTasks(SingleThreadEventExecutor.java:470)
	at io.netty.channel.nio.NioEventLoop.run(NioEventLoop.java:569)
	at io.netty.util.concurrent.SingleThreadEventExecutor$4.run(SingleThreadEventExecutor.java:997)
	at io.netty.util.internal.ThreadExecutorMap$2.run(ThreadExecutorMap.java:74)
	at io.netty.util.concurrent.FastThreadLocalRunnable.run(FastThreadLocalRunnable.java:30)
	at java.base/java.lang.Thread.run(Thread.java:842)
2025-12-24 17:55:05.297 [lettuce-eventExecutorLoop-1-1] INFO  i.l.core.protocol.ConnectionWatchdog - Reconnecting, last destination was 192.168.101.128/<unresolved>:6379
2025-12-24 17:55:05.299 [lettuce-nioEventLoop-4-2] WARN  i.l.core.protocol.ConnectionWatchdog - Cannot reconnect to [192.168.101.128/<unresolved>:6379]: Permission denied: connect: /192.168.101.128:6379
io.netty.channel.AbstractChannel$AnnotatedSocketException: Permission denied: connect: /192.168.101.128:6379
Caused by: java.net.SocketException: Permission denied: connect
	at java.base/sun.nio.ch.Net.connect0(Native Method)
	at java.base/sun.nio.ch.Net.connect(Net.java:579)
	at java.base/sun.nio.ch.Net.connect(Net.java:586)
	at java.base/sun.nio.ch.SocketChannelImpl.connect(SocketChannelImpl.java:853)
	at io.netty.util.internal.SocketUtils$3.run(SocketUtils.java:91)
	at io.netty.util.internal.SocketUtils$3.run(SocketUtils.java:88)
	at java.base/java.security.AccessController.doPrivileged(AccessController.java:569)
	at io.netty.util.internal.SocketUtils.connect(SocketUtils.java:88)
	at io.netty.channel.socket.nio.NioSocketChannel.doConnect(NioSocketChannel.java:322)
	at io.netty.channel.nio.AbstractNioChannel$AbstractNioUnsafe.connect(AbstractNioChannel.java:250)
	at io.netty.channel.DefaultChannelPipeline$HeadContext.connect(DefaultChannelPipeline.java:1342)
	at io.netty.channel.AbstractChannelHandlerContext.invokeConnect(AbstractChannelHandlerContext.java:655)
	at io.netty.channel.AbstractChannelHandlerContext.connect(AbstractChannelHandlerContext.java:634)
	at io.netty.channel.AbstractChannelHandlerContext.connect(AbstractChannelHandlerContext.java:618)
	at io.netty.channel.DefaultChannelPipeline.connect(DefaultChannelPipeline.java:978)
	at io.netty.channel.AbstractChannel.connect(AbstractChannel.java:265)
	at io.netty.bootstrap.Bootstrap$3.run(Bootstrap.java:264)
	at io.netty.util.concurrent.AbstractEventExecutor.runTask(AbstractEventExecutor.java:173)
	at io.netty.util.concurrent.AbstractEventExecutor.safeExecute(AbstractEventExecutor.java:166)
	at io.netty.util.concurrent.SingleThreadEventExecutor.runAllTasks(SingleThreadEventExecutor.java:470)
	at io.netty.channel.nio.NioEventLoop.run(NioEventLoop.java:569)
	at io.netty.util.concurrent.SingleThreadEventExecutor$4.run(SingleThreadEventExecutor.java:997)
	at io.netty.util.internal.ThreadExecutorMap$2.run(ThreadExecutorMap.java:74)
	at io.netty.util.concurrent.FastThreadLocalRunnable.run(FastThreadLocalRunnable.java:30)
	at java.base/java.lang.Thread.run(Thread.java:842)
2025-12-24 17:55:35.385 [lettuce-eventExecutorLoop-1-2] INFO  i.l.core.protocol.ConnectionWatchdog - Reconnecting, last destination was 192.168.101.128/<unresolved>:6379
2025-12-24 17:55:35.394 [lettuce-nioEventLoop-4-3] WARN  i.l.core.protocol.ConnectionWatchdog - Cannot reconnect to [192.168.101.128/<unresolved>:6379]: Permission denied: connect: /192.168.101.128:6379
io.netty.channel.AbstractChannel$AnnotatedSocketException: Permission denied: connect: /192.168.101.128:6379
Caused by: java.net.SocketException: Permission denied: connect
	at java.base/sun.nio.ch.Net.connect0(Native Method)
	at java.base/sun.nio.ch.Net.connect(Net.java:579)
	at java.base/sun.nio.ch.Net.connect(Net.java:586)
	at java.base/sun.nio.ch.SocketChannelImpl.connect(SocketChannelImpl.java:853)
	at io.netty.util.internal.SocketUtils$3.run(SocketUtils.java:91)
	at io.netty.util.internal.SocketUtils$3.run(SocketUtils.java:88)
	at java.base/java.security.AccessController.doPrivileged(AccessController.java:569)
	at io.netty.util.internal.SocketUtils.connect(SocketUtils.java:88)
	at io.netty.channel.socket.nio.NioSocketChannel.doConnect(NioSocketChannel.java:322)
	at io.netty.channel.nio.AbstractNioChannel$AbstractNioUnsafe.connect(AbstractNioChannel.java:250)
	at io.netty.channel.DefaultChannelPipeline$HeadContext.connect(DefaultChannelPipeline.java:1342)
	at io.netty.channel.AbstractChannelHandlerContext.invokeConnect(AbstractChannelHandlerContext.java:655)
	at io.netty.channel.AbstractChannelHandlerContext.connect(AbstractChannelHandlerContext.java:634)
	at io.netty.channel.AbstractChannelHandlerContext.connect(AbstractChannelHandlerContext.java:618)
	at io.netty.channel.DefaultChannelPipeline.connect(DefaultChannelPipeline.java:978)
	at io.netty.channel.AbstractChannel.connect(AbstractChannel.java:265)
	at io.netty.bootstrap.Bootstrap$3.run(Bootstrap.java:264)
	at io.netty.util.concurrent.AbstractEventExecutor.runTask(AbstractEventExecutor.java:173)
	at io.netty.util.concurrent.AbstractEventExecutor.safeExecute(AbstractEventExecutor.java:166)
	at io.netty.util.concurrent.SingleThreadEventExecutor.runAllTasks(SingleThreadEventExecutor.java:470)
	at io.netty.channel.nio.NioEventLoop.run(NioEventLoop.java:569)
	at io.netty.util.concurrent.SingleThreadEventExecutor$4.run(SingleThreadEventExecutor.java:997)
	at io.netty.util.internal.ThreadExecutorMap$2.run(ThreadExecutorMap.java:74)
	at io.netty.util.concurrent.FastThreadLocalRunnable.run(FastThreadLocalRunnable.java:30)
	at java.base/java.lang.Thread.run(Thread.java:842)
2025-12-24 17:56:05.495 [lettuce-eventExecutorLoop-1-4] INFO  i.l.core.protocol.ConnectionWatchdog - Reconnecting, last destination was 192.168.101.128/<unresolved>:6379
2025-12-24 17:56:05.502 [lettuce-nioEventLoop-4-4] WARN  i.l.core.protocol.ConnectionWatchdog - Cannot reconnect to [192.168.101.128/<unresolved>:6379]: Permission denied: connect: /192.168.101.128:6379
io.netty.channel.AbstractChannel$AnnotatedSocketException: Permission denied: connect: /192.168.101.128:6379
Caused by: java.net.SocketException: Permission denied: connect
	at java.base/sun.nio.ch.Net.connect0(Native Method)
	at java.base/sun.nio.ch.Net.connect(Net.java:579)
	at java.base/sun.nio.ch.Net.connect(Net.java:586)
	at java.base/sun.nio.ch.SocketChannelImpl.connect(SocketChannelImpl.java:853)
	at io.netty.util.internal.SocketUtils$3.run(SocketUtils.java:91)
	at io.netty.util.internal.SocketUtils$3.run(SocketUtils.java:88)
	at java.base/java.security.AccessController.doPrivileged(AccessController.java:569)
	at io.netty.util.internal.SocketUtils.connect(SocketUtils.java:88)
	at io.netty.channel.socket.nio.NioSocketChannel.doConnect(NioSocketChannel.java:322)
	at io.netty.channel.nio.AbstractNioChannel$AbstractNioUnsafe.connect(AbstractNioChannel.java:250)
	at io.netty.channel.DefaultChannelPipeline$HeadContext.connect(DefaultChannelPipeline.java:1342)
	at io.netty.channel.AbstractChannelHandlerContext.invokeConnect(AbstractChannelHandlerContext.java:655)
	at io.netty.channel.AbstractChannelHandlerContext.connect(AbstractChannelHandlerContext.java:634)
	at io.netty.channel.AbstractChannelHandlerContext.connect(AbstractChannelHandlerContext.java:618)
	at io.netty.channel.DefaultChannelPipeline.connect(DefaultChannelPipeline.java:978)
	at io.netty.channel.AbstractChannel.connect(AbstractChannel.java:265)
	at io.netty.bootstrap.Bootstrap$3.run(Bootstrap.java:264)
	at io.netty.util.concurrent.AbstractEventExecutor.runTask(AbstractEventExecutor.java:173)
	at io.netty.util.concurrent.AbstractEventExecutor.safeExecute(AbstractEventExecutor.java:166)
	at io.netty.util.concurrent.SingleThreadEventExecutor.runAllTasks(SingleThreadEventExecutor.java:470)
	at io.netty.channel.nio.NioEventLoop.run(NioEventLoop.java:569)
	at io.netty.util.concurrent.SingleThreadEventExecutor$4.run(SingleThreadEventExecutor.java:997)
	at io.netty.util.internal.ThreadExecutorMap$2.run(ThreadExecutorMap.java:74)
	at io.netty.util.concurrent.FastThreadLocalRunnable.run(FastThreadLocalRunnable.java:30)
	at java.base/java.lang.Thread.run(Thread.java:842)
2025-12-24 17:56:35.598 [lettuce-eventExecutorLoop-1-6] INFO  i.l.core.protocol.ConnectionWatchdog - Reconnecting, last destination was 192.168.101.128/<unresolved>:6379
2025-12-24 17:56:35.602 [lettuce-nioEventLoop-4-5] WARN  i.l.core.protocol.ConnectionWatchdog - Cannot reconnect to [192.168.101.128/<unresolved>:6379]: Permission denied: connect: /192.168.101.128:6379
io.netty.channel.AbstractChannel$AnnotatedSocketException: Permission denied: connect: /192.168.101.128:6379
Caused by: java.net.SocketException: Permission denied: connect
	at java.base/sun.nio.ch.Net.connect0(Native Method)
	at java.base/sun.nio.ch.Net.connect(Net.java:579)
	at java.base/sun.nio.ch.Net.connect(Net.java:586)
	at java.base/sun.nio.ch.SocketChannelImpl.connect(SocketChannelImpl.java:853)
	at io.netty.util.internal.SocketUtils$3.run(SocketUtils.java:91)
	at io.netty.util.internal.SocketUtils$3.run(SocketUtils.java:88)
	at java.base/java.security.AccessController.doPrivileged(AccessController.java:569)
	at io.netty.util.internal.SocketUtils.connect(SocketUtils.java:88)
	at io.netty.channel.socket.nio.NioSocketChannel.doConnect(NioSocketChannel.java:322)
	at io.netty.channel.nio.AbstractNioChannel$AbstractNioUnsafe.connect(AbstractNioChannel.java:250)
	at io.netty.channel.DefaultChannelPipeline$HeadContext.connect(DefaultChannelPipeline.java:1342)
	at io.netty.channel.AbstractChannelHandlerContext.invokeConnect(AbstractChannelHandlerContext.java:655)
	at io.netty.channel.AbstractChannelHandlerContext.connect(AbstractChannelHandlerContext.java:634)
	at io.netty.channel.AbstractChannelHandlerContext.connect(AbstractChannelHandlerContext.java:618)
	at io.netty.channel.DefaultChannelPipeline.connect(DefaultChannelPipeline.java:978)
	at io.netty.channel.AbstractChannel.connect(AbstractChannel.java:265)
	at io.netty.bootstrap.Bootstrap$3.run(Bootstrap.java:264)
	at io.netty.util.concurrent.AbstractEventExecutor.runTask(AbstractEventExecutor.java:173)
	at io.netty.util.concurrent.AbstractEventExecutor.safeExecute(AbstractEventExecutor.java:166)
	at io.netty.util.concurrent.SingleThreadEventExecutor.runAllTasks(SingleThreadEventExecutor.java:470)
	at io.netty.channel.nio.NioEventLoop.run(NioEventLoop.java:569)
	at io.netty.util.concurrent.SingleThreadEventExecutor$4.run(SingleThreadEventExecutor.java:997)
	at io.netty.util.internal.ThreadExecutorMap$2.run(ThreadExecutorMap.java:74)
	at io.netty.util.concurrent.FastThreadLocalRunnable.run(FastThreadLocalRunnable.java:30)
	at java.base/java.lang.Thread.run(Thread.java:842)
2025-12-24 17:57:05.691 [lettuce-eventExecutorLoop-1-1] INFO  i.l.core.protocol.ConnectionWatchdog - Reconnecting, last destination was 192.168.101.128/<unresolved>:6379
2025-12-24 17:57:05.694 [lettuce-nioEventLoop-4-6] WARN  i.l.core.protocol.ConnectionWatchdog - Cannot reconnect to [192.168.101.128/<unresolved>:6379]: Permission denied: connect: /192.168.101.128:6379
io.netty.channel.AbstractChannel$AnnotatedSocketException: Permission denied: connect: /192.168.101.128:6379
Caused by: java.net.SocketException: Permission denied: connect
	at java.base/sun.nio.ch.Net.connect0(Native Method)
	at java.base/sun.nio.ch.Net.connect(Net.java:579)
	at java.base/sun.nio.ch.Net.connect(Net.java:586)
	at java.base/sun.nio.ch.SocketChannelImpl.connect(SocketChannelImpl.java:853)
	at io.netty.util.internal.SocketUtils$3.run(SocketUtils.java:91)
	at io.netty.util.internal.SocketUtils$3.run(SocketUtils.java:88)
	at java.base/java.security.AccessController.doPrivileged(AccessController.java:569)
	at io.netty.util.internal.SocketUtils.connect(SocketUtils.java:88)
	at io.netty.channel.socket.nio.NioSocketChannel.doConnect(NioSocketChannel.java:322)
	at io.netty.channel.nio.AbstractNioChannel$AbstractNioUnsafe.connect(AbstractNioChannel.java:250)
	at io.netty.channel.DefaultChannelPipeline$HeadContext.connect(DefaultChannelPipeline.java:1342)
	at io.netty.channel.AbstractChannelHandlerContext.invokeConnect(AbstractChannelHandlerContext.java:655)
	at io.netty.channel.AbstractChannelHandlerContext.connect(AbstractChannelHandlerContext.java:634)
	at io.netty.channel.AbstractChannelHandlerContext.connect(AbstractChannelHandlerContext.java:618)
	at io.netty.channel.DefaultChannelPipeline.connect(DefaultChannelPipeline.java:978)
	at io.netty.channel.AbstractChannel.connect(AbstractChannel.java:265)
	at io.netty.bootstrap.Bootstrap$3.run(Bootstrap.java:264)
	at io.netty.util.concurrent.AbstractEventExecutor.runTask(AbstractEventExecutor.java:173)
	at io.netty.util.concurrent.AbstractEventExecutor.safeExecute(AbstractEventExecutor.java:166)
	at io.netty.util.concurrent.SingleThreadEventExecutor.runAllTasks(SingleThreadEventExecutor.java:470)
	at io.netty.channel.nio.NioEventLoop.run(NioEventLoop.java:569)
	at io.netty.util.concurrent.SingleThreadEventExecutor$4.run(SingleThreadEventExecutor.java:997)
	at io.netty.util.internal.ThreadExecutorMap$2.run(ThreadExecutorMap.java:74)
	at io.netty.util.concurrent.FastThreadLocalRunnable.run(FastThreadLocalRunnable.java:30)
	at java.base/java.lang.Thread.run(Thread.java:842)
2025-12-24 17:57:35.791 [lettuce-eventExecutorLoop-1-2] INFO  i.l.core.protocol.ConnectionWatchdog - Reconnecting, last destination was 192.168.101.128/<unresolved>:6379
2025-12-24 17:57:35.794 [lettuce-nioEventLoop-4-7] WARN  i.l.core.protocol.ConnectionWatchdog - Cannot reconnect to [192.168.101.128/<unresolved>:6379]: Permission denied: connect: /192.168.101.128:6379
io.netty.channel.AbstractChannel$AnnotatedSocketException: Permission denied: connect: /192.168.101.128:6379
Caused by: java.net.SocketException: Permission denied: connect
	at java.base/sun.nio.ch.Net.connect0(Native Method)
	at java.base/sun.nio.ch.Net.connect(Net.java:579)
	at java.base/sun.nio.ch.Net.connect(Net.java:586)
	at java.base/sun.nio.ch.SocketChannelImpl.connect(SocketChannelImpl.java:853)
	at io.netty.util.internal.SocketUtils$3.run(SocketUtils.java:91)
	at io.netty.util.internal.SocketUtils$3.run(SocketUtils.java:88)
	at java.base/java.security.AccessController.doPrivileged(AccessController.java:569)
	at io.netty.util.internal.SocketUtils.connect(SocketUtils.java:88)
	at io.netty.channel.socket.nio.NioSocketChannel.doConnect(NioSocketChannel.java:322)
	at io.netty.channel.nio.AbstractNioChannel$AbstractNioUnsafe.connect(AbstractNioChannel.java:250)
	at io.netty.channel.DefaultChannelPipeline$HeadContext.connect(DefaultChannelPipeline.java:1342)
	at io.netty.channel.AbstractChannelHandlerContext.invokeConnect(AbstractChannelHandlerContext.java:655)
	at io.netty.channel.AbstractChannelHandlerContext.connect(AbstractChannelHandlerContext.java:634)
	at io.netty.channel.AbstractChannelHandlerContext.connect(AbstractChannelHandlerContext.java:618)
	at io.netty.channel.DefaultChannelPipeline.connect(DefaultChannelPipeline.java:978)
	at io.netty.channel.AbstractChannel.connect(AbstractChannel.java:265)
	at io.netty.bootstrap.Bootstrap$3.run(Bootstrap.java:264)
	at io.netty.util.concurrent.AbstractEventExecutor.runTask(AbstractEventExecutor.java:173)
	at io.netty.util.concurrent.AbstractEventExecutor.safeExecute(AbstractEventExecutor.java:166)
	at io.netty.util.concurrent.SingleThreadEventExecutor.runAllTasks(SingleThreadEventExecutor.java:470)
	at io.netty.channel.nio.NioEventLoop.run(NioEventLoop.java:569)
	at io.netty.util.concurrent.SingleThreadEventExecutor$4.run(SingleThreadEventExecutor.java:997)
	at io.netty.util.internal.ThreadExecutorMap$2.run(ThreadExecutorMap.java:74)
	at io.netty.util.concurrent.FastThreadLocalRunnable.run(FastThreadLocalRunnable.java:30)
	at java.base/java.lang.Thread.run(Thread.java:842)
2025-12-24 17:58:05.884 [lettuce-eventExecutorLoop-1-4] INFO  i.l.core.protocol.ConnectionWatchdog - Reconnecting, last destination was 192.168.101.128/<unresolved>:6379
2025-12-24 17:58:05.886 [lettuce-nioEventLoop-4-8] WARN  i.l.core.protocol.ConnectionWatchdog - Cannot reconnect to [192.168.101.128/<unresolved>:6379]: Permission denied: connect: /192.168.101.128:6379
io.netty.channel.AbstractChannel$AnnotatedSocketException: Permission denied: connect: /192.168.101.128:6379
Caused by: java.net.SocketException: Permission denied: connect
	at java.base/sun.nio.ch.Net.connect0(Native Method)
	at java.base/sun.nio.ch.Net.connect(Net.java:579)
	at java.base/sun.nio.ch.Net.connect(Net.java:586)
	at java.base/sun.nio.ch.SocketChannelImpl.connect(SocketChannelImpl.java:853)
	at io.netty.util.internal.SocketUtils$3.run(SocketUtils.java:91)
	at io.netty.util.internal.SocketUtils$3.run(SocketUtils.java:88)
	at java.base/java.security.AccessController.doPrivileged(AccessController.java:569)
	at io.netty.util.internal.SocketUtils.connect(SocketUtils.java:88)
	at io.netty.channel.socket.nio.NioSocketChannel.doConnect(NioSocketChannel.java:322)
	at io.netty.channel.nio.AbstractNioChannel$AbstractNioUnsafe.connect(AbstractNioChannel.java:250)
	at io.netty.channel.DefaultChannelPipeline$HeadContext.connect(DefaultChannelPipeline.java:1342)
	at io.netty.channel.AbstractChannelHandlerContext.invokeConnect(AbstractChannelHandlerContext.java:655)
	at io.netty.channel.AbstractChannelHandlerContext.connect(AbstractChannelHandlerContext.java:634)
	at io.netty.channel.AbstractChannelHandlerContext.connect(AbstractChannelHandlerContext.java:618)
	at io.netty.channel.DefaultChannelPipeline.connect(DefaultChannelPipeline.java:978)
	at io.netty.channel.AbstractChannel.connect(AbstractChannel.java:265)
	at io.netty.bootstrap.Bootstrap$3.run(Bootstrap.java:264)
	at io.netty.util.concurrent.AbstractEventExecutor.runTask(AbstractEventExecutor.java:173)
	at io.netty.util.concurrent.AbstractEventExecutor.safeExecute(AbstractEventExecutor.java:166)
	at io.netty.util.concurrent.SingleThreadEventExecutor.runAllTasks(SingleThreadEventExecutor.java:470)
	at io.netty.channel.nio.NioEventLoop.run(NioEventLoop.java:569)
	at io.netty.util.concurrent.SingleThreadEventExecutor$4.run(SingleThreadEventExecutor.java:997)
	at io.netty.util.internal.ThreadExecutorMap$2.run(ThreadExecutorMap.java:74)
	at io.netty.util.concurrent.FastThreadLocalRunnable.run(FastThreadLocalRunnable.java:30)
	at java.base/java.lang.Thread.run(Thread.java:842)
2025-12-24 17:58:35.991 [lettuce-eventExecutorLoop-1-6] INFO  i.l.core.protocol.ConnectionWatchdog - Reconnecting, last destination was 192.168.101.128/<unresolved>:6379
2025-12-24 17:58:35.994 [lettuce-nioEventLoop-4-1] WARN  i.l.core.protocol.ConnectionWatchdog - Cannot reconnect to [192.168.101.128/<unresolved>:6379]: Permission denied: connect: /192.168.101.128:6379
io.netty.channel.AbstractChannel$AnnotatedSocketException: Permission denied: connect: /192.168.101.128:6379
Caused by: java.net.SocketException: Permission denied: connect
	at java.base/sun.nio.ch.Net.connect0(Native Method)
	at java.base/sun.nio.ch.Net.connect(Net.java:579)
	at java.base/sun.nio.ch.Net.connect(Net.java:586)
	at java.base/sun.nio.ch.SocketChannelImpl.connect(SocketChannelImpl.java:853)
	at io.netty.util.internal.SocketUtils$3.run(SocketUtils.java:91)
	at io.netty.util.internal.SocketUtils$3.run(SocketUtils.java:88)
	at java.base/java.security.AccessController.doPrivileged(AccessController.java:569)
	at io.netty.util.internal.SocketUtils.connect(SocketUtils.java:88)
	at io.netty.channel.socket.nio.NioSocketChannel.doConnect(NioSocketChannel.java:322)
	at io.netty.channel.nio.AbstractNioChannel$AbstractNioUnsafe.connect(AbstractNioChannel.java:250)
	at io.netty.channel.DefaultChannelPipeline$HeadContext.connect(DefaultChannelPipeline.java:1342)
	at io.netty.channel.AbstractChannelHandlerContext.invokeConnect(AbstractChannelHandlerContext.java:655)
	at io.netty.channel.AbstractChannelHandlerContext.connect(AbstractChannelHandlerContext.java:634)
	at io.netty.channel.AbstractChannelHandlerContext.connect(AbstractChannelHandlerContext.java:618)
	at io.netty.channel.DefaultChannelPipeline.connect(DefaultChannelPipeline.java:978)
	at io.netty.channel.AbstractChannel.connect(AbstractChannel.java:265)
	at io.netty.bootstrap.Bootstrap$3.run(Bootstrap.java:264)
	at io.netty.util.concurrent.AbstractEventExecutor.runTask(AbstractEventExecutor.java:173)
	at io.netty.util.concurrent.AbstractEventExecutor.safeExecute(AbstractEventExecutor.java:166)
	at io.netty.util.concurrent.SingleThreadEventExecutor.runAllTasks(SingleThreadEventExecutor.java:470)
	at io.netty.channel.nio.NioEventLoop.run(NioEventLoop.java:569)
	at io.netty.util.concurrent.SingleThreadEventExecutor$4.run(SingleThreadEventExecutor.java:997)
	at io.netty.util.internal.ThreadExecutorMap$2.run(ThreadExecutorMap.java:74)
	at io.netty.util.concurrent.FastThreadLocalRunnable.run(FastThreadLocalRunnable.java:30)
	at java.base/java.lang.Thread.run(Thread.java:842)
2025-12-24 17:59:06.098 [lettuce-eventExecutorLoop-1-1] INFO  i.l.core.protocol.ConnectionWatchdog - Reconnecting, last destination was 192.168.101.128/<unresolved>:6379
2025-12-24 17:59:06.100 [lettuce-nioEventLoop-4-2] WARN  i.l.core.protocol.ConnectionWatchdog - Cannot reconnect to [192.168.101.128/<unresolved>:6379]: Permission denied: connect: /192.168.101.128:6379
io.netty.channel.AbstractChannel$AnnotatedSocketException: Permission denied: connect: /192.168.101.128:6379
Caused by: java.net.SocketException: Permission denied: connect
	at java.base/sun.nio.ch.Net.connect0(Native Method)
	at java.base/sun.nio.ch.Net.connect(Net.java:579)
	at java.base/sun.nio.ch.Net.connect(Net.java:586)
	at java.base/sun.nio.ch.SocketChannelImpl.connect(SocketChannelImpl.java:853)
	at io.netty.util.internal.SocketUtils$3.run(SocketUtils.java:91)
	at io.netty.util.internal.SocketUtils$3.run(SocketUtils.java:88)
	at java.base/java.security.AccessController.doPrivileged(AccessController.java:569)
	at io.netty.util.internal.SocketUtils.connect(SocketUtils.java:88)
	at io.netty.channel.socket.nio.NioSocketChannel.doConnect(NioSocketChannel.java:322)
	at io.netty.channel.nio.AbstractNioChannel$AbstractNioUnsafe.connect(AbstractNioChannel.java:250)
	at io.netty.channel.DefaultChannelPipeline$HeadContext.connect(DefaultChannelPipeline.java:1342)
	at io.netty.channel.AbstractChannelHandlerContext.invokeConnect(AbstractChannelHandlerContext.java:655)
	at io.netty.channel.AbstractChannelHandlerContext.connect(AbstractChannelHandlerContext.java:634)
	at io.netty.channel.AbstractChannelHandlerContext.connect(AbstractChannelHandlerContext.java:618)
	at io.netty.channel.DefaultChannelPipeline.connect(DefaultChannelPipeline.java:978)
	at io.netty.channel.AbstractChannel.connect(AbstractChannel.java:265)
	at io.netty.bootstrap.Bootstrap$3.run(Bootstrap.java:264)
	at io.netty.util.concurrent.AbstractEventExecutor.runTask(AbstractEventExecutor.java:173)
	at io.netty.util.concurrent.AbstractEventExecutor.safeExecute(AbstractEventExecutor.java:166)
	at io.netty.util.concurrent.SingleThreadEventExecutor.runAllTasks(SingleThreadEventExecutor.java:470)
	at io.netty.channel.nio.NioEventLoop.run(NioEventLoop.java:569)
	at io.netty.util.concurrent.SingleThreadEventExecutor$4.run(SingleThreadEventExecutor.java:997)
	at io.netty.util.internal.ThreadExecutorMap$2.run(ThreadExecutorMap.java:74)
	at io.netty.util.concurrent.FastThreadLocalRunnable.run(FastThreadLocalRunnable.java:30)
	at java.base/java.lang.Thread.run(Thread.java:842)
2025-12-24 17:59:36.194 [lettuce-eventExecutorLoop-1-2] INFO  i.l.core.protocol.ConnectionWatchdog - Reconnecting, last destination was 192.168.101.128/<unresolved>:6379
2025-12-24 17:59:36.196 [lettuce-nioEventLoop-4-3] WARN  i.l.core.protocol.ConnectionWatchdog - Cannot reconnect to [192.168.101.128/<unresolved>:6379]: Permission denied: connect: /192.168.101.128:6379
io.netty.channel.AbstractChannel$AnnotatedSocketException: Permission denied: connect: /192.168.101.128:6379
Caused by: java.net.SocketException: Permission denied: connect
	at java.base/sun.nio.ch.Net.connect0(Native Method)
	at java.base/sun.nio.ch.Net.connect(Net.java:579)
	at java.base/sun.nio.ch.Net.connect(Net.java:586)
	at java.base/sun.nio.ch.SocketChannelImpl.connect(SocketChannelImpl.java:853)
	at io.netty.util.internal.SocketUtils$3.run(SocketUtils.java:91)
	at io.netty.util.internal.SocketUtils$3.run(SocketUtils.java:88)
	at java.base/java.security.AccessController.doPrivileged(AccessController.java:569)
	at io.netty.util.internal.SocketUtils.connect(SocketUtils.java:88)
	at io.netty.channel.socket.nio.NioSocketChannel.doConnect(NioSocketChannel.java:322)
	at io.netty.channel.nio.AbstractNioChannel$AbstractNioUnsafe.connect(AbstractNioChannel.java:250)
	at io.netty.channel.DefaultChannelPipeline$HeadContext.connect(DefaultChannelPipeline.java:1342)
	at io.netty.channel.AbstractChannelHandlerContext.invokeConnect(AbstractChannelHandlerContext.java:655)
	at io.netty.channel.AbstractChannelHandlerContext.connect(AbstractChannelHandlerContext.java:634)
	at io.netty.channel.AbstractChannelHandlerContext.connect(AbstractChannelHandlerContext.java:618)
	at io.netty.channel.DefaultChannelPipeline.connect(DefaultChannelPipeline.java:978)
	at io.netty.channel.AbstractChannel.connect(AbstractChannel.java:265)
	at io.netty.bootstrap.Bootstrap$3.run(Bootstrap.java:264)
	at io.netty.util.concurrent.AbstractEventExecutor.runTask(AbstractEventExecutor.java:173)
	at io.netty.util.concurrent.AbstractEventExecutor.safeExecute(AbstractEventExecutor.java:166)
	at io.netty.util.concurrent.SingleThreadEventExecutor.runAllTasks(SingleThreadEventExecutor.java:470)
	at io.netty.channel.nio.NioEventLoop.run(NioEventLoop.java:569)
	at io.netty.util.concurrent.SingleThreadEventExecutor$4.run(SingleThreadEventExecutor.java:997)
	at io.netty.util.internal.ThreadExecutorMap$2.run(ThreadExecutorMap.java:74)
	at io.netty.util.concurrent.FastThreadLocalRunnable.run(FastThreadLocalRunnable.java:30)
	at java.base/java.lang.Thread.run(Thread.java:842)
2025-12-24 18:00:06.288 [lettuce-eventExecutorLoop-1-4] INFO  i.l.core.protocol.ConnectionWatchdog - Reconnecting, last destination was 192.168.101.128/<unresolved>:6379
2025-12-24 18:00:06.290 [lettuce-nioEventLoop-4-4] WARN  i.l.core.protocol.ConnectionWatchdog - Cannot reconnect to [192.168.101.128/<unresolved>:6379]: Permission denied: connect: /192.168.101.128:6379
io.netty.channel.AbstractChannel$AnnotatedSocketException: Permission denied: connect: /192.168.101.128:6379
Caused by: java.net.SocketException: Permission denied: connect
	at java.base/sun.nio.ch.Net.connect0(Native Method)
	at java.base/sun.nio.ch.Net.connect(Net.java:579)
	at java.base/sun.nio.ch.Net.connect(Net.java:586)
	at java.base/sun.nio.ch.SocketChannelImpl.connect(SocketChannelImpl.java:853)
	at io.netty.util.internal.SocketUtils$3.run(SocketUtils.java:91)
	at io.netty.util.internal.SocketUtils$3.run(SocketUtils.java:88)
	at java.base/java.security.AccessController.doPrivileged(AccessController.java:569)
	at io.netty.util.internal.SocketUtils.connect(SocketUtils.java:88)
	at io.netty.channel.socket.nio.NioSocketChannel.doConnect(NioSocketChannel.java:322)
	at io.netty.channel.nio.AbstractNioChannel$AbstractNioUnsafe.connect(AbstractNioChannel.java:250)
	at io.netty.channel.DefaultChannelPipeline$HeadContext.connect(DefaultChannelPipeline.java:1342)
	at io.netty.channel.AbstractChannelHandlerContext.invokeConnect(AbstractChannelHandlerContext.java:655)
	at io.netty.channel.AbstractChannelHandlerContext.connect(AbstractChannelHandlerContext.java:634)
	at io.netty.channel.AbstractChannelHandlerContext.connect(AbstractChannelHandlerContext.java:618)
	at io.netty.channel.DefaultChannelPipeline.connect(DefaultChannelPipeline.java:978)
	at io.netty.channel.AbstractChannel.connect(AbstractChannel.java:265)
	at io.netty.bootstrap.Bootstrap$3.run(Bootstrap.java:264)
	at io.netty.util.concurrent.AbstractEventExecutor.runTask(AbstractEventExecutor.java:173)
	at io.netty.util.concurrent.AbstractEventExecutor.safeExecute(AbstractEventExecutor.java:166)
	at io.netty.util.concurrent.SingleThreadEventExecutor.runAllTasks(SingleThreadEventExecutor.java:470)
	at io.netty.channel.nio.NioEventLoop.run(NioEventLoop.java:569)
	at io.netty.util.concurrent.SingleThreadEventExecutor$4.run(SingleThreadEventExecutor.java:997)
	at io.netty.util.internal.ThreadExecutorMap$2.run(ThreadExecutorMap.java:74)
	at io.netty.util.concurrent.FastThreadLocalRunnable.run(FastThreadLocalRunnable.java:30)
	at java.base/java.lang.Thread.run(Thread.java:842)
2025-12-24 18:00:36.392 [lettuce-eventExecutorLoop-1-6] INFO  i.l.core.protocol.ConnectionWatchdog - Reconnecting, last destination was 192.168.101.128/<unresolved>:6379
2025-12-24 18:00:36.396 [lettuce-nioEventLoop-4-5] WARN  i.l.core.protocol.ConnectionWatchdog - Cannot reconnect to [192.168.101.128/<unresolved>:6379]: Permission denied: connect: /192.168.101.128:6379
io.netty.channel.AbstractChannel$AnnotatedSocketException: Permission denied: connect: /192.168.101.128:6379
Caused by: java.net.SocketException: Permission denied: connect
	at java.base/sun.nio.ch.Net.connect0(Native Method)
	at java.base/sun.nio.ch.Net.connect(Net.java:579)
	at java.base/sun.nio.ch.Net.connect(Net.java:586)
	at java.base/sun.nio.ch.SocketChannelImpl.connect(SocketChannelImpl.java:853)
	at io.netty.util.internal.SocketUtils$3.run(SocketUtils.java:91)
	at io.netty.util.internal.SocketUtils$3.run(SocketUtils.java:88)
	at java.base/java.security.AccessController.doPrivileged(AccessController.java:569)
	at io.netty.util.internal.SocketUtils.connect(SocketUtils.java:88)
	at io.netty.channel.socket.nio.NioSocketChannel.doConnect(NioSocketChannel.java:322)
	at io.netty.channel.nio.AbstractNioChannel$AbstractNioUnsafe.connect(AbstractNioChannel.java:250)
	at io.netty.channel.DefaultChannelPipeline$HeadContext.connect(DefaultChannelPipeline.java:1342)
	at io.netty.channel.AbstractChannelHandlerContext.invokeConnect(AbstractChannelHandlerContext.java:655)
	at io.netty.channel.AbstractChannelHandlerContext.connect(AbstractChannelHandlerContext.java:634)
	at io.netty.channel.AbstractChannelHandlerContext.connect(AbstractChannelHandlerContext.java:618)
	at io.netty.channel.DefaultChannelPipeline.connect(DefaultChannelPipeline.java:978)
	at io.netty.channel.AbstractChannel.connect(AbstractChannel.java:265)
	at io.netty.bootstrap.Bootstrap$3.run(Bootstrap.java:264)
	at io.netty.util.concurrent.AbstractEventExecutor.runTask(AbstractEventExecutor.java:173)
	at io.netty.util.concurrent.AbstractEventExecutor.safeExecute(AbstractEventExecutor.java:166)
	at io.netty.util.concurrent.SingleThreadEventExecutor.runAllTasks(SingleThreadEventExecutor.java:470)
	at io.netty.channel.nio.NioEventLoop.run(NioEventLoop.java:569)
	at io.netty.util.concurrent.SingleThreadEventExecutor$4.run(SingleThreadEventExecutor.java:997)
	at io.netty.util.internal.ThreadExecutorMap$2.run(ThreadExecutorMap.java:74)
	at io.netty.util.concurrent.FastThreadLocalRunnable.run(FastThreadLocalRunnable.java:30)
	at java.base/java.lang.Thread.run(Thread.java:842)
2025-12-24 18:01:06.485 [lettuce-eventExecutorLoop-1-1] INFO  i.l.core.protocol.ConnectionWatchdog - Reconnecting, last destination was 192.168.101.128/<unresolved>:6379
2025-12-24 18:01:06.488 [lettuce-nioEventLoop-4-6] WARN  i.l.core.protocol.ConnectionWatchdog - Cannot reconnect to [192.168.101.128/<unresolved>:6379]: Permission denied: connect: /192.168.101.128:6379
io.netty.channel.AbstractChannel$AnnotatedSocketException: Permission denied: connect: /192.168.101.128:6379
Caused by: java.net.SocketException: Permission denied: connect
	at java.base/sun.nio.ch.Net.connect0(Native Method)
	at java.base/sun.nio.ch.Net.connect(Net.java:579)
	at java.base/sun.nio.ch.Net.connect(Net.java:586)
	at java.base/sun.nio.ch.SocketChannelImpl.connect(SocketChannelImpl.java:853)
	at io.netty.util.internal.SocketUtils$3.run(SocketUtils.java:91)
	at io.netty.util.internal.SocketUtils$3.run(SocketUtils.java:88)
	at java.base/java.security.AccessController.doPrivileged(AccessController.java:569)
	at io.netty.util.internal.SocketUtils.connect(SocketUtils.java:88)
	at io.netty.channel.socket.nio.NioSocketChannel.doConnect(NioSocketChannel.java:322)
	at io.netty.channel.nio.AbstractNioChannel$AbstractNioUnsafe.connect(AbstractNioChannel.java:250)
	at io.netty.channel.DefaultChannelPipeline$HeadContext.connect(DefaultChannelPipeline.java:1342)
	at io.netty.channel.AbstractChannelHandlerContext.invokeConnect(AbstractChannelHandlerContext.java:655)
	at io.netty.channel.AbstractChannelHandlerContext.connect(AbstractChannelHandlerContext.java:634)
	at io.netty.channel.AbstractChannelHandlerContext.connect(AbstractChannelHandlerContext.java:618)
	at io.netty.channel.DefaultChannelPipeline.connect(DefaultChannelPipeline.java:978)
	at io.netty.channel.AbstractChannel.connect(AbstractChannel.java:265)
	at io.netty.bootstrap.Bootstrap$3.run(Bootstrap.java:264)
	at io.netty.util.concurrent.AbstractEventExecutor.runTask(AbstractEventExecutor.java:173)
	at io.netty.util.concurrent.AbstractEventExecutor.safeExecute(AbstractEventExecutor.java:166)
	at io.netty.util.concurrent.SingleThreadEventExecutor.runAllTasks(SingleThreadEventExecutor.java:470)
	at io.netty.channel.nio.NioEventLoop.run(NioEventLoop.java:569)
	at io.netty.util.concurrent.SingleThreadEventExecutor$4.run(SingleThreadEventExecutor.java:997)
	at io.netty.util.internal.ThreadExecutorMap$2.run(ThreadExecutorMap.java:74)
	at io.netty.util.concurrent.FastThreadLocalRunnable.run(FastThreadLocalRunnable.java:30)
	at java.base/java.lang.Thread.run(Thread.java:842)
2025-12-24 18:01:36.586 [lettuce-eventExecutorLoop-1-2] INFO  i.l.core.protocol.ConnectionWatchdog - Reconnecting, last destination was 192.168.101.128/<unresolved>:6379
2025-12-24 18:01:36.589 [lettuce-nioEventLoop-4-7] WARN  i.l.core.protocol.ConnectionWatchdog - Cannot reconnect to [192.168.101.128/<unresolved>:6379]: Permission denied: connect: /192.168.101.128:6379
io.netty.channel.AbstractChannel$AnnotatedSocketException: Permission denied: connect: /192.168.101.128:6379
Caused by: java.net.SocketException: Permission denied: connect
	at java.base/sun.nio.ch.Net.connect0(Native Method)
	at java.base/sun.nio.ch.Net.connect(Net.java:579)
	at java.base/sun.nio.ch.Net.connect(Net.java:586)
	at java.base/sun.nio.ch.SocketChannelImpl.connect(SocketChannelImpl.java:853)
	at io.netty.util.internal.SocketUtils$3.run(SocketUtils.java:91)
	at io.netty.util.internal.SocketUtils$3.run(SocketUtils.java:88)
	at java.base/java.security.AccessController.doPrivileged(AccessController.java:569)
	at io.netty.util.internal.SocketUtils.connect(SocketUtils.java:88)
	at io.netty.channel.socket.nio.NioSocketChannel.doConnect(NioSocketChannel.java:322)
	at io.netty.channel.nio.AbstractNioChannel$AbstractNioUnsafe.connect(AbstractNioChannel.java:250)
	at io.netty.channel.DefaultChannelPipeline$HeadContext.connect(DefaultChannelPipeline.java:1342)
	at io.netty.channel.AbstractChannelHandlerContext.invokeConnect(AbstractChannelHandlerContext.java:655)
	at io.netty.channel.AbstractChannelHandlerContext.connect(AbstractChannelHandlerContext.java:634)
	at io.netty.channel.AbstractChannelHandlerContext.connect(AbstractChannelHandlerContext.java:618)
	at io.netty.channel.DefaultChannelPipeline.connect(DefaultChannelPipeline.java:978)
	at io.netty.channel.AbstractChannel.connect(AbstractChannel.java:265)
	at io.netty.bootstrap.Bootstrap$3.run(Bootstrap.java:264)
	at io.netty.util.concurrent.AbstractEventExecutor.runTask(AbstractEventExecutor.java:173)
	at io.netty.util.concurrent.AbstractEventExecutor.safeExecute(AbstractEventExecutor.java:166)
	at io.netty.util.concurrent.SingleThreadEventExecutor.runAllTasks(SingleThreadEventExecutor.java:470)
	at io.netty.channel.nio.NioEventLoop.run(NioEventLoop.java:569)
	at io.netty.util.concurrent.SingleThreadEventExecutor$4.run(SingleThreadEventExecutor.java:997)
	at io.netty.util.internal.ThreadExecutorMap$2.run(ThreadExecutorMap.java:74)
	at io.netty.util.concurrent.FastThreadLocalRunnable.run(FastThreadLocalRunnable.java:30)
	at java.base/java.lang.Thread.run(Thread.java:842)
2025-12-24 18:02:06.688 [lettuce-eventExecutorLoop-1-4] INFO  i.l.core.protocol.ConnectionWatchdog - Reconnecting, last destination was 192.168.101.128/<unresolved>:6379
2025-12-24 18:02:06.691 [lettuce-nioEventLoop-4-8] WARN  i.l.core.protocol.ConnectionWatchdog - Cannot reconnect to [192.168.101.128/<unresolved>:6379]: Permission denied: connect: /192.168.101.128:6379
io.netty.channel.AbstractChannel$AnnotatedSocketException: Permission denied: connect: /192.168.101.128:6379
Caused by: java.net.SocketException: Permission denied: connect
	at java.base/sun.nio.ch.Net.connect0(Native Method)
	at java.base/sun.nio.ch.Net.connect(Net.java:579)
	at java.base/sun.nio.ch.Net.connect(Net.java:586)
	at java.base/sun.nio.ch.SocketChannelImpl.connect(SocketChannelImpl.java:853)
	at io.netty.util.internal.SocketUtils$3.run(SocketUtils.java:91)
	at io.netty.util.internal.SocketUtils$3.run(SocketUtils.java:88)
	at java.base/java.security.AccessController.doPrivileged(AccessController.java:569)
	at io.netty.util.internal.SocketUtils.connect(SocketUtils.java:88)
	at io.netty.channel.socket.nio.NioSocketChannel.doConnect(NioSocketChannel.java:322)
	at io.netty.channel.nio.AbstractNioChannel$AbstractNioUnsafe.connect(AbstractNioChannel.java:250)
	at io.netty.channel.DefaultChannelPipeline$HeadContext.connect(DefaultChannelPipeline.java:1342)
	at io.netty.channel.AbstractChannelHandlerContext.invokeConnect(AbstractChannelHandlerContext.java:655)
	at io.netty.channel.AbstractChannelHandlerContext.connect(AbstractChannelHandlerContext.java:634)
	at io.netty.channel.AbstractChannelHandlerContext.connect(AbstractChannelHandlerContext.java:618)
	at io.netty.channel.DefaultChannelPipeline.connect(DefaultChannelPipeline.java:978)
	at io.netty.channel.AbstractChannel.connect(AbstractChannel.java:265)
	at io.netty.bootstrap.Bootstrap$3.run(Bootstrap.java:264)
	at io.netty.util.concurrent.AbstractEventExecutor.runTask(AbstractEventExecutor.java:173)
	at io.netty.util.concurrent.AbstractEventExecutor.safeExecute(AbstractEventExecutor.java:166)
	at io.netty.util.concurrent.SingleThreadEventExecutor.runAllTasks(SingleThreadEventExecutor.java:470)
	at io.netty.channel.nio.NioEventLoop.run(NioEventLoop.java:569)
	at io.netty.util.concurrent.SingleThreadEventExecutor$4.run(SingleThreadEventExecutor.java:997)
	at io.netty.util.internal.ThreadExecutorMap$2.run(ThreadExecutorMap.java:74)
	at io.netty.util.concurrent.FastThreadLocalRunnable.run(FastThreadLocalRunnable.java:30)
	at java.base/java.lang.Thread.run(Thread.java:842)
2025-12-24 18:02:36.795 [lettuce-eventExecutorLoop-1-6] INFO  i.l.core.protocol.ConnectionWatchdog - Reconnecting, last destination was 192.168.101.128/<unresolved>:6379
2025-12-24 18:02:36.797 [lettuce-nioEventLoop-4-1] WARN  i.l.core.protocol.ConnectionWatchdog - Cannot reconnect to [192.168.101.128/<unresolved>:6379]: Permission denied: connect: /192.168.101.128:6379
io.netty.channel.AbstractChannel$AnnotatedSocketException: Permission denied: connect: /192.168.101.128:6379
Caused by: java.net.SocketException: Permission denied: connect
	at java.base/sun.nio.ch.Net.connect0(Native Method)
	at java.base/sun.nio.ch.Net.connect(Net.java:579)
	at java.base/sun.nio.ch.Net.connect(Net.java:586)
	at java.base/sun.nio.ch.SocketChannelImpl.connect(SocketChannelImpl.java:853)
	at io.netty.util.internal.SocketUtils$3.run(SocketUtils.java:91)
	at io.netty.util.internal.SocketUtils$3.run(SocketUtils.java:88)
	at java.base/java.security.AccessController.doPrivileged(AccessController.java:569)
	at io.netty.util.internal.SocketUtils.connect(SocketUtils.java:88)
	at io.netty.channel.socket.nio.NioSocketChannel.doConnect(NioSocketChannel.java:322)
	at io.netty.channel.nio.AbstractNioChannel$AbstractNioUnsafe.connect(AbstractNioChannel.java:250)
	at io.netty.channel.DefaultChannelPipeline$HeadContext.connect(DefaultChannelPipeline.java:1342)
	at io.netty.channel.AbstractChannelHandlerContext.invokeConnect(AbstractChannelHandlerContext.java:655)
	at io.netty.channel.AbstractChannelHandlerContext.connect(AbstractChannelHandlerContext.java:634)
	at io.netty.channel.AbstractChannelHandlerContext.connect(AbstractChannelHandlerContext.java:618)
	at io.netty.channel.DefaultChannelPipeline.connect(DefaultChannelPipeline.java:978)
	at io.netty.channel.AbstractChannel.connect(AbstractChannel.java:265)
	at io.netty.bootstrap.Bootstrap$3.run(Bootstrap.java:264)
	at io.netty.util.concurrent.AbstractEventExecutor.runTask(AbstractEventExecutor.java:173)
	at io.netty.util.concurrent.AbstractEventExecutor.safeExecute(AbstractEventExecutor.java:166)
	at io.netty.util.concurrent.SingleThreadEventExecutor.runAllTasks(SingleThreadEventExecutor.java:470)
	at io.netty.channel.nio.NioEventLoop.run(NioEventLoop.java:569)
	at io.netty.util.concurrent.SingleThreadEventExecutor$4.run(SingleThreadEventExecutor.java:997)
	at io.netty.util.internal.ThreadExecutorMap$2.run(ThreadExecutorMap.java:74)
	at io.netty.util.concurrent.FastThreadLocalRunnable.run(FastThreadLocalRunnable.java:30)
	at java.base/java.lang.Thread.run(Thread.java:842)
2025-12-24 18:03:06.893 [lettuce-eventExecutorLoop-1-1] INFO  i.l.core.protocol.ConnectionWatchdog - Reconnecting, last destination was 192.168.101.128/<unresolved>:6379
2025-12-24 18:03:06.895 [lettuce-nioEventLoop-4-2] WARN  i.l.core.protocol.ConnectionWatchdog - Cannot reconnect to [192.168.101.128/<unresolved>:6379]: Permission denied: connect: /192.168.101.128:6379
io.netty.channel.AbstractChannel$AnnotatedSocketException: Permission denied: connect: /192.168.101.128:6379
Caused by: java.net.SocketException: Permission denied: connect
	at java.base/sun.nio.ch.Net.connect0(Native Method)
	at java.base/sun.nio.ch.Net.connect(Net.java:579)
	at java.base/sun.nio.ch.Net.connect(Net.java:586)
	at java.base/sun.nio.ch.SocketChannelImpl.connect(SocketChannelImpl.java:853)
	at io.netty.util.internal.SocketUtils$3.run(SocketUtils.java:91)
	at io.netty.util.internal.SocketUtils$3.run(SocketUtils.java:88)
	at java.base/java.security.AccessController.doPrivileged(AccessController.java:569)
	at io.netty.util.internal.SocketUtils.connect(SocketUtils.java:88)
	at io.netty.channel.socket.nio.NioSocketChannel.doConnect(NioSocketChannel.java:322)
	at io.netty.channel.nio.AbstractNioChannel$AbstractNioUnsafe.connect(AbstractNioChannel.java:250)
	at io.netty.channel.DefaultChannelPipeline$HeadContext.connect(DefaultChannelPipeline.java:1342)
	at io.netty.channel.AbstractChannelHandlerContext.invokeConnect(AbstractChannelHandlerContext.java:655)
	at io.netty.channel.AbstractChannelHandlerContext.connect(AbstractChannelHandlerContext.java:634)
	at io.netty.channel.AbstractChannelHandlerContext.connect(AbstractChannelHandlerContext.java:618)
	at io.netty.channel.DefaultChannelPipeline.connect(DefaultChannelPipeline.java:978)
	at io.netty.channel.AbstractChannel.connect(AbstractChannel.java:265)
	at io.netty.bootstrap.Bootstrap$3.run(Bootstrap.java:264)
	at io.netty.util.concurrent.AbstractEventExecutor.runTask(AbstractEventExecutor.java:173)
	at io.netty.util.concurrent.AbstractEventExecutor.safeExecute(AbstractEventExecutor.java:166)
	at io.netty.util.concurrent.SingleThreadEventExecutor.runAllTasks(SingleThreadEventExecutor.java:470)
	at io.netty.channel.nio.NioEventLoop.run(NioEventLoop.java:569)
	at io.netty.util.concurrent.SingleThreadEventExecutor$4.run(SingleThreadEventExecutor.java:997)
	at io.netty.util.internal.ThreadExecutorMap$2.run(ThreadExecutorMap.java:74)
	at io.netty.util.concurrent.FastThreadLocalRunnable.run(FastThreadLocalRunnable.java:30)
	at java.base/java.lang.Thread.run(Thread.java:842)
2025-12-24 18:03:36.994 [lettuce-eventExecutorLoop-1-2] INFO  i.l.core.protocol.ConnectionWatchdog - Reconnecting, last destination was 192.168.101.128/<unresolved>:6379
2025-12-24 18:03:36.997 [lettuce-nioEventLoop-4-3] WARN  i.l.core.protocol.ConnectionWatchdog - Cannot reconnect to [192.168.101.128/<unresolved>:6379]: Permission denied: connect: /192.168.101.128:6379
io.netty.channel.AbstractChannel$AnnotatedSocketException: Permission denied: connect: /192.168.101.128:6379
Caused by: java.net.SocketException: Permission denied: connect
	at java.base/sun.nio.ch.Net.connect0(Native Method)
	at java.base/sun.nio.ch.Net.connect(Net.java:579)
	at java.base/sun.nio.ch.Net.connect(Net.java:586)
	at java.base/sun.nio.ch.SocketChannelImpl.connect(SocketChannelImpl.java:853)
	at io.netty.util.internal.SocketUtils$3.run(SocketUtils.java:91)
	at io.netty.util.internal.SocketUtils$3.run(SocketUtils.java:88)
	at java.base/java.security.AccessController.doPrivileged(AccessController.java:569)
	at io.netty.util.internal.SocketUtils.connect(SocketUtils.java:88)
	at io.netty.channel.socket.nio.NioSocketChannel.doConnect(NioSocketChannel.java:322)
	at io.netty.channel.nio.AbstractNioChannel$AbstractNioUnsafe.connect(AbstractNioChannel.java:250)
	at io.netty.channel.DefaultChannelPipeline$HeadContext.connect(DefaultChannelPipeline.java:1342)
	at io.netty.channel.AbstractChannelHandlerContext.invokeConnect(AbstractChannelHandlerContext.java:655)
	at io.netty.channel.AbstractChannelHandlerContext.connect(AbstractChannelHandlerContext.java:634)
	at io.netty.channel.AbstractChannelHandlerContext.connect(AbstractChannelHandlerContext.java:618)
	at io.netty.channel.DefaultChannelPipeline.connect(DefaultChannelPipeline.java:978)
	at io.netty.channel.AbstractChannel.connect(AbstractChannel.java:265)
	at io.netty.bootstrap.Bootstrap$3.run(Bootstrap.java:264)
	at io.netty.util.concurrent.AbstractEventExecutor.runTask(AbstractEventExecutor.java:173)
	at io.netty.util.concurrent.AbstractEventExecutor.safeExecute(AbstractEventExecutor.java:166)
	at io.netty.util.concurrent.SingleThreadEventExecutor.runAllTasks(SingleThreadEventExecutor.java:470)
	at io.netty.channel.nio.NioEventLoop.run(NioEventLoop.java:569)
	at io.netty.util.concurrent.SingleThreadEventExecutor$4.run(SingleThreadEventExecutor.java:997)
	at io.netty.util.internal.ThreadExecutorMap$2.run(ThreadExecutorMap.java:74)
	at io.netty.util.concurrent.FastThreadLocalRunnable.run(FastThreadLocalRunnable.java:30)
	at java.base/java.lang.Thread.run(Thread.java:842)
2025-12-24 18:04:07.085 [lettuce-eventExecutorLoop-1-4] INFO  i.l.core.protocol.ConnectionWatchdog - Reconnecting, last destination was 192.168.101.128/<unresolved>:6379
2025-12-24 18:04:07.087 [lettuce-nioEventLoop-4-4] WARN  i.l.core.protocol.ConnectionWatchdog - Cannot reconnect to [192.168.101.128/<unresolved>:6379]: Permission denied: connect: /192.168.101.128:6379
io.netty.channel.AbstractChannel$AnnotatedSocketException: Permission denied: connect: /192.168.101.128:6379
Caused by: java.net.SocketException: Permission denied: connect
	at java.base/sun.nio.ch.Net.connect0(Native Method)
	at java.base/sun.nio.ch.Net.connect(Net.java:579)
	at java.base/sun.nio.ch.Net.connect(Net.java:586)
	at java.base/sun.nio.ch.SocketChannelImpl.connect(SocketChannelImpl.java:853)
	at io.netty.util.internal.SocketUtils$3.run(SocketUtils.java:91)
	at io.netty.util.internal.SocketUtils$3.run(SocketUtils.java:88)
	at java.base/java.security.AccessController.doPrivileged(AccessController.java:569)
	at io.netty.util.internal.SocketUtils.connect(SocketUtils.java:88)
	at io.netty.channel.socket.nio.NioSocketChannel.doConnect(NioSocketChannel.java:322)
	at io.netty.channel.nio.AbstractNioChannel$AbstractNioUnsafe.connect(AbstractNioChannel.java:250)
	at io.netty.channel.DefaultChannelPipeline$HeadContext.connect(DefaultChannelPipeline.java:1342)
	at io.netty.channel.AbstractChannelHandlerContext.invokeConnect(AbstractChannelHandlerContext.java:655)
	at io.netty.channel.AbstractChannelHandlerContext.connect(AbstractChannelHandlerContext.java:634)
	at io.netty.channel.AbstractChannelHandlerContext.connect(AbstractChannelHandlerContext.java:618)
	at io.netty.channel.DefaultChannelPipeline.connect(DefaultChannelPipeline.java:978)
	at io.netty.channel.AbstractChannel.connect(AbstractChannel.java:265)
	at io.netty.bootstrap.Bootstrap$3.run(Bootstrap.java:264)
	at io.netty.util.concurrent.AbstractEventExecutor.runTask(AbstractEventExecutor.java:173)
	at io.netty.util.concurrent.AbstractEventExecutor.safeExecute(AbstractEventExecutor.java:166)
	at io.netty.util.concurrent.SingleThreadEventExecutor.runAllTasks(SingleThreadEventExecutor.java:470)
	at io.netty.channel.nio.NioEventLoop.run(NioEventLoop.java:569)
	at io.netty.util.concurrent.SingleThreadEventExecutor$4.run(SingleThreadEventExecutor.java:997)
	at io.netty.util.internal.ThreadExecutorMap$2.run(ThreadExecutorMap.java:74)
	at io.netty.util.concurrent.FastThreadLocalRunnable.run(FastThreadLocalRunnable.java:30)
	at java.base/java.lang.Thread.run(Thread.java:842)
2025-12-24 18:04:37.186 [lettuce-eventExecutorLoop-1-6] INFO  i.l.core.protocol.ConnectionWatchdog - Reconnecting, last destination was 192.168.101.128/<unresolved>:6379
2025-12-24 18:04:37.189 [lettuce-nioEventLoop-4-5] WARN  i.l.core.protocol.ConnectionWatchdog - Cannot reconnect to [192.168.101.128/<unresolved>:6379]: Permission denied: connect: /192.168.101.128:6379
io.netty.channel.AbstractChannel$AnnotatedSocketException: Permission denied: connect: /192.168.101.128:6379
Caused by: java.net.SocketException: Permission denied: connect
	at java.base/sun.nio.ch.Net.connect0(Native Method)
	at java.base/sun.nio.ch.Net.connect(Net.java:579)
	at java.base/sun.nio.ch.Net.connect(Net.java:586)
	at java.base/sun.nio.ch.SocketChannelImpl.connect(SocketChannelImpl.java:853)
	at io.netty.util.internal.SocketUtils$3.run(SocketUtils.java:91)
	at io.netty.util.internal.SocketUtils$3.run(SocketUtils.java:88)
	at java.base/java.security.AccessController.doPrivileged(AccessController.java:569)
	at io.netty.util.internal.SocketUtils.connect(SocketUtils.java:88)
	at io.netty.channel.socket.nio.NioSocketChannel.doConnect(NioSocketChannel.java:322)
	at io.netty.channel.nio.AbstractNioChannel$AbstractNioUnsafe.connect(AbstractNioChannel.java:250)
	at io.netty.channel.DefaultChannelPipeline$HeadContext.connect(DefaultChannelPipeline.java:1342)
	at io.netty.channel.AbstractChannelHandlerContext.invokeConnect(AbstractChannelHandlerContext.java:655)
	at io.netty.channel.AbstractChannelHandlerContext.connect(AbstractChannelHandlerContext.java:634)
	at io.netty.channel.AbstractChannelHandlerContext.connect(AbstractChannelHandlerContext.java:618)
	at io.netty.channel.DefaultChannelPipeline.connect(DefaultChannelPipeline.java:978)
	at io.netty.channel.AbstractChannel.connect(AbstractChannel.java:265)
	at io.netty.bootstrap.Bootstrap$3.run(Bootstrap.java:264)
	at io.netty.util.concurrent.AbstractEventExecutor.runTask(AbstractEventExecutor.java:173)
	at io.netty.util.concurrent.AbstractEventExecutor.safeExecute(AbstractEventExecutor.java:166)
	at io.netty.util.concurrent.SingleThreadEventExecutor.runAllTasks(SingleThreadEventExecutor.java:470)
	at io.netty.channel.nio.NioEventLoop.run(NioEventLoop.java:569)
	at io.netty.util.concurrent.SingleThreadEventExecutor$4.run(SingleThreadEventExecutor.java:997)
	at io.netty.util.internal.ThreadExecutorMap$2.run(ThreadExecutorMap.java:74)
	at io.netty.util.concurrent.FastThreadLocalRunnable.run(FastThreadLocalRunnable.java:30)
	at java.base/java.lang.Thread.run(Thread.java:842)
2025-12-24 18:05:07.292 [lettuce-eventExecutorLoop-1-1] INFO  i.l.core.protocol.ConnectionWatchdog - Reconnecting, last destination was 192.168.101.128/<unresolved>:6379
2025-12-24 18:05:07.294 [lettuce-nioEventLoop-4-6] WARN  i.l.core.protocol.ConnectionWatchdog - Cannot reconnect to [192.168.101.128/<unresolved>:6379]: Permission denied: connect: /192.168.101.128:6379
io.netty.channel.AbstractChannel$AnnotatedSocketException: Permission denied: connect: /192.168.101.128:6379
Caused by: java.net.SocketException: Permission denied: connect
	at java.base/sun.nio.ch.Net.connect0(Native Method)
	at java.base/sun.nio.ch.Net.connect(Net.java:579)
	at java.base/sun.nio.ch.Net.connect(Net.java:586)
	at java.base/sun.nio.ch.SocketChannelImpl.connect(SocketChannelImpl.java:853)
	at io.netty.util.internal.SocketUtils$3.run(SocketUtils.java:91)
	at io.netty.util.internal.SocketUtils$3.run(SocketUtils.java:88)
	at java.base/java.security.AccessController.doPrivileged(AccessController.java:569)
	at io.netty.util.internal.SocketUtils.connect(SocketUtils.java:88)
	at io.netty.channel.socket.nio.NioSocketChannel.doConnect(NioSocketChannel.java:322)
	at io.netty.channel.nio.AbstractNioChannel$AbstractNioUnsafe.connect(AbstractNioChannel.java:250)
	at io.netty.channel.DefaultChannelPipeline$HeadContext.connect(DefaultChannelPipeline.java:1342)
	at io.netty.channel.AbstractChannelHandlerContext.invokeConnect(AbstractChannelHandlerContext.java:655)
	at io.netty.channel.AbstractChannelHandlerContext.connect(AbstractChannelHandlerContext.java:634)
	at io.netty.channel.AbstractChannelHandlerContext.connect(AbstractChannelHandlerContext.java:618)
	at io.netty.channel.DefaultChannelPipeline.connect(DefaultChannelPipeline.java:978)
	at io.netty.channel.AbstractChannel.connect(AbstractChannel.java:265)
	at io.netty.bootstrap.Bootstrap$3.run(Bootstrap.java:264)
	at io.netty.util.concurrent.AbstractEventExecutor.runTask(AbstractEventExecutor.java:173)
	at io.netty.util.concurrent.AbstractEventExecutor.safeExecute(AbstractEventExecutor.java:166)
	at io.netty.util.concurrent.SingleThreadEventExecutor.runAllTasks(SingleThreadEventExecutor.java:470)
	at io.netty.channel.nio.NioEventLoop.run(NioEventLoop.java:569)
	at io.netty.util.concurrent.SingleThreadEventExecutor$4.run(SingleThreadEventExecutor.java:997)
	at io.netty.util.internal.ThreadExecutorMap$2.run(ThreadExecutorMap.java:74)
	at io.netty.util.concurrent.FastThreadLocalRunnable.run(FastThreadLocalRunnable.java:30)
	at java.base/java.lang.Thread.run(Thread.java:842)
2025-12-24 18:05:37.392 [lettuce-eventExecutorLoop-1-2] INFO  i.l.core.protocol.ConnectionWatchdog - Reconnecting, last destination was 192.168.101.128/<unresolved>:6379
2025-12-24 18:05:37.394 [lettuce-nioEventLoop-4-7] WARN  i.l.core.protocol.ConnectionWatchdog - Cannot reconnect to [192.168.101.128/<unresolved>:6379]: Permission denied: connect: /192.168.101.128:6379
io.netty.channel.AbstractChannel$AnnotatedSocketException: Permission denied: connect: /192.168.101.128:6379
Caused by: java.net.SocketException: Permission denied: connect
	at java.base/sun.nio.ch.Net.connect0(Native Method)
	at java.base/sun.nio.ch.Net.connect(Net.java:579)
	at java.base/sun.nio.ch.Net.connect(Net.java:586)
	at java.base/sun.nio.ch.SocketChannelImpl.connect(SocketChannelImpl.java:853)
	at io.netty.util.internal.SocketUtils$3.run(SocketUtils.java:91)
	at io.netty.util.internal.SocketUtils$3.run(SocketUtils.java:88)
	at java.base/java.security.AccessController.doPrivileged(AccessController.java:569)
	at io.netty.util.internal.SocketUtils.connect(SocketUtils.java:88)
	at io.netty.channel.socket.nio.NioSocketChannel.doConnect(NioSocketChannel.java:322)
	at io.netty.channel.nio.AbstractNioChannel$AbstractNioUnsafe.connect(AbstractNioChannel.java:250)
	at io.netty.channel.DefaultChannelPipeline$HeadContext.connect(DefaultChannelPipeline.java:1342)
	at io.netty.channel.AbstractChannelHandlerContext.invokeConnect(AbstractChannelHandlerContext.java:655)
	at io.netty.channel.AbstractChannelHandlerContext.connect(AbstractChannelHandlerContext.java:634)
	at io.netty.channel.AbstractChannelHandlerContext.connect(AbstractChannelHandlerContext.java:618)
	at io.netty.channel.DefaultChannelPipeline.connect(DefaultChannelPipeline.java:978)
	at io.netty.channel.AbstractChannel.connect(AbstractChannel.java:265)
	at io.netty.bootstrap.Bootstrap$3.run(Bootstrap.java:264)
	at io.netty.util.concurrent.AbstractEventExecutor.runTask(AbstractEventExecutor.java:173)
	at io.netty.util.concurrent.AbstractEventExecutor.safeExecute(AbstractEventExecutor.java:166)
	at io.netty.util.concurrent.SingleThreadEventExecutor.runAllTasks(SingleThreadEventExecutor.java:470)
	at io.netty.channel.nio.NioEventLoop.run(NioEventLoop.java:569)
	at io.netty.util.concurrent.SingleThreadEventExecutor$4.run(SingleThreadEventExecutor.java:997)
	at io.netty.util.internal.ThreadExecutorMap$2.run(ThreadExecutorMap.java:74)
	at io.netty.util.concurrent.FastThreadLocalRunnable.run(FastThreadLocalRunnable.java:30)
	at java.base/java.lang.Thread.run(Thread.java:842)
2025-12-24 18:06:07.484 [lettuce-eventExecutorLoop-1-4] INFO  i.l.core.protocol.ConnectionWatchdog - Reconnecting, last destination was 192.168.101.128/<unresolved>:6379
2025-12-24 18:06:07.486 [lettuce-nioEventLoop-4-8] WARN  i.l.core.protocol.ConnectionWatchdog - Cannot reconnect to [192.168.101.128/<unresolved>:6379]: Permission denied: connect: /192.168.101.128:6379
io.netty.channel.AbstractChannel$AnnotatedSocketException: Permission denied: connect: /192.168.101.128:6379
Caused by: java.net.SocketException: Permission denied: connect
	at java.base/sun.nio.ch.Net.connect0(Native Method)
	at java.base/sun.nio.ch.Net.connect(Net.java:579)
	at java.base/sun.nio.ch.Net.connect(Net.java:586)
	at java.base/sun.nio.ch.SocketChannelImpl.connect(SocketChannelImpl.java:853)
	at io.netty.util.internal.SocketUtils$3.run(SocketUtils.java:91)
	at io.netty.util.internal.SocketUtils$3.run(SocketUtils.java:88)
	at java.base/java.security.AccessController.doPrivileged(AccessController.java:569)
	at io.netty.util.internal.SocketUtils.connect(SocketUtils.java:88)
	at io.netty.channel.socket.nio.NioSocketChannel.doConnect(NioSocketChannel.java:322)
	at io.netty.channel.nio.AbstractNioChannel$AbstractNioUnsafe.connect(AbstractNioChannel.java:250)
	at io.netty.channel.DefaultChannelPipeline$HeadContext.connect(DefaultChannelPipeline.java:1342)
	at io.netty.channel.AbstractChannelHandlerContext.invokeConnect(AbstractChannelHandlerContext.java:655)
	at io.netty.channel.AbstractChannelHandlerContext.connect(AbstractChannelHandlerContext.java:634)
	at io.netty.channel.AbstractChannelHandlerContext.connect(AbstractChannelHandlerContext.java:618)
	at io.netty.channel.DefaultChannelPipeline.connect(DefaultChannelPipeline.java:978)
	at io.netty.channel.AbstractChannel.connect(AbstractChannel.java:265)
	at io.netty.bootstrap.Bootstrap$3.run(Bootstrap.java:264)
	at io.netty.util.concurrent.AbstractEventExecutor.runTask(AbstractEventExecutor.java:173)
	at io.netty.util.concurrent.AbstractEventExecutor.safeExecute(AbstractEventExecutor.java:166)
	at io.netty.util.concurrent.SingleThreadEventExecutor.runAllTasks(SingleThreadEventExecutor.java:470)
	at io.netty.channel.nio.NioEventLoop.run(NioEventLoop.java:569)
	at io.netty.util.concurrent.SingleThreadEventExecutor$4.run(SingleThreadEventExecutor.java:997)
	at io.netty.util.internal.ThreadExecutorMap$2.run(ThreadExecutorMap.java:74)
	at io.netty.util.concurrent.FastThreadLocalRunnable.run(FastThreadLocalRunnable.java:30)
	at java.base/java.lang.Thread.run(Thread.java:842)
2025-12-24 18:06:37.593 [lettuce-eventExecutorLoop-1-6] INFO  i.l.core.protocol.ConnectionWatchdog - Reconnecting, last destination was 192.168.101.128/<unresolved>:6379
2025-12-24 18:06:37.595 [lettuce-nioEventLoop-4-1] WARN  i.l.core.protocol.ConnectionWatchdog - Cannot reconnect to [192.168.101.128/<unresolved>:6379]: Permission denied: connect: /192.168.101.128:6379
io.netty.channel.AbstractChannel$AnnotatedSocketException: Permission denied: connect: /192.168.101.128:6379
Caused by: java.net.SocketException: Permission denied: connect
	at java.base/sun.nio.ch.Net.connect0(Native Method)
	at java.base/sun.nio.ch.Net.connect(Net.java:579)
	at java.base/sun.nio.ch.Net.connect(Net.java:586)
	at java.base/sun.nio.ch.SocketChannelImpl.connect(SocketChannelImpl.java:853)
	at io.netty.util.internal.SocketUtils$3.run(SocketUtils.java:91)
	at io.netty.util.internal.SocketUtils$3.run(SocketUtils.java:88)
	at java.base/java.security.AccessController.doPrivileged(AccessController.java:569)
	at io.netty.util.internal.SocketUtils.connect(SocketUtils.java:88)
	at io.netty.channel.socket.nio.NioSocketChannel.doConnect(NioSocketChannel.java:322)
	at io.netty.channel.nio.AbstractNioChannel$AbstractNioUnsafe.connect(AbstractNioChannel.java:250)
	at io.netty.channel.DefaultChannelPipeline$HeadContext.connect(DefaultChannelPipeline.java:1342)
	at io.netty.channel.AbstractChannelHandlerContext.invokeConnect(AbstractChannelHandlerContext.java:655)
	at io.netty.channel.AbstractChannelHandlerContext.connect(AbstractChannelHandlerContext.java:634)
	at io.netty.channel.AbstractChannelHandlerContext.connect(AbstractChannelHandlerContext.java:618)
	at io.netty.channel.DefaultChannelPipeline.connect(DefaultChannelPipeline.java:978)
	at io.netty.channel.AbstractChannel.connect(AbstractChannel.java:265)
	at io.netty.bootstrap.Bootstrap$3.run(Bootstrap.java:264)
	at io.netty.util.concurrent.AbstractEventExecutor.runTask(AbstractEventExecutor.java:173)
	at io.netty.util.concurrent.AbstractEventExecutor.safeExecute(AbstractEventExecutor.java:166)
	at io.netty.util.concurrent.SingleThreadEventExecutor.runAllTasks(SingleThreadEventExecutor.java:470)
	at io.netty.channel.nio.NioEventLoop.run(NioEventLoop.java:569)
	at io.netty.util.concurrent.SingleThreadEventExecutor$4.run(SingleThreadEventExecutor.java:997)
	at io.netty.util.internal.ThreadExecutorMap$2.run(ThreadExecutorMap.java:74)
	at io.netty.util.concurrent.FastThreadLocalRunnable.run(FastThreadLocalRunnable.java:30)
	at java.base/java.lang.Thread.run(Thread.java:842)
2025-12-24 18:07:07.685 [lettuce-eventExecutorLoop-1-1] INFO  i.l.core.protocol.ConnectionWatchdog - Reconnecting, last destination was 192.168.101.128/<unresolved>:6379
2025-12-24 18:07:07.688 [lettuce-nioEventLoop-4-2] WARN  i.l.core.protocol.ConnectionWatchdog - Cannot reconnect to [192.168.101.128/<unresolved>:6379]: Permission denied: connect: /192.168.101.128:6379
io.netty.channel.AbstractChannel$AnnotatedSocketException: Permission denied: connect: /192.168.101.128:6379
Caused by: java.net.SocketException: Permission denied: connect
	at java.base/sun.nio.ch.Net.connect0(Native Method)
	at java.base/sun.nio.ch.Net.connect(Net.java:579)
	at java.base/sun.nio.ch.Net.connect(Net.java:586)
	at java.base/sun.nio.ch.SocketChannelImpl.connect(SocketChannelImpl.java:853)
	at io.netty.util.internal.SocketUtils$3.run(SocketUtils.java:91)
	at io.netty.util.internal.SocketUtils$3.run(SocketUtils.java:88)
	at java.base/java.security.AccessController.doPrivileged(AccessController.java:569)
	at io.netty.util.internal.SocketUtils.connect(SocketUtils.java:88)
	at io.netty.channel.socket.nio.NioSocketChannel.doConnect(NioSocketChannel.java:322)
	at io.netty.channel.nio.AbstractNioChannel$AbstractNioUnsafe.connect(AbstractNioChannel.java:250)
	at io.netty.channel.DefaultChannelPipeline$HeadContext.connect(DefaultChannelPipeline.java:1342)
	at io.netty.channel.AbstractChannelHandlerContext.invokeConnect(AbstractChannelHandlerContext.java:655)
	at io.netty.channel.AbstractChannelHandlerContext.connect(AbstractChannelHandlerContext.java:634)
	at io.netty.channel.AbstractChannelHandlerContext.connect(AbstractChannelHandlerContext.java:618)
	at io.netty.channel.DefaultChannelPipeline.connect(DefaultChannelPipeline.java:978)
	at io.netty.channel.AbstractChannel.connect(AbstractChannel.java:265)
	at io.netty.bootstrap.Bootstrap$3.run(Bootstrap.java:264)
	at io.netty.util.concurrent.AbstractEventExecutor.runTask(AbstractEventExecutor.java:173)
	at io.netty.util.concurrent.AbstractEventExecutor.safeExecute(AbstractEventExecutor.java:166)
	at io.netty.util.concurrent.SingleThreadEventExecutor.runAllTasks(SingleThreadEventExecutor.java:470)
	at io.netty.channel.nio.NioEventLoop.run(NioEventLoop.java:569)
	at io.netty.util.concurrent.SingleThreadEventExecutor$4.run(SingleThreadEventExecutor.java:997)
	at io.netty.util.internal.ThreadExecutorMap$2.run(ThreadExecutorMap.java:74)
	at io.netty.util.concurrent.FastThreadLocalRunnable.run(FastThreadLocalRunnable.java:30)
	at java.base/java.lang.Thread.run(Thread.java:842)
2025-12-24 18:07:37.796 [lettuce-eventExecutorLoop-1-2] INFO  i.l.core.protocol.ConnectionWatchdog - Reconnecting, last destination was 192.168.101.128/<unresolved>:6379
2025-12-24 18:07:37.798 [lettuce-nioEventLoop-4-3] WARN  i.l.core.protocol.ConnectionWatchdog - Cannot reconnect to [192.168.101.128/<unresolved>:6379]: Permission denied: connect: /192.168.101.128:6379
io.netty.channel.AbstractChannel$AnnotatedSocketException: Permission denied: connect: /192.168.101.128:6379
Caused by: java.net.SocketException: Permission denied: connect
	at java.base/sun.nio.ch.Net.connect0(Native Method)
	at java.base/sun.nio.ch.Net.connect(Net.java:579)
	at java.base/sun.nio.ch.Net.connect(Net.java:586)
	at java.base/sun.nio.ch.SocketChannelImpl.connect(SocketChannelImpl.java:853)
	at io.netty.util.internal.SocketUtils$3.run(SocketUtils.java:91)
	at io.netty.util.internal.SocketUtils$3.run(SocketUtils.java:88)
	at java.base/java.security.AccessController.doPrivileged(AccessController.java:569)
	at io.netty.util.internal.SocketUtils.connect(SocketUtils.java:88)
	at io.netty.channel.socket.nio.NioSocketChannel.doConnect(NioSocketChannel.java:322)
	at io.netty.channel.nio.AbstractNioChannel$AbstractNioUnsafe.connect(AbstractNioChannel.java:250)
	at io.netty.channel.DefaultChannelPipeline$HeadContext.connect(DefaultChannelPipeline.java:1342)
	at io.netty.channel.AbstractChannelHandlerContext.invokeConnect(AbstractChannelHandlerContext.java:655)
	at io.netty.channel.AbstractChannelHandlerContext.connect(AbstractChannelHandlerContext.java:634)
	at io.netty.channel.AbstractChannelHandlerContext.connect(AbstractChannelHandlerContext.java:618)
	at io.netty.channel.DefaultChannelPipeline.connect(DefaultChannelPipeline.java:978)
	at io.netty.channel.AbstractChannel.connect(AbstractChannel.java:265)
	at io.netty.bootstrap.Bootstrap$3.run(Bootstrap.java:264)
	at io.netty.util.concurrent.AbstractEventExecutor.runTask(AbstractEventExecutor.java:173)
	at io.netty.util.concurrent.AbstractEventExecutor.safeExecute(AbstractEventExecutor.java:166)
	at io.netty.util.concurrent.SingleThreadEventExecutor.runAllTasks(SingleThreadEventExecutor.java:470)
	at io.netty.channel.nio.NioEventLoop.run(NioEventLoop.java:569)
	at io.netty.util.concurrent.SingleThreadEventExecutor$4.run(SingleThreadEventExecutor.java:997)
	at io.netty.util.internal.ThreadExecutorMap$2.run(ThreadExecutorMap.java:74)
	at io.netty.util.concurrent.FastThreadLocalRunnable.run(FastThreadLocalRunnable.java:30)
	at java.base/java.lang.Thread.run(Thread.java:842)
2025-12-24 18:08:07.892 [lettuce-eventExecutorLoop-1-4] INFO  i.l.core.protocol.ConnectionWatchdog - Reconnecting, last destination was 192.168.101.128/<unresolved>:6379
2025-12-24 18:08:07.895 [lettuce-nioEventLoop-4-4] WARN  i.l.core.protocol.ConnectionWatchdog - Cannot reconnect to [192.168.101.128/<unresolved>:6379]: Permission denied: connect: /192.168.101.128:6379
io.netty.channel.AbstractChannel$AnnotatedSocketException: Permission denied: connect: /192.168.101.128:6379
Caused by: java.net.SocketException: Permission denied: connect
	at java.base/sun.nio.ch.Net.connect0(Native Method)
	at java.base/sun.nio.ch.Net.connect(Net.java:579)
	at java.base/sun.nio.ch.Net.connect(Net.java:586)
	at java.base/sun.nio.ch.SocketChannelImpl.connect(SocketChannelImpl.java:853)
	at io.netty.util.internal.SocketUtils$3.run(SocketUtils.java:91)
	at io.netty.util.internal.SocketUtils$3.run(SocketUtils.java:88)
	at java.base/java.security.AccessController.doPrivileged(AccessController.java:569)
	at io.netty.util.internal.SocketUtils.connect(SocketUtils.java:88)
	at io.netty.channel.socket.nio.NioSocketChannel.doConnect(NioSocketChannel.java:322)
	at io.netty.channel.nio.AbstractNioChannel$AbstractNioUnsafe.connect(AbstractNioChannel.java:250)
	at io.netty.channel.DefaultChannelPipeline$HeadContext.connect(DefaultChannelPipeline.java:1342)
	at io.netty.channel.AbstractChannelHandlerContext.invokeConnect(AbstractChannelHandlerContext.java:655)
	at io.netty.channel.AbstractChannelHandlerContext.connect(AbstractChannelHandlerContext.java:634)
	at io.netty.channel.AbstractChannelHandlerContext.connect(AbstractChannelHandlerContext.java:618)
	at io.netty.channel.DefaultChannelPipeline.connect(DefaultChannelPipeline.java:978)
	at io.netty.channel.AbstractChannel.connect(AbstractChannel.java:265)
	at io.netty.bootstrap.Bootstrap$3.run(Bootstrap.java:264)
	at io.netty.util.concurrent.AbstractEventExecutor.runTask(AbstractEventExecutor.java:173)
	at io.netty.util.concurrent.AbstractEventExecutor.safeExecute(AbstractEventExecutor.java:166)
	at io.netty.util.concurrent.SingleThreadEventExecutor.runAllTasks(SingleThreadEventExecutor.java:470)
	at io.netty.channel.nio.NioEventLoop.run(NioEventLoop.java:569)
	at io.netty.util.concurrent.SingleThreadEventExecutor$4.run(SingleThreadEventExecutor.java:997)
	at io.netty.util.internal.ThreadExecutorMap$2.run(ThreadExecutorMap.java:74)
	at io.netty.util.concurrent.FastThreadLocalRunnable.run(FastThreadLocalRunnable.java:30)
	at java.base/java.lang.Thread.run(Thread.java:842)
2025-12-24 18:08:37.984 [lettuce-eventExecutorLoop-1-6] INFO  i.l.core.protocol.ConnectionWatchdog - Reconnecting, last destination was 192.168.101.128/<unresolved>:6379
2025-12-24 18:08:37.989 [lettuce-nioEventLoop-4-5] WARN  i.l.core.protocol.ConnectionWatchdog - Cannot reconnect to [192.168.101.128/<unresolved>:6379]: Permission denied: connect: /192.168.101.128:6379
io.netty.channel.AbstractChannel$AnnotatedSocketException: Permission denied: connect: /192.168.101.128:6379
Caused by: java.net.SocketException: Permission denied: connect
	at java.base/sun.nio.ch.Net.connect0(Native Method)
	at java.base/sun.nio.ch.Net.connect(Net.java:579)
	at java.base/sun.nio.ch.Net.connect(Net.java:586)
	at java.base/sun.nio.ch.SocketChannelImpl.connect(SocketChannelImpl.java:853)
	at io.netty.util.internal.SocketUtils$3.run(SocketUtils.java:91)
	at io.netty.util.internal.SocketUtils$3.run(SocketUtils.java:88)
	at java.base/java.security.AccessController.doPrivileged(AccessController.java:569)
	at io.netty.util.internal.SocketUtils.connect(SocketUtils.java:88)
	at io.netty.channel.socket.nio.NioSocketChannel.doConnect(NioSocketChannel.java:322)
	at io.netty.channel.nio.AbstractNioChannel$AbstractNioUnsafe.connect(AbstractNioChannel.java:250)
	at io.netty.channel.DefaultChannelPipeline$HeadContext.connect(DefaultChannelPipeline.java:1342)
	at io.netty.channel.AbstractChannelHandlerContext.invokeConnect(AbstractChannelHandlerContext.java:655)
	at io.netty.channel.AbstractChannelHandlerContext.connect(AbstractChannelHandlerContext.java:634)
	at io.netty.channel.AbstractChannelHandlerContext.connect(AbstractChannelHandlerContext.java:618)
	at io.netty.channel.DefaultChannelPipeline.connect(DefaultChannelPipeline.java:978)
	at io.netty.channel.AbstractChannel.connect(AbstractChannel.java:265)
	at io.netty.bootstrap.Bootstrap$3.run(Bootstrap.java:264)
	at io.netty.util.concurrent.AbstractEventExecutor.runTask(AbstractEventExecutor.java:173)
	at io.netty.util.concurrent.AbstractEventExecutor.safeExecute(AbstractEventExecutor.java:166)
	at io.netty.util.concurrent.SingleThreadEventExecutor.runAllTasks(SingleThreadEventExecutor.java:470)
	at io.netty.channel.nio.NioEventLoop.run(NioEventLoop.java:569)
	at io.netty.util.concurrent.SingleThreadEventExecutor$4.run(SingleThreadEventExecutor.java:997)
	at io.netty.util.internal.ThreadExecutorMap$2.run(ThreadExecutorMap.java:74)
	at io.netty.util.concurrent.FastThreadLocalRunnable.run(FastThreadLocalRunnable.java:30)
	at java.base/java.lang.Thread.run(Thread.java:842)
2025-12-24 18:09:08.090 [lettuce-eventExecutorLoop-1-1] INFO  i.l.core.protocol.ConnectionWatchdog - Reconnecting, last destination was 192.168.101.128/<unresolved>:6379
2025-12-24 18:09:08.092 [lettuce-nioEventLoop-4-6] WARN  i.l.core.protocol.ConnectionWatchdog - Cannot reconnect to [192.168.101.128/<unresolved>:6379]: Permission denied: connect: /192.168.101.128:6379
io.netty.channel.AbstractChannel$AnnotatedSocketException: Permission denied: connect: /192.168.101.128:6379
Caused by: java.net.SocketException: Permission denied: connect
	at java.base/sun.nio.ch.Net.connect0(Native Method)
	at java.base/sun.nio.ch.Net.connect(Net.java:579)
	at java.base/sun.nio.ch.Net.connect(Net.java:586)
	at java.base/sun.nio.ch.SocketChannelImpl.connect(SocketChannelImpl.java:853)
	at io.netty.util.internal.SocketUtils$3.run(SocketUtils.java:91)
	at io.netty.util.internal.SocketUtils$3.run(SocketUtils.java:88)
	at java.base/java.security.AccessController.doPrivileged(AccessController.java:569)
	at io.netty.util.internal.SocketUtils.connect(SocketUtils.java:88)
	at io.netty.channel.socket.nio.NioSocketChannel.doConnect(NioSocketChannel.java:322)
	at io.netty.channel.nio.AbstractNioChannel$AbstractNioUnsafe.connect(AbstractNioChannel.java:250)
	at io.netty.channel.DefaultChannelPipeline$HeadContext.connect(DefaultChannelPipeline.java:1342)
	at io.netty.channel.AbstractChannelHandlerContext.invokeConnect(AbstractChannelHandlerContext.java:655)
	at io.netty.channel.AbstractChannelHandlerContext.connect(AbstractChannelHandlerContext.java:634)
	at io.netty.channel.AbstractChannelHandlerContext.connect(AbstractChannelHandlerContext.java:618)
	at io.netty.channel.DefaultChannelPipeline.connect(DefaultChannelPipeline.java:978)
	at io.netty.channel.AbstractChannel.connect(AbstractChannel.java:265)
	at io.netty.bootstrap.Bootstrap$3.run(Bootstrap.java:264)
	at io.netty.util.concurrent.AbstractEventExecutor.runTask(AbstractEventExecutor.java:173)
	at io.netty.util.concurrent.AbstractEventExecutor.safeExecute(AbstractEventExecutor.java:166)
	at io.netty.util.concurrent.SingleThreadEventExecutor.runAllTasks(SingleThreadEventExecutor.java:470)
	at io.netty.channel.nio.NioEventLoop.run(NioEventLoop.java:569)
	at io.netty.util.concurrent.SingleThreadEventExecutor$4.run(SingleThreadEventExecutor.java:997)
	at io.netty.util.internal.ThreadExecutorMap$2.run(ThreadExecutorMap.java:74)
	at io.netty.util.concurrent.FastThreadLocalRunnable.run(FastThreadLocalRunnable.java:30)
	at java.base/java.lang.Thread.run(Thread.java:842)
2025-12-24 18:09:38.184 [lettuce-eventExecutorLoop-1-2] INFO  i.l.core.protocol.ConnectionWatchdog - Reconnecting, last destination was 192.168.101.128/<unresolved>:6379
2025-12-24 18:09:38.186 [lettuce-nioEventLoop-4-7] WARN  i.l.core.protocol.ConnectionWatchdog - Cannot reconnect to [192.168.101.128/<unresolved>:6379]: Permission denied: connect: /192.168.101.128:6379
io.netty.channel.AbstractChannel$AnnotatedSocketException: Permission denied: connect: /192.168.101.128:6379
Caused by: java.net.SocketException: Permission denied: connect
	at java.base/sun.nio.ch.Net.connect0(Native Method)
	at java.base/sun.nio.ch.Net.connect(Net.java:579)
	at java.base/sun.nio.ch.Net.connect(Net.java:586)
	at java.base/sun.nio.ch.SocketChannelImpl.connect(SocketChannelImpl.java:853)
	at io.netty.util.internal.SocketUtils$3.run(SocketUtils.java:91)
	at io.netty.util.internal.SocketUtils$3.run(SocketUtils.java:88)
	at java.base/java.security.AccessController.doPrivileged(AccessController.java:569)
	at io.netty.util.internal.SocketUtils.connect(SocketUtils.java:88)
	at io.netty.channel.socket.nio.NioSocketChannel.doConnect(NioSocketChannel.java:322)
	at io.netty.channel.nio.AbstractNioChannel$AbstractNioUnsafe.connect(AbstractNioChannel.java:250)
	at io.netty.channel.DefaultChannelPipeline$HeadContext.connect(DefaultChannelPipeline.java:1342)
	at io.netty.channel.AbstractChannelHandlerContext.invokeConnect(AbstractChannelHandlerContext.java:655)
	at io.netty.channel.AbstractChannelHandlerContext.connect(AbstractChannelHandlerContext.java:634)
	at io.netty.channel.AbstractChannelHandlerContext.connect(AbstractChannelHandlerContext.java:618)
	at io.netty.channel.DefaultChannelPipeline.connect(DefaultChannelPipeline.java:978)
	at io.netty.channel.AbstractChannel.connect(AbstractChannel.java:265)
	at io.netty.bootstrap.Bootstrap$3.run(Bootstrap.java:264)
	at io.netty.util.concurrent.AbstractEventExecutor.runTask(AbstractEventExecutor.java:173)
	at io.netty.util.concurrent.AbstractEventExecutor.safeExecute(AbstractEventExecutor.java:166)
	at io.netty.util.concurrent.SingleThreadEventExecutor.runAllTasks(SingleThreadEventExecutor.java:470)
	at io.netty.channel.nio.NioEventLoop.run(NioEventLoop.java:569)
	at io.netty.util.concurrent.SingleThreadEventExecutor$4.run(SingleThreadEventExecutor.java:997)
	at io.netty.util.internal.ThreadExecutorMap$2.run(ThreadExecutorMap.java:74)
	at io.netty.util.concurrent.FastThreadLocalRunnable.run(FastThreadLocalRunnable.java:30)
	at java.base/java.lang.Thread.run(Thread.java:842)
2025-12-24 18:10:08.287 [lettuce-eventExecutorLoop-1-4] INFO  i.l.core.protocol.ConnectionWatchdog - Reconnecting, last destination was 192.168.101.128/<unresolved>:6379
2025-12-24 18:10:08.289 [lettuce-nioEventLoop-4-8] WARN  i.l.core.protocol.ConnectionWatchdog - Cannot reconnect to [192.168.101.128/<unresolved>:6379]: Permission denied: connect: /192.168.101.128:6379
io.netty.channel.AbstractChannel$AnnotatedSocketException: Permission denied: connect: /192.168.101.128:6379
Caused by: java.net.SocketException: Permission denied: connect
	at java.base/sun.nio.ch.Net.connect0(Native Method)
	at java.base/sun.nio.ch.Net.connect(Net.java:579)
	at java.base/sun.nio.ch.Net.connect(Net.java:586)
	at java.base/sun.nio.ch.SocketChannelImpl.connect(SocketChannelImpl.java:853)
	at io.netty.util.internal.SocketUtils$3.run(SocketUtils.java:91)
	at io.netty.util.internal.SocketUtils$3.run(SocketUtils.java:88)
	at java.base/java.security.AccessController.doPrivileged(AccessController.java:569)
	at io.netty.util.internal.SocketUtils.connect(SocketUtils.java:88)
	at io.netty.channel.socket.nio.NioSocketChannel.doConnect(NioSocketChannel.java:322)
	at io.netty.channel.nio.AbstractNioChannel$AbstractNioUnsafe.connect(AbstractNioChannel.java:250)
	at io.netty.channel.DefaultChannelPipeline$HeadContext.connect(DefaultChannelPipeline.java:1342)
	at io.netty.channel.AbstractChannelHandlerContext.invokeConnect(AbstractChannelHandlerContext.java:655)
	at io.netty.channel.AbstractChannelHandlerContext.connect(AbstractChannelHandlerContext.java:634)
	at io.netty.channel.AbstractChannelHandlerContext.connect(AbstractChannelHandlerContext.java:618)
	at io.netty.channel.DefaultChannelPipeline.connect(DefaultChannelPipeline.java:978)
	at io.netty.channel.AbstractChannel.connect(AbstractChannel.java:265)
	at io.netty.bootstrap.Bootstrap$3.run(Bootstrap.java:264)
	at io.netty.util.concurrent.AbstractEventExecutor.runTask(AbstractEventExecutor.java:173)
	at io.netty.util.concurrent.AbstractEventExecutor.safeExecute(AbstractEventExecutor.java:166)
	at io.netty.util.concurrent.SingleThreadEventExecutor.runAllTasks(SingleThreadEventExecutor.java:470)
	at io.netty.channel.nio.NioEventLoop.run(NioEventLoop.java:569)
	at io.netty.util.concurrent.SingleThreadEventExecutor$4.run(SingleThreadEventExecutor.java:997)
	at io.netty.util.internal.ThreadExecutorMap$2.run(ThreadExecutorMap.java:74)
	at io.netty.util.concurrent.FastThreadLocalRunnable.run(FastThreadLocalRunnable.java:30)
	at java.base/java.lang.Thread.run(Thread.java:842)
2025-12-24 18:10:38.387 [lettuce-eventExecutorLoop-1-6] INFO  i.l.core.protocol.ConnectionWatchdog - Reconnecting, last destination was 192.168.101.128/<unresolved>:6379
2025-12-24 18:10:38.389 [lettuce-nioEventLoop-4-1] WARN  i.l.core.protocol.ConnectionWatchdog - Cannot reconnect to [192.168.101.128/<unresolved>:6379]: Permission denied: connect: /192.168.101.128:6379
io.netty.channel.AbstractChannel$AnnotatedSocketException: Permission denied: connect: /192.168.101.128:6379
Caused by: java.net.SocketException: Permission denied: connect
	at java.base/sun.nio.ch.Net.connect0(Native Method)
	at java.base/sun.nio.ch.Net.connect(Net.java:579)
	at java.base/sun.nio.ch.Net.connect(Net.java:586)
	at java.base/sun.nio.ch.SocketChannelImpl.connect(SocketChannelImpl.java:853)
	at io.netty.util.internal.SocketUtils$3.run(SocketUtils.java:91)
	at io.netty.util.internal.SocketUtils$3.run(SocketUtils.java:88)
	at java.base/java.security.AccessController.doPrivileged(AccessController.java:569)
	at io.netty.util.internal.SocketUtils.connect(SocketUtils.java:88)
	at io.netty.channel.socket.nio.NioSocketChannel.doConnect(NioSocketChannel.java:322)
	at io.netty.channel.nio.AbstractNioChannel$AbstractNioUnsafe.connect(AbstractNioChannel.java:250)
	at io.netty.channel.DefaultChannelPipeline$HeadContext.connect(DefaultChannelPipeline.java:1342)
	at io.netty.channel.AbstractChannelHandlerContext.invokeConnect(AbstractChannelHandlerContext.java:655)
	at io.netty.channel.AbstractChannelHandlerContext.connect(AbstractChannelHandlerContext.java:634)
	at io.netty.channel.AbstractChannelHandlerContext.connect(AbstractChannelHandlerContext.java:618)
	at io.netty.channel.DefaultChannelPipeline.connect(DefaultChannelPipeline.java:978)
	at io.netty.channel.AbstractChannel.connect(AbstractChannel.java:265)
	at io.netty.bootstrap.Bootstrap$3.run(Bootstrap.java:264)
	at io.netty.util.concurrent.AbstractEventExecutor.runTask(AbstractEventExecutor.java:173)
	at io.netty.util.concurrent.AbstractEventExecutor.safeExecute(AbstractEventExecutor.java:166)
	at io.netty.util.concurrent.SingleThreadEventExecutor.runAllTasks(SingleThreadEventExecutor.java:470)
	at io.netty.channel.nio.NioEventLoop.run(NioEventLoop.java:569)
	at io.netty.util.concurrent.SingleThreadEventExecutor$4.run(SingleThreadEventExecutor.java:997)
	at io.netty.util.internal.ThreadExecutorMap$2.run(ThreadExecutorMap.java:74)
	at io.netty.util.concurrent.FastThreadLocalRunnable.run(FastThreadLocalRunnable.java:30)
	at java.base/java.lang.Thread.run(Thread.java:842)
2025-12-24 18:11:08.489 [lettuce-eventExecutorLoop-1-1] INFO  i.l.core.protocol.ConnectionWatchdog - Reconnecting, last destination was 192.168.101.128/<unresolved>:6379
2025-12-24 18:11:08.492 [lettuce-nioEventLoop-4-2] WARN  i.l.core.protocol.ConnectionWatchdog - Cannot reconnect to [192.168.101.128/<unresolved>:6379]: Permission denied: connect: /192.168.101.128:6379
io.netty.channel.AbstractChannel$AnnotatedSocketException: Permission denied: connect: /192.168.101.128:6379
Caused by: java.net.SocketException: Permission denied: connect
	at java.base/sun.nio.ch.Net.connect0(Native Method)
	at java.base/sun.nio.ch.Net.connect(Net.java:579)
	at java.base/sun.nio.ch.Net.connect(Net.java:586)
	at java.base/sun.nio.ch.SocketChannelImpl.connect(SocketChannelImpl.java:853)
	at io.netty.util.internal.SocketUtils$3.run(SocketUtils.java:91)
	at io.netty.util.internal.SocketUtils$3.run(SocketUtils.java:88)
	at java.base/java.security.AccessController.doPrivileged(AccessController.java:569)
	at io.netty.util.internal.SocketUtils.connect(SocketUtils.java:88)
	at io.netty.channel.socket.nio.NioSocketChannel.doConnect(NioSocketChannel.java:322)
	at io.netty.channel.nio.AbstractNioChannel$AbstractNioUnsafe.connect(AbstractNioChannel.java:250)
	at io.netty.channel.DefaultChannelPipeline$HeadContext.connect(DefaultChannelPipeline.java:1342)
	at io.netty.channel.AbstractChannelHandlerContext.invokeConnect(AbstractChannelHandlerContext.java:655)
	at io.netty.channel.AbstractChannelHandlerContext.connect(AbstractChannelHandlerContext.java:634)
	at io.netty.channel.AbstractChannelHandlerContext.connect(AbstractChannelHandlerContext.java:618)
	at io.netty.channel.DefaultChannelPipeline.connect(DefaultChannelPipeline.java:978)
	at io.netty.channel.AbstractChannel.connect(AbstractChannel.java:265)
	at io.netty.bootstrap.Bootstrap$3.run(Bootstrap.java:264)
	at io.netty.util.concurrent.AbstractEventExecutor.runTask(AbstractEventExecutor.java:173)
	at io.netty.util.concurrent.AbstractEventExecutor.safeExecute(AbstractEventExecutor.java:166)
	at io.netty.util.concurrent.SingleThreadEventExecutor.runAllTasks(SingleThreadEventExecutor.java:470)
	at io.netty.channel.nio.NioEventLoop.run(NioEventLoop.java:569)
	at io.netty.util.concurrent.SingleThreadEventExecutor$4.run(SingleThreadEventExecutor.java:997)
	at io.netty.util.internal.ThreadExecutorMap$2.run(ThreadExecutorMap.java:74)
	at io.netty.util.concurrent.FastThreadLocalRunnable.run(FastThreadLocalRunnable.java:30)
	at java.base/java.lang.Thread.run(Thread.java:842)
2025-12-24 18:11:38.588 [lettuce-eventExecutorLoop-1-2] INFO  i.l.core.protocol.ConnectionWatchdog - Reconnecting, last destination was 192.168.101.128/<unresolved>:6379
2025-12-24 18:11:38.590 [lettuce-nioEventLoop-4-3] WARN  i.l.core.protocol.ConnectionWatchdog - Cannot reconnect to [192.168.101.128/<unresolved>:6379]: Permission denied: connect: /192.168.101.128:6379
io.netty.channel.AbstractChannel$AnnotatedSocketException: Permission denied: connect: /192.168.101.128:6379
Caused by: java.net.SocketException: Permission denied: connect
	at java.base/sun.nio.ch.Net.connect0(Native Method)
	at java.base/sun.nio.ch.Net.connect(Net.java:579)
	at java.base/sun.nio.ch.Net.connect(Net.java:586)
	at java.base/sun.nio.ch.SocketChannelImpl.connect(SocketChannelImpl.java:853)
	at io.netty.util.internal.SocketUtils$3.run(SocketUtils.java:91)
	at io.netty.util.internal.SocketUtils$3.run(SocketUtils.java:88)
	at java.base/java.security.AccessController.doPrivileged(AccessController.java:569)
	at io.netty.util.internal.SocketUtils.connect(SocketUtils.java:88)
	at io.netty.channel.socket.nio.NioSocketChannel.doConnect(NioSocketChannel.java:322)
	at io.netty.channel.nio.AbstractNioChannel$AbstractNioUnsafe.connect(AbstractNioChannel.java:250)
	at io.netty.channel.DefaultChannelPipeline$HeadContext.connect(DefaultChannelPipeline.java:1342)
	at io.netty.channel.AbstractChannelHandlerContext.invokeConnect(AbstractChannelHandlerContext.java:655)
	at io.netty.channel.AbstractChannelHandlerContext.connect(AbstractChannelHandlerContext.java:634)
	at io.netty.channel.AbstractChannelHandlerContext.connect(AbstractChannelHandlerContext.java:618)
	at io.netty.channel.DefaultChannelPipeline.connect(DefaultChannelPipeline.java:978)
	at io.netty.channel.AbstractChannel.connect(AbstractChannel.java:265)
	at io.netty.bootstrap.Bootstrap$3.run(Bootstrap.java:264)
	at io.netty.util.concurrent.AbstractEventExecutor.runTask(AbstractEventExecutor.java:173)
	at io.netty.util.concurrent.AbstractEventExecutor.safeExecute(AbstractEventExecutor.java:166)
	at io.netty.util.concurrent.SingleThreadEventExecutor.runAllTasks(SingleThreadEventExecutor.java:470)
	at io.netty.channel.nio.NioEventLoop.run(NioEventLoop.java:569)
	at io.netty.util.concurrent.SingleThreadEventExecutor$4.run(SingleThreadEventExecutor.java:997)
	at io.netty.util.internal.ThreadExecutorMap$2.run(ThreadExecutorMap.java:74)
	at io.netty.util.concurrent.FastThreadLocalRunnable.run(FastThreadLocalRunnable.java:30)
	at java.base/java.lang.Thread.run(Thread.java:842)
2025-12-24 20:21:53.395 [main] INFO  c.a.n.client.logging.NacosLogging - Nacos Logging Adapter Builder: com.alibaba.nacos.logger.adapter.logback12.LogbackNacosLoggingAdapterBuilder
2025-12-24 20:21:53.404 [main] INFO  c.a.n.client.logging.NacosLogging - Nacos Logging Adapter Builder: com.alibaba.nacos.logger.adapter.logback14.LogbackNacosLoggingAdapterBuilder
2025-12-24 20:21:53.406 [main] INFO  c.a.n.client.logging.NacosLogging - Nacos Logging Adapter: com.alibaba.nacos.logger.adapter.logback14.LogbackNacosLoggingAdapter match ch.qos.logback.classic.Logger success.
2025-12-24 20:21:53.425 [main] INFO  c.a.n.client.logging.NacosLogging - Nacos Logging Adapter Builder: com.alibaba.nacos.logger.adapter.log4j2.Log4j2NacosLoggingAdapterBuilder
2025-12-24 20:21:53.442 [background-preinit] INFO  o.h.validator.internal.util.Version - HV000001: Hibernate Validator 8.0.1.Final
2025-12-24 20:21:53.777 [main] INFO  jh.exp.gateway.GatewayApplication - Starting GatewayApplication using Java 17.0.12 with PID 33704 (D:\ieda_deta\exp_v2\exp-gateway\exp-gateway-service\target\classes started by Administrator in D:\ieda_deta\exp_v2)
2025-12-24 20:21:53.779 [main] INFO  jh.exp.gateway.GatewayApplication - No active profile set, falling back to 1 default profile: "default"
2025-12-24 20:21:56.761 [main] INFO  o.s.d.r.c.RepositoryConfigurationDelegate - Multiple Spring Data modules found, entering strict repository configuration mode
2025-12-24 20:21:56.773 [main] INFO  o.s.d.r.c.RepositoryConfigurationDelegate - Bootstrapping Spring Data Redis repositories in DEFAULT mode.
2025-12-24 20:21:56.865 [main] INFO  o.s.d.r.c.RepositoryConfigurationDelegate - Finished Spring Data repository scanning in 44 ms. Found 0 Redis repository interfaces.
2025-12-24 20:21:57.552 [main] INFO  o.s.cloud.context.scope.GenericScope - BeanFactory id=7e6e0df0-e3ba-3e0b-bf3a-2ad4627fb87b
2025-12-24 20:21:57.815 [main] WARN  o.s.c.s.PostProcessorRegistrationDelegate$BeanPostProcessorChecker - Bean 'org.springframework.cloud.client.loadbalancer.LoadBalancerAutoConfiguration$DeferringLoadBalancerInterceptorConfig' of type [org.springframework.cloud.client.loadbalancer.LoadBalancerAutoConfiguration$DeferringLoadBalancerInterceptorConfig] is not eligible for getting processed by all BeanPostProcessors (for example: not eligible for auto-proxying). The currently created BeanPostProcessor [lbRestClientPostProcessor] is declared through a non-static factory method on that class; consider declaring it as static instead.
2025-12-24 20:21:57.820 [main] WARN  o.s.c.s.PostProcessorRegistrationDelegate$BeanPostProcessorChecker - Bean 'deferringLoadBalancerInterceptor' of type [org.springframework.cloud.client.loadbalancer.DeferringLoadBalancerInterceptor] is not eligible for getting processed by all BeanPostProcessors (for example: not eligible for auto-proxying). Is this bean getting eagerly injected into a currently created BeanPostProcessor [lbRestClientPostProcessor]? Check the corresponding BeanPostProcessor declaration and its dependencies.
2025-12-24 20:21:57.823 [main] WARN  o.s.c.s.PostProcessorRegistrationDelegate$BeanPostProcessorChecker - Bean 'org.springframework.cloud.client.loadbalancer.reactive.LoadBalancerBeanPostProcessorAutoConfiguration' of type [org.springframework.cloud.client.loadbalancer.reactive.LoadBalancerBeanPostProcessorAutoConfiguration] is not eligible for getting processed by all BeanPostProcessors (for example: not eligible for auto-proxying). The currently created BeanPostProcessor [loadBalancerWebClientBuilderBeanPostProcessor] is declared through a non-static factory method on that class; consider declaring it as static instead.
2025-12-24 20:21:57.824 [main] WARN  o.s.c.s.PostProcessorRegistrationDelegate$BeanPostProcessorChecker - Bean 'org.springframework.cloud.client.loadbalancer.reactive.LoadBalancerBeanPostProcessorAutoConfiguration$ReactorDeferringLoadBalancerFilterConfig' of type [org.springframework.cloud.client.loadbalancer.reactive.LoadBalancerBeanPostProcessorAutoConfiguration$ReactorDeferringLoadBalancerFilterConfig] is not eligible for getting processed by all BeanPostProcessors (for example: not eligible for auto-proxying). Is this bean getting eagerly injected into a currently created BeanPostProcessor [loadBalancerWebClientBuilderBeanPostProcessor]? Check the corresponding BeanPostProcessor declaration and its dependencies.
2025-12-24 20:21:57.826 [main] WARN  o.s.c.s.PostProcessorRegistrationDelegate$BeanPostProcessorChecker - Bean 'reactorDeferringLoadBalancerExchangeFilterFunction' of type [org.springframework.cloud.client.loadbalancer.reactive.DeferringLoadBalancerExchangeFilterFunction] is not eligible for getting processed by all BeanPostProcessors (for example: not eligible for auto-proxying). Is this bean getting eagerly injected into a currently created BeanPostProcessor [loadBalancerWebClientBuilderBeanPostProcessor]? Check the corresponding BeanPostProcessor declaration and its dependencies.
2025-12-24 20:21:58.446 [main] INFO  o.s.b.w.e.tomcat.TomcatWebServer - Tomcat initialized with port 9000 (http)
2025-12-24 20:21:58.469 [main] INFO  o.a.coyote.http11.Http11NioProtocol - Initializing ProtocolHandler ["http-nio-9000"]
2025-12-24 20:21:58.475 [main] INFO  o.a.catalina.core.StandardService - Starting service [Tomcat]
2025-12-24 20:21:58.475 [main] INFO  o.a.catalina.core.StandardEngine - Starting Servlet engine: [Apache Tomcat/10.1.20]
2025-12-24 20:22:05.070 [main] INFO  o.s.c.g.r.RouteDefinitionRouteLocator - Loaded RoutePredicateFactory [After]
2025-12-24 20:22:05.071 [main] INFO  o.s.c.g.r.RouteDefinitionRouteLocator - Loaded RoutePredicateFactory [Before]
2025-12-24 20:22:05.071 [main] INFO  o.s.c.g.r.RouteDefinitionRouteLocator - Loaded RoutePredicateFactory [Between]
2025-12-24 20:22:05.071 [main] INFO  o.s.c.g.r.RouteDefinitionRouteLocator - Loaded RoutePredicateFactory [Cookie]
2025-12-24 20:22:05.071 [main] INFO  o.s.c.g.r.RouteDefinitionRouteLocator - Loaded RoutePredicateFactory [Header]
2025-12-24 20:22:05.071 [main] INFO  o.s.c.g.r.RouteDefinitionRouteLocator - Loaded RoutePredicateFactory [Host]
2025-12-24 20:22:05.071 [main] INFO  o.s.c.g.r.RouteDefinitionRouteLocator - Loaded RoutePredicateFactory [Method]
2025-12-24 20:22:05.071 [main] INFO  o.s.c.g.r.RouteDefinitionRouteLocator - Loaded RoutePredicateFactory [Path]
2025-12-24 20:22:05.071 [main] INFO  o.s.c.g.r.RouteDefinitionRouteLocator - Loaded RoutePredicateFactory [Query]
2025-12-24 20:22:05.071 [main] INFO  o.s.c.g.r.RouteDefinitionRouteLocator - Loaded RoutePredicateFactory [ReadBody]
2025-12-24 20:22:05.071 [main] INFO  o.s.c.g.r.RouteDefinitionRouteLocator - Loaded RoutePredicateFactory [RemoteAddr]
2025-12-24 20:22:05.072 [main] INFO  o.s.c.g.r.RouteDefinitionRouteLocator - Loaded RoutePredicateFactory [XForwardedRemoteAddr]
2025-12-24 20:22:05.072 [main] INFO  o.s.c.g.r.RouteDefinitionRouteLocator - Loaded RoutePredicateFactory [Weight]
2025-12-24 20:22:05.072 [main] INFO  o.s.c.g.r.RouteDefinitionRouteLocator - Loaded RoutePredicateFactory [CloudFoundryRouteService]
2025-12-24 20:22:07.001 [main] INFO  o.s.b.a.s.r.ReactiveUserDetailsServiceAutoConfiguration - 

Using generated security password: 71587fcb-91df-4c46-a1ac-9c2603fb03b5

2025-12-24 20:22:07.119 [main] WARN  o.s.c.l.c.LoadBalancerCacheAutoConfiguration$LoadBalancerCaffeineWarnLogger - Spring Cloud LoadBalancer is currently working with the default cache. While this cache implementation is useful for development and tests, it's recommended to use Caffeine cache in production.You can switch to using Caffeine cache, by adding it and org.springframework.cache.caffeine.CaffeineCacheManager to the classpath.
2025-12-24 20:22:07.269 [main] INFO  o.a.coyote.http11.Http11NioProtocol - Starting ProtocolHandler ["http-nio-9000"]
2025-12-24 20:22:07.383 [main] INFO  o.s.b.w.e.tomcat.TomcatWebServer - Tomcat started on port 9000 (http) with context path ''
2025-12-24 20:22:09.039 [main] INFO  c.a.n.p.a.s.c.ClientAuthPluginManager - [ClientAuthPluginManager] Load ClientAuthService com.alibaba.nacos.client.auth.impl.NacosClientAuthServiceImpl success.
2025-12-24 20:22:09.039 [main] INFO  c.a.n.p.a.s.c.ClientAuthPluginManager - [ClientAuthPluginManager] Load ClientAuthService com.alibaba.nacos.client.auth.ram.RamClientAuthServiceImpl success.
2025-12-24 20:22:23.262 [main] ERROR c.a.c.n.r.NacosServiceRegistry - nacos registry, exp-gateway register failed...NacosRegistration{nacosDiscoveryProperties=NacosDiscoveryProperties{serverAddr='null', username='******', password='******', endpoint='null', namespace='null', watchDelay=30000, logName='null', service='null', weight=1.0, clusterName='null', group='DEFAULT_GROUP', namingLoadCacheAtStart='false', metadata={}, registerEnabled=true, ip='null', networkInterface='', port=-1, secure=false, accessKey='null', secretKey='null', heartBeatInterval=null, heartBeatTimeout=null, ipDeleteTimeout=null, instanceEnabled=true, ephemeral=true, failureToleranceEnabled=false}, ipDeleteTimeout=null, failFast=true}},
com.alibaba.nacos.api.exception.NacosException: Client not connected, current status:STARTING
	at com.alibaba.nacos.common.remote.client.RpcClient.request(RpcClient.java:645)
	at com.alibaba.nacos.common.remote.client.RpcClient.request(RpcClient.java:624)
	at com.alibaba.nacos.client.naming.remote.gprc.NamingGrpcClientProxy.requestToServer(NamingGrpcClientProxy.java:447)
	at com.alibaba.nacos.client.naming.remote.gprc.NamingGrpcClientProxy.doRegisterService(NamingGrpcClientProxy.java:250)
	at com.alibaba.nacos.client.naming.remote.gprc.NamingGrpcClientProxy.registerServiceForEphemeral(NamingGrpcClientProxy.java:145)
	at com.alibaba.nacos.client.naming.remote.gprc.NamingGrpcClientProxy.registerService(NamingGrpcClientProxy.java:136)
	at com.alibaba.nacos.client.naming.remote.NamingClientProxyDelegate.registerService(NamingClientProxyDelegate.java:95)
	at com.alibaba.nacos.client.naming.NacosNamingService.registerInstance(NacosNamingService.java:158)
	at com.alibaba.cloud.nacos.registry.NacosServiceRegistry.register(NacosServiceRegistry.java:75)
	at org.springframework.cloud.client.serviceregistry.AbstractAutoServiceRegistration.register(AbstractAutoServiceRegistration.java:264)
	at com.alibaba.cloud.nacos.registry.NacosAutoServiceRegistration.register(NacosAutoServiceRegistration.java:81)
	at org.springframework.cloud.client.serviceregistry.AbstractAutoServiceRegistration.start(AbstractAutoServiceRegistration.java:156)
	at org.springframework.cloud.client.serviceregistry.AbstractAutoServiceRegistration.onApplicationEvent(AbstractAutoServiceRegistration.java:119)
	at org.springframework.cloud.client.serviceregistry.AbstractAutoServiceRegistration.onApplicationEvent(AbstractAutoServiceRegistration.java:49)
	at org.springframework.context.event.SimpleApplicationEventMulticaster.doInvokeListener(SimpleApplicationEventMulticaster.java:185)
	at org.springframework.context.event.SimpleApplicationEventMulticaster.invokeListener(SimpleApplicationEventMulticaster.java:178)
	at org.springframework.context.event.SimpleApplicationEventMulticaster.multicastEvent(SimpleApplicationEventMulticaster.java:156)
	at org.springframework.context.support.AbstractApplicationContext.publishEvent(AbstractApplicationContext.java:451)
	at org.springframework.context.support.AbstractApplicationContext.publishEvent(AbstractApplicationContext.java:384)
	at org.springframework.boot.web.reactive.context.WebServerManager.start(WebServerManager.java:57)
	at org.springframework.boot.web.reactive.context.WebServerStartStopLifecycle.start(WebServerStartStopLifecycle.java:41)
	at org.springframework.context.support.DefaultLifecycleProcessor.doStart(DefaultLifecycleProcessor.java:288)
	at org.springframework.context.support.DefaultLifecycleProcessor$LifecycleGroup.start(DefaultLifecycleProcessor.java:471)
	at java.base/java.lang.Iterable.forEach(Iterable.java:75)
	at org.springframework.context.support.DefaultLifecycleProcessor.startBeans(DefaultLifecycleProcessor.java:260)
	at org.springframework.context.support.DefaultLifecycleProcessor.onRefresh(DefaultLifecycleProcessor.java:205)
	at org.springframework.context.support.AbstractApplicationContext.finishRefresh(AbstractApplicationContext.java:981)
	at org.springframework.context.support.AbstractApplicationContext.refresh(AbstractApplicationContext.java:627)
	at org.springframework.boot.web.reactive.context.ReactiveWebServerApplicationContext.refresh(ReactiveWebServerApplicationContext.java:66)
	at org.springframework.boot.SpringApplication.refresh(SpringApplication.java:754)
	at org.springframework.boot.SpringApplication.refreshContext(SpringApplication.java:456)
	at org.springframework.boot.SpringApplication.run(SpringApplication.java:334)
	at org.springframework.boot.SpringApplication.run(SpringApplication.java:1354)
	at org.springframework.boot.SpringApplication.run(SpringApplication.java:1343)
	at jh.exp.gateway.GatewayApplication.main(GatewayApplication.java:14)
2025-12-24 20:22:23.289 [main] WARN  o.s.b.w.r.c.AnnotationConfigReactiveWebServerApplicationContext - Exception encountered during context initialization - cancelling refresh attempt: org.springframework.context.ApplicationContextException: Failed to start bean 'webServerStartStop'
2025-12-24 20:22:23.342 [main] INFO  o.s.b.a.l.ConditionEvaluationReportLogger - 

Error starting ApplicationContext. To display the condition evaluation report re-run your application with 'debug' enabled.
2025-12-24 20:22:23.379 [main] ERROR o.s.boot.SpringApplication - Application run failed
org.springframework.context.ApplicationContextException: Failed to start bean 'webServerStartStop'
	at org.springframework.context.support.DefaultLifecycleProcessor.doStart(DefaultLifecycleProcessor.java:291)
	at org.springframework.context.support.DefaultLifecycleProcessor$LifecycleGroup.start(DefaultLifecycleProcessor.java:471)
	at java.base/java.lang.Iterable.forEach(Iterable.java:75)
	at org.springframework.context.support.DefaultLifecycleProcessor.startBeans(DefaultLifecycleProcessor.java:260)
	at org.springframework.context.support.DefaultLifecycleProcessor.onRefresh(DefaultLifecycleProcessor.java:205)
	at org.springframework.context.support.AbstractApplicationContext.finishRefresh(AbstractApplicationContext.java:981)
	at org.springframework.context.support.AbstractApplicationContext.refresh(AbstractApplicationContext.java:627)
	at org.springframework.boot.web.reactive.context.ReactiveWebServerApplicationContext.refresh(ReactiveWebServerApplicationContext.java:66)
	at org.springframework.boot.SpringApplication.refresh(SpringApplication.java:754)
	at org.springframework.boot.SpringApplication.refreshContext(SpringApplication.java:456)
	at org.springframework.boot.SpringApplication.run(SpringApplication.java:334)
	at org.springframework.boot.SpringApplication.run(SpringApplication.java:1354)
	at org.springframework.boot.SpringApplication.run(SpringApplication.java:1343)
	at jh.exp.gateway.GatewayApplication.main(GatewayApplication.java:14)
Caused by: java.lang.reflect.UndeclaredThrowableException: null
	at org.springframework.util.ReflectionUtils.rethrowRuntimeException(ReflectionUtils.java:147)
	at com.alibaba.cloud.nacos.registry.NacosServiceRegistry.register(NacosServiceRegistry.java:83)
	at org.springframework.cloud.client.serviceregistry.AbstractAutoServiceRegistration.register(AbstractAutoServiceRegistration.java:264)
	at com.alibaba.cloud.nacos.registry.NacosAutoServiceRegistration.register(NacosAutoServiceRegistration.java:81)
	at org.springframework.cloud.client.serviceregistry.AbstractAutoServiceRegistration.start(AbstractAutoServiceRegistration.java:156)
	at org.springframework.cloud.client.serviceregistry.AbstractAutoServiceRegistration.onApplicationEvent(AbstractAutoServiceRegistration.java:119)
	at org.springframework.cloud.client.serviceregistry.AbstractAutoServiceRegistration.onApplicationEvent(AbstractAutoServiceRegistration.java:49)
	at org.springframework.context.event.SimpleApplicationEventMulticaster.doInvokeListener(SimpleApplicationEventMulticaster.java:185)
	at org.springframework.context.event.SimpleApplicationEventMulticaster.invokeListener(SimpleApplicationEventMulticaster.java:178)
	at org.springframework.context.event.SimpleApplicationEventMulticaster.multicastEvent(SimpleApplicationEventMulticaster.java:156)
	at org.springframework.context.support.AbstractApplicationContext.publishEvent(AbstractApplicationContext.java:451)
	at org.springframework.context.support.AbstractApplicationContext.publishEvent(AbstractApplicationContext.java:384)
	at org.springframework.boot.web.reactive.context.WebServerManager.start(WebServerManager.java:57)
	at org.springframework.boot.web.reactive.context.WebServerStartStopLifecycle.start(WebServerStartStopLifecycle.java:41)
	at org.springframework.context.support.DefaultLifecycleProcessor.doStart(DefaultLifecycleProcessor.java:288)
	... 13 common frames omitted
Caused by: com.alibaba.nacos.api.exception.NacosException: Client not connected, current status:STARTING
	at com.alibaba.nacos.common.remote.client.RpcClient.request(RpcClient.java:645)
	at com.alibaba.nacos.common.remote.client.RpcClient.request(RpcClient.java:624)
	at com.alibaba.nacos.client.naming.remote.gprc.NamingGrpcClientProxy.requestToServer(NamingGrpcClientProxy.java:447)
	at com.alibaba.nacos.client.naming.remote.gprc.NamingGrpcClientProxy.doRegisterService(NamingGrpcClientProxy.java:250)
	at com.alibaba.nacos.client.naming.remote.gprc.NamingGrpcClientProxy.registerServiceForEphemeral(NamingGrpcClientProxy.java:145)
	at com.alibaba.nacos.client.naming.remote.gprc.NamingGrpcClientProxy.registerService(NamingGrpcClientProxy.java:136)
	at com.alibaba.nacos.client.naming.remote.NamingClientProxyDelegate.registerService(NamingClientProxyDelegate.java:95)
	at com.alibaba.nacos.client.naming.NacosNamingService.registerInstance(NacosNamingService.java:158)
	at com.alibaba.cloud.nacos.registry.NacosServiceRegistry.register(NacosServiceRegistry.java:75)
	... 26 common frames omitted
2025-12-24 20:24:53.369 [idle-monitor-exp-gateway] INFO  SERVICE_IDLE_MONITOR - ====== [SERVICE_IDLE] [exp-gateway] 系统已进入休眠，等待激活 ======
2025-12-24 20:26:50.557 [Thread-17] WARN  c.a.nacos.common.notify.NotifyCenter - [NotifyCenter] Start destroying Publisher
2025-12-24 20:26:50.557 [Thread-19] WARN  c.a.n.c.http.HttpClientBeanHolder - [HttpClientBeanHolder] Start destroying common HttpClient
2025-12-24 20:26:50.557 [Thread-17] WARN  c.a.nacos.common.notify.NotifyCenter - [NotifyCenter] Destruction of the end
2025-12-24 20:26:50.557 [Thread-2] WARN  c.a.n.c.executor.ThreadPoolManager - [ThreadPoolManager] Start destroying ThreadPool
2025-12-24 20:26:50.557 [Thread-2] WARN  c.a.n.c.executor.ThreadPoolManager - [ThreadPoolManager] Destruction of the end
2025-12-24 20:26:50.557 [Thread-19] WARN  c.a.n.c.http.HttpClientBeanHolder - [HttpClientBeanHolder] Destruction of the end
2025-12-24 20:27:01.389 [main] INFO  c.a.n.client.logging.NacosLogging - Nacos Logging Adapter Builder: com.alibaba.nacos.logger.adapter.logback12.LogbackNacosLoggingAdapterBuilder
2025-12-24 20:27:01.396 [main] INFO  c.a.n.client.logging.NacosLogging - Nacos Logging Adapter Builder: com.alibaba.nacos.logger.adapter.logback14.LogbackNacosLoggingAdapterBuilder
2025-12-24 20:27:01.398 [main] INFO  c.a.n.client.logging.NacosLogging - Nacos Logging Adapter: com.alibaba.nacos.logger.adapter.logback14.LogbackNacosLoggingAdapter match ch.qos.logback.classic.Logger success.
2025-12-24 20:27:01.413 [main] INFO  c.a.n.client.logging.NacosLogging - Nacos Logging Adapter Builder: com.alibaba.nacos.logger.adapter.log4j2.Log4j2NacosLoggingAdapterBuilder
2025-12-24 20:27:01.429 [background-preinit] INFO  o.h.validator.internal.util.Version - HV000001: Hibernate Validator 8.0.1.Final
2025-12-24 20:27:01.678 [main] INFO  jh.exp.gateway.GatewayApplication - Starting GatewayApplication using Java 17.0.12 with PID 9840 (D:\ieda_deta\exp_v2\exp-gateway\exp-gateway-service\target\classes started by Administrator in D:\ieda_deta\exp_v2)
2025-12-24 20:27:01.681 [main] INFO  jh.exp.gateway.GatewayApplication - No active profile set, falling back to 1 default profile: "default"
2025-12-24 20:27:04.044 [main] INFO  o.s.d.r.c.RepositoryConfigurationDelegate - Multiple Spring Data modules found, entering strict repository configuration mode
2025-12-24 20:27:04.052 [main] INFO  o.s.d.r.c.RepositoryConfigurationDelegate - Bootstrapping Spring Data Redis repositories in DEFAULT mode.
2025-12-24 20:27:04.157 [main] INFO  o.s.d.r.c.RepositoryConfigurationDelegate - Finished Spring Data repository scanning in 41 ms. Found 0 Redis repository interfaces.
2025-12-24 20:27:04.726 [main] INFO  o.s.cloud.context.scope.GenericScope - BeanFactory id=7e6e0df0-e3ba-3e0b-bf3a-2ad4627fb87b
2025-12-24 20:27:04.967 [main] WARN  o.s.c.s.PostProcessorRegistrationDelegate$BeanPostProcessorChecker - Bean 'org.springframework.cloud.client.loadbalancer.LoadBalancerAutoConfiguration$DeferringLoadBalancerInterceptorConfig' of type [org.springframework.cloud.client.loadbalancer.LoadBalancerAutoConfiguration$DeferringLoadBalancerInterceptorConfig] is not eligible for getting processed by all BeanPostProcessors (for example: not eligible for auto-proxying). The currently created BeanPostProcessor [lbRestClientPostProcessor] is declared through a non-static factory method on that class; consider declaring it as static instead.
2025-12-24 20:27:04.971 [main] WARN  o.s.c.s.PostProcessorRegistrationDelegate$BeanPostProcessorChecker - Bean 'deferringLoadBalancerInterceptor' of type [org.springframework.cloud.client.loadbalancer.DeferringLoadBalancerInterceptor] is not eligible for getting processed by all BeanPostProcessors (for example: not eligible for auto-proxying). Is this bean getting eagerly injected into a currently created BeanPostProcessor [lbRestClientPostProcessor]? Check the corresponding BeanPostProcessor declaration and its dependencies.
2025-12-24 20:27:04.973 [main] WARN  o.s.c.s.PostProcessorRegistrationDelegate$BeanPostProcessorChecker - Bean 'org.springframework.cloud.client.loadbalancer.reactive.LoadBalancerBeanPostProcessorAutoConfiguration' of type [org.springframework.cloud.client.loadbalancer.reactive.LoadBalancerBeanPostProcessorAutoConfiguration] is not eligible for getting processed by all BeanPostProcessors (for example: not eligible for auto-proxying). The currently created BeanPostProcessor [loadBalancerWebClientBuilderBeanPostProcessor] is declared through a non-static factory method on that class; consider declaring it as static instead.
2025-12-24 20:27:04.975 [main] WARN  o.s.c.s.PostProcessorRegistrationDelegate$BeanPostProcessorChecker - Bean 'org.springframework.cloud.client.loadbalancer.reactive.LoadBalancerBeanPostProcessorAutoConfiguration$ReactorDeferringLoadBalancerFilterConfig' of type [org.springframework.cloud.client.loadbalancer.reactive.LoadBalancerBeanPostProcessorAutoConfiguration$ReactorDeferringLoadBalancerFilterConfig] is not eligible for getting processed by all BeanPostProcessors (for example: not eligible for auto-proxying). Is this bean getting eagerly injected into a currently created BeanPostProcessor [loadBalancerWebClientBuilderBeanPostProcessor]? Check the corresponding BeanPostProcessor declaration and its dependencies.
2025-12-24 20:27:04.979 [main] WARN  o.s.c.s.PostProcessorRegistrationDelegate$BeanPostProcessorChecker - Bean 'reactorDeferringLoadBalancerExchangeFilterFunction' of type [org.springframework.cloud.client.loadbalancer.reactive.DeferringLoadBalancerExchangeFilterFunction] is not eligible for getting processed by all BeanPostProcessors (for example: not eligible for auto-proxying). Is this bean getting eagerly injected into a currently created BeanPostProcessor [loadBalancerWebClientBuilderBeanPostProcessor]? Check the corresponding BeanPostProcessor declaration and its dependencies.
2025-12-24 20:27:05.727 [main] INFO  o.s.b.w.e.tomcat.TomcatWebServer - Tomcat initialized with port 9000 (http)
2025-12-24 20:27:05.766 [main] INFO  o.a.coyote.http11.Http11NioProtocol - Initializing ProtocolHandler ["http-nio-9000"]
2025-12-24 20:27:05.772 [main] INFO  o.a.catalina.core.StandardService - Starting service [Tomcat]
2025-12-24 20:27:05.775 [main] INFO  o.a.catalina.core.StandardEngine - Starting Servlet engine: [Apache Tomcat/10.1.20]
2025-12-24 20:27:12.461 [main] INFO  o.s.c.g.r.RouteDefinitionRouteLocator - Loaded RoutePredicateFactory [After]
2025-12-24 20:27:12.461 [main] INFO  o.s.c.g.r.RouteDefinitionRouteLocator - Loaded RoutePredicateFactory [Before]
2025-12-24 20:27:12.461 [main] INFO  o.s.c.g.r.RouteDefinitionRouteLocator - Loaded RoutePredicateFactory [Between]
2025-12-24 20:27:12.461 [main] INFO  o.s.c.g.r.RouteDefinitionRouteLocator - Loaded RoutePredicateFactory [Cookie]
2025-12-24 20:27:12.461 [main] INFO  o.s.c.g.r.RouteDefinitionRouteLocator - Loaded RoutePredicateFactory [Header]
2025-12-24 20:27:12.461 [main] INFO  o.s.c.g.r.RouteDefinitionRouteLocator - Loaded RoutePredicateFactory [Host]
2025-12-24 20:27:12.461 [main] INFO  o.s.c.g.r.RouteDefinitionRouteLocator - Loaded RoutePredicateFactory [Method]
2025-12-24 20:27:12.461 [main] INFO  o.s.c.g.r.RouteDefinitionRouteLocator - Loaded RoutePredicateFactory [Path]
2025-12-24 20:27:12.462 [main] INFO  o.s.c.g.r.RouteDefinitionRouteLocator - Loaded RoutePredicateFactory [Query]
2025-12-24 20:27:12.462 [main] INFO  o.s.c.g.r.RouteDefinitionRouteLocator - Loaded RoutePredicateFactory [ReadBody]
2025-12-24 20:27:12.462 [main] INFO  o.s.c.g.r.RouteDefinitionRouteLocator - Loaded RoutePredicateFactory [RemoteAddr]
2025-12-24 20:27:12.462 [main] INFO  o.s.c.g.r.RouteDefinitionRouteLocator - Loaded RoutePredicateFactory [XForwardedRemoteAddr]
2025-12-24 20:27:12.462 [main] INFO  o.s.c.g.r.RouteDefinitionRouteLocator - Loaded RoutePredicateFactory [Weight]
2025-12-24 20:27:12.462 [main] INFO  o.s.c.g.r.RouteDefinitionRouteLocator - Loaded RoutePredicateFactory [CloudFoundryRouteService]
2025-12-24 20:27:14.218 [main] INFO  o.s.b.a.s.r.ReactiveUserDetailsServiceAutoConfiguration - 

Using generated security password: 5d08eb37-05b3-424a-9fe7-cb0b5f34ab71

2025-12-24 20:27:14.327 [main] WARN  o.s.c.l.c.LoadBalancerCacheAutoConfiguration$LoadBalancerCaffeineWarnLogger - Spring Cloud LoadBalancer is currently working with the default cache. While this cache implementation is useful for development and tests, it's recommended to use Caffeine cache in production.You can switch to using Caffeine cache, by adding it and org.springframework.cache.caffeine.CaffeineCacheManager to the classpath.
2025-12-24 20:27:14.462 [main] INFO  o.a.coyote.http11.Http11NioProtocol - Starting ProtocolHandler ["http-nio-9000"]
2025-12-24 20:27:14.658 [main] INFO  o.s.b.w.e.tomcat.TomcatWebServer - Tomcat started on port 9000 (http) with context path ''
2025-12-24 20:27:16.434 [main] INFO  c.a.n.p.a.s.c.ClientAuthPluginManager - [ClientAuthPluginManager] Load ClientAuthService com.alibaba.nacos.client.auth.impl.NacosClientAuthServiceImpl success.
2025-12-24 20:27:16.434 [main] INFO  c.a.n.p.a.s.c.ClientAuthPluginManager - [ClientAuthPluginManager] Load ClientAuthService com.alibaba.nacos.client.auth.ram.RamClientAuthServiceImpl success.
2025-12-24 20:27:25.123 [main] ERROR c.a.c.n.r.NacosServiceRegistry - nacos registry, exp-gateway register failed...NacosRegistration{nacosDiscoveryProperties=NacosDiscoveryProperties{serverAddr='null', username='******', password='******', endpoint='null', namespace='null', watchDelay=30000, logName='null', service='null', weight=1.0, clusterName='null', group='DEFAULT_GROUP', namingLoadCacheAtStart='false', metadata={}, registerEnabled=true, ip='null', networkInterface='', port=-1, secure=false, accessKey='null', secretKey='null', heartBeatInterval=null, heartBeatTimeout=null, ipDeleteTimeout=null, instanceEnabled=true, ephemeral=true, failureToleranceEnabled=false}, ipDeleteTimeout=null, failFast=true}},
com.alibaba.nacos.api.exception.NacosException: Client not connected, current status:STARTING
	at com.alibaba.nacos.common.remote.client.RpcClient.request(RpcClient.java:645)
	at com.alibaba.nacos.common.remote.client.RpcClient.request(RpcClient.java:624)
	at com.alibaba.nacos.client.naming.remote.gprc.NamingGrpcClientProxy.requestToServer(NamingGrpcClientProxy.java:447)
	at com.alibaba.nacos.client.naming.remote.gprc.NamingGrpcClientProxy.doRegisterService(NamingGrpcClientProxy.java:250)
	at com.alibaba.nacos.client.naming.remote.gprc.NamingGrpcClientProxy.registerServiceForEphemeral(NamingGrpcClientProxy.java:145)
	at com.alibaba.nacos.client.naming.remote.gprc.NamingGrpcClientProxy.registerService(NamingGrpcClientProxy.java:136)
	at com.alibaba.nacos.client.naming.remote.NamingClientProxyDelegate.registerService(NamingClientProxyDelegate.java:95)
	at com.alibaba.nacos.client.naming.NacosNamingService.registerInstance(NacosNamingService.java:158)
	at com.alibaba.cloud.nacos.registry.NacosServiceRegistry.register(NacosServiceRegistry.java:75)
	at org.springframework.cloud.client.serviceregistry.AbstractAutoServiceRegistration.register(AbstractAutoServiceRegistration.java:264)
	at com.alibaba.cloud.nacos.registry.NacosAutoServiceRegistration.register(NacosAutoServiceRegistration.java:81)
	at org.springframework.cloud.client.serviceregistry.AbstractAutoServiceRegistration.start(AbstractAutoServiceRegistration.java:156)
	at org.springframework.cloud.client.serviceregistry.AbstractAutoServiceRegistration.onApplicationEvent(AbstractAutoServiceRegistration.java:119)
	at org.springframework.cloud.client.serviceregistry.AbstractAutoServiceRegistration.onApplicationEvent(AbstractAutoServiceRegistration.java:49)
	at org.springframework.context.event.SimpleApplicationEventMulticaster.doInvokeListener(SimpleApplicationEventMulticaster.java:185)
	at org.springframework.context.event.SimpleApplicationEventMulticaster.invokeListener(SimpleApplicationEventMulticaster.java:178)
	at org.springframework.context.event.SimpleApplicationEventMulticaster.multicastEvent(SimpleApplicationEventMulticaster.java:156)
	at org.springframework.context.support.AbstractApplicationContext.publishEvent(AbstractApplicationContext.java:451)
	at org.springframework.context.support.AbstractApplicationContext.publishEvent(AbstractApplicationContext.java:384)
	at org.springframework.boot.web.reactive.context.WebServerManager.start(WebServerManager.java:57)
	at org.springframework.boot.web.reactive.context.WebServerStartStopLifecycle.start(WebServerStartStopLifecycle.java:41)
	at org.springframework.context.support.DefaultLifecycleProcessor.doStart(DefaultLifecycleProcessor.java:288)
	at org.springframework.context.support.DefaultLifecycleProcessor$LifecycleGroup.start(DefaultLifecycleProcessor.java:471)
	at java.base/java.lang.Iterable.forEach(Iterable.java:75)
	at org.springframework.context.support.DefaultLifecycleProcessor.startBeans(DefaultLifecycleProcessor.java:260)
	at org.springframework.context.support.DefaultLifecycleProcessor.onRefresh(DefaultLifecycleProcessor.java:205)
	at org.springframework.context.support.AbstractApplicationContext.finishRefresh(AbstractApplicationContext.java:981)
	at org.springframework.context.support.AbstractApplicationContext.refresh(AbstractApplicationContext.java:627)
	at org.springframework.boot.web.reactive.context.ReactiveWebServerApplicationContext.refresh(ReactiveWebServerApplicationContext.java:66)
	at org.springframework.boot.SpringApplication.refresh(SpringApplication.java:754)
	at org.springframework.boot.SpringApplication.refreshContext(SpringApplication.java:456)
	at org.springframework.boot.SpringApplication.run(SpringApplication.java:334)
	at org.springframework.boot.SpringApplication.run(SpringApplication.java:1354)
	at org.springframework.boot.SpringApplication.run(SpringApplication.java:1343)
	at jh.exp.gateway.GatewayApplication.main(GatewayApplication.java:14)
2025-12-24 20:27:25.172 [main] WARN  o.s.b.w.r.c.AnnotationConfigReactiveWebServerApplicationContext - Exception encountered during context initialization - cancelling refresh attempt: org.springframework.context.ApplicationContextException: Failed to start bean 'webServerStartStop'
2025-12-24 20:27:25.260 [main] INFO  o.s.b.a.l.ConditionEvaluationReportLogger - 

Error starting ApplicationContext. To display the condition evaluation report re-run your application with 'debug' enabled.
2025-12-24 20:27:25.316 [main] ERROR o.s.boot.SpringApplication - Application run failed
org.springframework.context.ApplicationContextException: Failed to start bean 'webServerStartStop'
	at org.springframework.context.support.DefaultLifecycleProcessor.doStart(DefaultLifecycleProcessor.java:291)
	at org.springframework.context.support.DefaultLifecycleProcessor$LifecycleGroup.start(DefaultLifecycleProcessor.java:471)
	at java.base/java.lang.Iterable.forEach(Iterable.java:75)
	at org.springframework.context.support.DefaultLifecycleProcessor.startBeans(DefaultLifecycleProcessor.java:260)
	at org.springframework.context.support.DefaultLifecycleProcessor.onRefresh(DefaultLifecycleProcessor.java:205)
	at org.springframework.context.support.AbstractApplicationContext.finishRefresh(AbstractApplicationContext.java:981)
	at org.springframework.context.support.AbstractApplicationContext.refresh(AbstractApplicationContext.java:627)
	at org.springframework.boot.web.reactive.context.ReactiveWebServerApplicationContext.refresh(ReactiveWebServerApplicationContext.java:66)
	at org.springframework.boot.SpringApplication.refresh(SpringApplication.java:754)
	at org.springframework.boot.SpringApplication.refreshContext(SpringApplication.java:456)
	at org.springframework.boot.SpringApplication.run(SpringApplication.java:334)
	at org.springframework.boot.SpringApplication.run(SpringApplication.java:1354)
	at org.springframework.boot.SpringApplication.run(SpringApplication.java:1343)
	at jh.exp.gateway.GatewayApplication.main(GatewayApplication.java:14)
Caused by: java.lang.reflect.UndeclaredThrowableException: null
	at org.springframework.util.ReflectionUtils.rethrowRuntimeException(ReflectionUtils.java:147)
	at com.alibaba.cloud.nacos.registry.NacosServiceRegistry.register(NacosServiceRegistry.java:83)
	at org.springframework.cloud.client.serviceregistry.AbstractAutoServiceRegistration.register(AbstractAutoServiceRegistration.java:264)
	at com.alibaba.cloud.nacos.registry.NacosAutoServiceRegistration.register(NacosAutoServiceRegistration.java:81)
	at org.springframework.cloud.client.serviceregistry.AbstractAutoServiceRegistration.start(AbstractAutoServiceRegistration.java:156)
	at org.springframework.cloud.client.serviceregistry.AbstractAutoServiceRegistration.onApplicationEvent(AbstractAutoServiceRegistration.java:119)
	at org.springframework.cloud.client.serviceregistry.AbstractAutoServiceRegistration.onApplicationEvent(AbstractAutoServiceRegistration.java:49)
	at org.springframework.context.event.SimpleApplicationEventMulticaster.doInvokeListener(SimpleApplicationEventMulticaster.java:185)
	at org.springframework.context.event.SimpleApplicationEventMulticaster.invokeListener(SimpleApplicationEventMulticaster.java:178)
	at org.springframework.context.event.SimpleApplicationEventMulticaster.multicastEvent(SimpleApplicationEventMulticaster.java:156)
	at org.springframework.context.support.AbstractApplicationContext.publishEvent(AbstractApplicationContext.java:451)
	at org.springframework.context.support.AbstractApplicationContext.publishEvent(AbstractApplicationContext.java:384)
	at org.springframework.boot.web.reactive.context.WebServerManager.start(WebServerManager.java:57)
	at org.springframework.boot.web.reactive.context.WebServerStartStopLifecycle.start(WebServerStartStopLifecycle.java:41)
	at org.springframework.context.support.DefaultLifecycleProcessor.doStart(DefaultLifecycleProcessor.java:288)
	... 13 common frames omitted
Caused by: com.alibaba.nacos.api.exception.NacosException: Client not connected, current status:STARTING
	at com.alibaba.nacos.common.remote.client.RpcClient.request(RpcClient.java:645)
	at com.alibaba.nacos.common.remote.client.RpcClient.request(RpcClient.java:624)
	at com.alibaba.nacos.client.naming.remote.gprc.NamingGrpcClientProxy.requestToServer(NamingGrpcClientProxy.java:447)
	at com.alibaba.nacos.client.naming.remote.gprc.NamingGrpcClientProxy.doRegisterService(NamingGrpcClientProxy.java:250)
	at com.alibaba.nacos.client.naming.remote.gprc.NamingGrpcClientProxy.registerServiceForEphemeral(NamingGrpcClientProxy.java:145)
	at com.alibaba.nacos.client.naming.remote.gprc.NamingGrpcClientProxy.registerService(NamingGrpcClientProxy.java:136)
	at com.alibaba.nacos.client.naming.remote.NamingClientProxyDelegate.registerService(NamingClientProxyDelegate.java:95)
	at com.alibaba.nacos.client.naming.NacosNamingService.registerInstance(NacosNamingService.java:158)
	at com.alibaba.cloud.nacos.registry.NacosServiceRegistry.register(NacosServiceRegistry.java:75)
	... 26 common frames omitted
2025-12-24 20:29:03.443 [Thread-2] WARN  c.a.n.c.executor.ThreadPoolManager - [ThreadPoolManager] Start destroying ThreadPool
2025-12-24 20:29:03.440 [Thread-17] WARN  c.a.nacos.common.notify.NotifyCenter - [NotifyCenter] Start destroying Publisher
2025-12-24 20:29:03.443 [Thread-17] WARN  c.a.nacos.common.notify.NotifyCenter - [NotifyCenter] Destruction of the end
2025-12-24 20:29:03.443 [Thread-2] WARN  c.a.n.c.executor.ThreadPoolManager - [ThreadPoolManager] Destruction of the end
2025-12-24 20:29:03.443 [Thread-19] WARN  c.a.n.c.http.HttpClientBeanHolder - [HttpClientBeanHolder] Start destroying common HttpClient
2025-12-24 20:29:10.206 [main] INFO  c.a.n.client.logging.NacosLogging - Nacos Logging Adapter Builder: com.alibaba.nacos.logger.adapter.logback12.LogbackNacosLoggingAdapterBuilder
2025-12-24 20:29:10.210 [main] INFO  c.a.n.client.logging.NacosLogging - Nacos Logging Adapter Builder: com.alibaba.nacos.logger.adapter.logback14.LogbackNacosLoggingAdapterBuilder
2025-12-24 20:29:10.211 [main] INFO  c.a.n.client.logging.NacosLogging - Nacos Logging Adapter: com.alibaba.nacos.logger.adapter.logback14.LogbackNacosLoggingAdapter match ch.qos.logback.classic.Logger success.
2025-12-24 20:29:10.221 [main] INFO  c.a.n.client.logging.NacosLogging - Nacos Logging Adapter Builder: com.alibaba.nacos.logger.adapter.log4j2.Log4j2NacosLoggingAdapterBuilder
2025-12-24 20:29:10.229 [background-preinit] INFO  o.h.validator.internal.util.Version - HV000001: Hibernate Validator 8.0.1.Final
2025-12-24 20:29:10.380 [main] INFO  jh.exp.gateway.GatewayApplication - Starting GatewayApplication using Java 17.0.12 with PID 34896 (D:\ieda_deta\exp_v2\exp-gateway\exp-gateway-service\target\classes started by Administrator in D:\ieda_deta\exp_v2)
2025-12-24 20:29:10.381 [main] INFO  jh.exp.gateway.GatewayApplication - No active profile set, falling back to 1 default profile: "default"
2025-12-24 20:29:11.553 [main] INFO  o.s.d.r.c.RepositoryConfigurationDelegate - Multiple Spring Data modules found, entering strict repository configuration mode
2025-12-24 20:29:11.556 [main] INFO  o.s.d.r.c.RepositoryConfigurationDelegate - Bootstrapping Spring Data Redis repositories in DEFAULT mode.
2025-12-24 20:29:11.599 [main] INFO  o.s.d.r.c.RepositoryConfigurationDelegate - Finished Spring Data repository scanning in 19 ms. Found 0 Redis repository interfaces.
2025-12-24 20:29:11.858 [main] INFO  o.s.cloud.context.scope.GenericScope - BeanFactory id=7e6e0df0-e3ba-3e0b-bf3a-2ad4627fb87b
2025-12-24 20:29:12.001 [main] WARN  o.s.c.s.PostProcessorRegistrationDelegate$BeanPostProcessorChecker - Bean 'org.springframework.cloud.client.loadbalancer.LoadBalancerAutoConfiguration$DeferringLoadBalancerInterceptorConfig' of type [org.springframework.cloud.client.loadbalancer.LoadBalancerAutoConfiguration$DeferringLoadBalancerInterceptorConfig] is not eligible for getting processed by all BeanPostProcessors (for example: not eligible for auto-proxying). The currently created BeanPostProcessor [lbRestClientPostProcessor] is declared through a non-static factory method on that class; consider declaring it as static instead.
2025-12-24 20:29:12.005 [main] WARN  o.s.c.s.PostProcessorRegistrationDelegate$BeanPostProcessorChecker - Bean 'deferringLoadBalancerInterceptor' of type [org.springframework.cloud.client.loadbalancer.DeferringLoadBalancerInterceptor] is not eligible for getting processed by all BeanPostProcessors (for example: not eligible for auto-proxying). Is this bean getting eagerly injected into a currently created BeanPostProcessor [lbRestClientPostProcessor]? Check the corresponding BeanPostProcessor declaration and its dependencies.
2025-12-24 20:29:12.006 [main] WARN  o.s.c.s.PostProcessorRegistrationDelegate$BeanPostProcessorChecker - Bean 'org.springframework.cloud.client.loadbalancer.reactive.LoadBalancerBeanPostProcessorAutoConfiguration' of type [org.springframework.cloud.client.loadbalancer.reactive.LoadBalancerBeanPostProcessorAutoConfiguration] is not eligible for getting processed by all BeanPostProcessors (for example: not eligible for auto-proxying). The currently created BeanPostProcessor [loadBalancerWebClientBuilderBeanPostProcessor] is declared through a non-static factory method on that class; consider declaring it as static instead.
2025-12-24 20:29:12.006 [main] WARN  o.s.c.s.PostProcessorRegistrationDelegate$BeanPostProcessorChecker - Bean 'org.springframework.cloud.client.loadbalancer.reactive.LoadBalancerBeanPostProcessorAutoConfiguration$ReactorDeferringLoadBalancerFilterConfig' of type [org.springframework.cloud.client.loadbalancer.reactive.LoadBalancerBeanPostProcessorAutoConfiguration$ReactorDeferringLoadBalancerFilterConfig] is not eligible for getting processed by all BeanPostProcessors (for example: not eligible for auto-proxying). Is this bean getting eagerly injected into a currently created BeanPostProcessor [loadBalancerWebClientBuilderBeanPostProcessor]? Check the corresponding BeanPostProcessor declaration and its dependencies.
2025-12-24 20:29:12.009 [main] WARN  o.s.c.s.PostProcessorRegistrationDelegate$BeanPostProcessorChecker - Bean 'reactorDeferringLoadBalancerExchangeFilterFunction' of type [org.springframework.cloud.client.loadbalancer.reactive.DeferringLoadBalancerExchangeFilterFunction] is not eligible for getting processed by all BeanPostProcessors (for example: not eligible for auto-proxying). Is this bean getting eagerly injected into a currently created BeanPostProcessor [loadBalancerWebClientBuilderBeanPostProcessor]? Check the corresponding BeanPostProcessor declaration and its dependencies.
2025-12-24 20:29:12.368 [main] INFO  o.s.b.w.e.tomcat.TomcatWebServer - Tomcat initialized with port 9000 (http)
2025-12-24 20:29:12.386 [main] INFO  o.a.coyote.http11.Http11NioProtocol - Initializing ProtocolHandler ["http-nio-9000"]
2025-12-24 20:29:12.389 [main] INFO  o.a.catalina.core.StandardService - Starting service [Tomcat]
2025-12-24 20:29:12.390 [main] INFO  o.a.catalina.core.StandardEngine - Starting Servlet engine: [Apache Tomcat/10.1.20]
2025-12-24 20:29:16.454 [main] INFO  o.s.c.g.r.RouteDefinitionRouteLocator - Loaded RoutePredicateFactory [After]
2025-12-24 20:29:16.454 [main] INFO  o.s.c.g.r.RouteDefinitionRouteLocator - Loaded RoutePredicateFactory [Before]
2025-12-24 20:29:16.454 [main] INFO  o.s.c.g.r.RouteDefinitionRouteLocator - Loaded RoutePredicateFactory [Between]
2025-12-24 20:29:16.455 [main] INFO  o.s.c.g.r.RouteDefinitionRouteLocator - Loaded RoutePredicateFactory [Cookie]
2025-12-24 20:29:16.455 [main] INFO  o.s.c.g.r.RouteDefinitionRouteLocator - Loaded RoutePredicateFactory [Header]
2025-12-24 20:29:16.455 [main] INFO  o.s.c.g.r.RouteDefinitionRouteLocator - Loaded RoutePredicateFactory [Host]
2025-12-24 20:29:16.455 [main] INFO  o.s.c.g.r.RouteDefinitionRouteLocator - Loaded RoutePredicateFactory [Method]
2025-12-24 20:29:16.455 [main] INFO  o.s.c.g.r.RouteDefinitionRouteLocator - Loaded RoutePredicateFactory [Path]
2025-12-24 20:29:16.455 [main] INFO  o.s.c.g.r.RouteDefinitionRouteLocator - Loaded RoutePredicateFactory [Query]
2025-12-24 20:29:16.456 [main] INFO  o.s.c.g.r.RouteDefinitionRouteLocator - Loaded RoutePredicateFactory [ReadBody]
2025-12-24 20:29:16.456 [main] INFO  o.s.c.g.r.RouteDefinitionRouteLocator - Loaded RoutePredicateFactory [RemoteAddr]
2025-12-24 20:29:16.456 [main] INFO  o.s.c.g.r.RouteDefinitionRouteLocator - Loaded RoutePredicateFactory [XForwardedRemoteAddr]
2025-12-24 20:29:16.456 [main] INFO  o.s.c.g.r.RouteDefinitionRouteLocator - Loaded RoutePredicateFactory [Weight]
2025-12-24 20:29:16.456 [main] INFO  o.s.c.g.r.RouteDefinitionRouteLocator - Loaded RoutePredicateFactory [CloudFoundryRouteService]
2025-12-24 20:29:17.438 [main] INFO  o.s.b.a.s.r.ReactiveUserDetailsServiceAutoConfiguration - 

Using generated security password: a005a383-b9e3-4476-a7e0-1cc832a729a4

2025-12-24 20:29:17.494 [main] WARN  o.s.c.l.c.LoadBalancerCacheAutoConfiguration$LoadBalancerCaffeineWarnLogger - Spring Cloud LoadBalancer is currently working with the default cache. While this cache implementation is useful for development and tests, it's recommended to use Caffeine cache in production.You can switch to using Caffeine cache, by adding it and org.springframework.cache.caffeine.CaffeineCacheManager to the classpath.
2025-12-24 20:29:17.572 [main] INFO  o.a.coyote.http11.Http11NioProtocol - Starting ProtocolHandler ["http-nio-9000"]
2025-12-24 20:29:17.615 [main] INFO  o.s.b.w.e.tomcat.TomcatWebServer - Tomcat started on port 9000 (http) with context path ''
2025-12-24 20:29:18.562 [main] INFO  c.a.n.p.a.s.c.ClientAuthPluginManager - [ClientAuthPluginManager] Load ClientAuthService com.alibaba.nacos.client.auth.impl.NacosClientAuthServiceImpl success.
2025-12-24 20:29:18.562 [main] INFO  c.a.n.p.a.s.c.ClientAuthPluginManager - [ClientAuthPluginManager] Load ClientAuthService com.alibaba.nacos.client.auth.ram.RamClientAuthServiceImpl success.
2025-12-24 20:29:20.226 [main] INFO  c.a.n.c.a.AbstractAbilityControlManager - Ready to get current node abilities...
2025-12-24 20:29:20.228 [main] INFO  c.a.n.c.a.AbstractAbilityControlManager - Ready to initialize current node abilities, support modes: [SDK_CLIENT]
2025-12-24 20:29:20.229 [main] INFO  c.a.n.c.a.AbstractAbilityControlManager - Initialize current abilities finish...
2025-12-24 20:29:20.229 [main] INFO  c.a.n.c.a.d.NacosAbilityManagerHolder - [AbilityControlManager] Successfully initialize AbilityControlManager
2025-12-24 20:29:20.272 [main] INFO  c.a.c.n.r.NacosServiceRegistry - nacos registry, DEFAULT_GROUP exp-gateway 192.168.137.1:9000 register finished
2025-12-24 20:29:20.344 [main] INFO  jh.exp.gateway.GatewayApplication - Started GatewayApplication in 11.297 seconds (process running for 13.082)
2025-12-24 20:29:40.705 [lettuce-nioEventLoop-4-1] INFO  j.e.g.a.f.JwtAuthenticationFilter - JWT 鉴权通过，userId=1，path=/exp/auth/person/queryPersonInfo
2025-12-24 20:29:40.708 [lettuce-nioEventLoop-4-1] INFO  jh.exp.gateway.AccessLog - [ACCESS][REQUEST] traceId=edc5240f90b442ee900258c598a84297 method=POST uri=/exp/auth/person/queryPersonInfo query=null ip=192.168.101.128 userId=1 userName=系统管理员
2025-12-24 20:29:40.897 [reactor-http-nio-3] INFO  jh.exp.gateway.AccessLog - [ACCESS][RESPONSE] traceId=edc5240f90b442ee900258c598a84297 method=POST uri=/exp/auth/person/queryPersonInfo status=404 cost=188ms userId=1 userName=系统管理员
2025-12-24 20:31:07.107 [lettuce-nioEventLoop-4-1] INFO  j.e.g.a.f.JwtAuthenticationFilter - JWT 鉴权通过，userId=1，path=/exp/auth/person/queryPersonInfo
2025-12-24 20:31:07.107 [lettuce-nioEventLoop-4-1] INFO  jh.exp.gateway.AccessLog - [ACCESS][REQUEST] traceId=7846af0e8997487cb228de3eccf0ca95 method=POST uri=/exp/auth/person/queryPersonInfo query=null ip=192.168.101.128 userId=1 userName=系统管理员
2025-12-24 20:31:07.211 [reactor-http-nio-4] INFO  jh.exp.gateway.AccessLog - [ACCESS][RESPONSE] traceId=7846af0e8997487cb228de3eccf0ca95 method=POST uri=/exp/auth/person/queryPersonInfo status=404 cost=69ms userId=1 userName=系统管理员
2025-12-24 20:31:42.701 [lettuce-nioEventLoop-4-1] INFO  j.e.g.a.f.JwtAuthenticationFilter - JWT 鉴权通过，userId=1，path=/exp/auth/person/queryPersonInfo
2025-12-24 20:31:42.701 [lettuce-nioEventLoop-4-1] INFO  jh.exp.gateway.AccessLog - [ACCESS][REQUEST] traceId=93d108226ea240fc9ef016f4d3ecad92 method=POST uri=/exp/auth/person/queryPersonInfo query=null ip=192.168.101.128 userId=1 userName=系统管理员
2025-12-24 20:31:42.730 [reactor-http-nio-4] INFO  jh.exp.gateway.AccessLog - [ACCESS][RESPONSE] traceId=93d108226ea240fc9ef016f4d3ecad92 method=POST uri=/exp/auth/person/queryPersonInfo status=404 cost=28ms userId=1 userName=系统管理员
2025-12-24 20:32:04.317 [lettuce-nioEventLoop-4-1] INFO  j.e.g.a.f.JwtAuthenticationFilter - JWT 鉴权通过，userId=1，path=/exp/auth/person/queryPersonInfo
2025-12-24 20:32:04.317 [lettuce-nioEventLoop-4-1] INFO  jh.exp.gateway.AccessLog - [ACCESS][REQUEST] traceId=24421ddaabb14c98b82d82784d5a4e7c method=POST uri=/exp/auth/person/queryPersonInfo query=null ip=192.168.101.128 userId=1 userName=系统管理员
2025-12-24 20:32:04.352 [reactor-http-nio-4] INFO  jh.exp.gateway.AccessLog - [ACCESS][RESPONSE] traceId=24421ddaabb14c98b82d82784d5a4e7c method=POST uri=/exp/auth/person/queryPersonInfo status=404 cost=34ms userId=1 userName=系统管理员
2025-12-24 20:32:15.255 [lettuce-nioEventLoop-4-1] INFO  j.e.g.a.f.JwtAuthenticationFilter - JWT 鉴权通过，userId=1，path=/exp/auth/person/queryPersonInfo
2025-12-24 20:32:15.256 [lettuce-nioEventLoop-4-1] INFO  jh.exp.gateway.AccessLog - [ACCESS][REQUEST] traceId=e9e292ec47cd4e9aa32d6ef46375c01f method=POST uri=/exp/auth/person/queryPersonInfo query=null ip=192.168.101.128 userId=1 userName=系统管理员
2025-12-24 20:32:15.282 [reactor-http-nio-4] INFO  jh.exp.gateway.AccessLog - [ACCESS][RESPONSE] traceId=e9e292ec47cd4e9aa32d6ef46375c01f method=POST uri=/exp/auth/person/queryPersonInfo status=404 cost=26ms userId=1 userName=系统管理员
2025-12-24 20:33:27.556 [lettuce-nioEventLoop-4-1] INFO  j.e.g.a.f.JwtAuthenticationFilter - JWT 鉴权通过，userId=1，path=/exp/auth/person/queryPersonInfo
2025-12-24 20:33:27.556 [lettuce-nioEventLoop-4-1] INFO  jh.exp.gateway.AccessLog - [ACCESS][REQUEST] traceId=2d2405080ac84ab9b75031c8515b83ff method=POST uri=/exp/auth/person/queryPersonInfo query=null ip=192.168.101.128 userId=1 userName=系统管理员
2025-12-24 20:33:27.584 [reactor-http-nio-6] INFO  jh.exp.gateway.AccessLog - [ACCESS][RESPONSE] traceId=2d2405080ac84ab9b75031c8515b83ff method=POST uri=/exp/auth/person/queryPersonInfo status=404 cost=27ms userId=1 userName=系统管理员
2025-12-24 20:33:36.452 [lettuce-nioEventLoop-4-1] INFO  j.e.g.a.f.JwtAuthenticationFilter - JWT 鉴权通过，userId=1，path=/exp/auth/person/queryPersonInfo
2025-12-24 20:33:36.452 [lettuce-nioEventLoop-4-1] INFO  jh.exp.gateway.AccessLog - [ACCESS][REQUEST] traceId=b9e9c026626f4843b793ec06553de4fa method=POST uri=/exp/auth/person/queryPersonInfo query=null ip=192.168.101.128 userId=1 userName=系统管理员
2025-12-24 20:33:36.478 [reactor-http-nio-6] INFO  jh.exp.gateway.AccessLog - [ACCESS][RESPONSE] traceId=b9e9c026626f4843b793ec06553de4fa method=POST uri=/exp/auth/person/queryPersonInfo status=404 cost=26ms userId=1 userName=系统管理员
2025-12-24 20:34:34.426 [lettuce-nioEventLoop-4-1] INFO  j.e.g.a.f.JwtAuthenticationFilter - JWT 鉴权通过，userId=1，path=/exp/auth/person/queryPersonInfo
2025-12-24 20:34:34.427 [lettuce-nioEventLoop-4-1] INFO  jh.exp.gateway.AccessLog - [ACCESS][REQUEST] traceId=0e2e0d3249654d01a4af7bb90cb607d9 method=POST uri=/exp/auth/person/queryPersonInfo query=null ip=192.168.101.128 userId=1 userName=系统管理员
2025-12-24 20:35:44.831 [reactor-http-nio-7] INFO  jh.exp.gateway.AccessLog - [ACCESS][RESPONSE] traceId=0e2e0d3249654d01a4af7bb90cb607d9 method=POST uri=/exp/auth/person/queryPersonInfo status=404 cost=70403ms userId=1 userName=系统管理员
2025-12-24 20:38:10.200 [idle-monitor-exp-gateway] INFO  SERVICE_IDLE_MONITOR - ====== [SERVICE_IDLE] [exp-gateway] 系统已进入休眠，等待激活 ======
2025-12-24 20:40:40.196 [idle-monitor-exp-gateway] INFO  SERVICE_IDLE_MONITOR - ====== [SERVICE_IDLE] [exp-gateway] 系统已进入休眠，等待激活 ======
2025-12-24 20:43:10.200 [idle-monitor-exp-gateway] INFO  SERVICE_IDLE_MONITOR - ====== [SERVICE_IDLE] [exp-gateway] 系统已进入休眠，等待激活 ======
2025-12-24 20:45:34.037 [lettuce-nioEventLoop-4-1] INFO  j.e.g.a.f.JwtAuthenticationFilter - JWT 鉴权通过，userId=1，path=/exp/auth/person/queryPersonInfo
2025-12-24 20:45:34.037 [lettuce-nioEventLoop-4-1] INFO  jh.exp.gateway.AccessLog - [ACCESS][REQUEST] traceId=72a3ac1ab65447fda92458b63e77b8db method=POST uri=/exp/auth/person/queryPersonInfo query=null ip=192.168.101.128 userId=1 userName=系统管理员
2025-12-24 20:45:41.125 [reactor-http-nio-8] INFO  jh.exp.gateway.AccessLog - [ACCESS][RESPONSE] traceId=72a3ac1ab65447fda92458b63e77b8db method=POST uri=/exp/auth/person/queryPersonInfo status=404 cost=7086ms userId=1 userName=系统管理员
2025-12-24 20:45:52.696 [lettuce-nioEventLoop-4-1] INFO  j.e.g.a.f.JwtAuthenticationFilter - JWT 鉴权通过，userId=1，path=/exp/auth/person/queryPersonInfo
2025-12-24 20:45:52.697 [lettuce-nioEventLoop-4-1] INFO  jh.exp.gateway.AccessLog - [ACCESS][REQUEST] traceId=48c7dc8181804143b3c13578db80fa5f method=POST uri=/exp/auth/person/queryPersonInfo query=null ip=192.168.101.128 userId=1 userName=系统管理员
2025-12-24 20:45:52.718 [reactor-http-nio-8] INFO  jh.exp.gateway.AccessLog - [ACCESS][RESPONSE] traceId=48c7dc8181804143b3c13578db80fa5f method=POST uri=/exp/auth/person/queryPersonInfo status=404 cost=20ms userId=1 userName=系统管理员
2025-12-24 20:48:00.864 [lettuce-nioEventLoop-4-1] INFO  j.e.g.a.f.JwtAuthenticationFilter - JWT 鉴权通过，userId=1，path=/exp/auth/person/queryPersonInfo
2025-12-24 20:48:00.864 [lettuce-nioEventLoop-4-1] INFO  jh.exp.gateway.AccessLog - [ACCESS][REQUEST] traceId=88685577163a42cab487895eea74c92f method=POST uri=/exp/auth/person/queryPersonInfo query=null ip=192.168.101.128 userId=1 userName=系统管理员
2025-12-24 20:48:01.222 [reactor-http-nio-1] INFO  jh.exp.gateway.AccessLog - [ACCESS][RESPONSE] traceId=88685577163a42cab487895eea74c92f method=POST uri=/exp/auth/person/queryPersonInfo status=404 cost=357ms userId=1 userName=系统管理员
2025-12-24 20:49:21.164 [lettuce-nioEventLoop-4-1] INFO  j.e.g.a.f.JwtAuthenticationFilter - JWT 鉴权通过，userId=1，path=/exp/auth/person/queryPersonInfo
2025-12-24 20:49:21.165 [lettuce-nioEventLoop-4-1] INFO  jh.exp.gateway.AccessLog - [ACCESS][REQUEST] traceId=6121c24ca0944f26b9b164521848a1f8 method=POST uri=/exp/auth/person/queryPersonInfo query=null ip=192.168.101.128 userId=1 userName=系统管理员
2025-12-24 20:49:21.457 [reactor-http-nio-2] INFO  jh.exp.gateway.AccessLog - [ACCESS][RESPONSE] traceId=6121c24ca0944f26b9b164521848a1f8 method=POST uri=/exp/auth/person/queryPersonInfo status=400 cost=291ms userId=1 userName=系统管理员
2025-12-24 20:51:39.959 [lettuce-nioEventLoop-4-1] INFO  j.e.g.a.f.JwtAuthenticationFilter - JWT 鉴权通过，userId=1，path=/exp/auth/person/queryPersonInfo
2025-12-24 20:51:39.960 [lettuce-nioEventLoop-4-1] INFO  jh.exp.gateway.AccessLog - [ACCESS][REQUEST] traceId=b76bc79f3dc848e0957f93c1589be0d8 method=POST uri=/exp/auth/person/queryPersonInfo query=null ip=192.168.101.128 userId=1 userName=系统管理员
2025-12-24 20:51:39.990 [reactor-http-nio-3] INFO  jh.exp.gateway.AccessLog - [ACCESS][RESPONSE] traceId=b76bc79f3dc848e0957f93c1589be0d8 method=POST uri=/exp/auth/person/queryPersonInfo status=400 cost=29ms userId=1 userName=系统管理员
2025-12-24 20:51:54.613 [lettuce-nioEventLoop-4-1] INFO  j.e.g.a.f.JwtAuthenticationFilter - JWT 鉴权通过，userId=1，path=/exp/auth/person/queryPersonInfo
2025-12-24 20:51:54.613 [lettuce-nioEventLoop-4-1] INFO  jh.exp.gateway.AccessLog - [ACCESS][REQUEST] traceId=685e3f7dcddf45c9af916db21babf032 method=POST uri=/exp/auth/person/queryPersonInfo query=null ip=192.168.101.128 userId=1 userName=系统管理员
2025-12-24 20:51:54.631 [reactor-http-nio-4] INFO  jh.exp.gateway.AccessLog - [ACCESS][RESPONSE] traceId=685e3f7dcddf45c9af916db21babf032 method=POST uri=/exp/auth/person/queryPersonInfo status=400 cost=17ms userId=1 userName=系统管理员
2025-12-24 20:53:54.957 [lettuce-nioEventLoop-4-1] INFO  j.e.g.a.f.JwtAuthenticationFilter - JWT 鉴权通过，userId=1，path=/exp/auth/person/queryPersonInfo
2025-12-24 20:53:54.957 [lettuce-nioEventLoop-4-1] INFO  jh.exp.gateway.AccessLog - [ACCESS][REQUEST] traceId=864e90f8543c4f9c90854c40422aab8a method=POST uri=/exp/auth/person/queryPersonInfo query=null ip=192.168.101.128 userId=1 userName=系统管理员
2025-12-24 20:53:57.472 [reactor-http-nio-5] INFO  jh.exp.gateway.AccessLog - [ACCESS][RESPONSE] traceId=864e90f8543c4f9c90854c40422aab8a method=POST uri=/exp/auth/person/queryPersonInfo status=500 cost=2513ms userId=1 userName=系统管理员
2025-12-24 20:54:06.694 [lettuce-nioEventLoop-4-1] INFO  j.e.g.a.f.JwtAuthenticationFilter - JWT 鉴权通过，userId=1，path=/exp/auth/person/queryPersonInfo
2025-12-24 20:54:06.694 [lettuce-nioEventLoop-4-1] INFO  jh.exp.gateway.AccessLog - [ACCESS][REQUEST] traceId=9ea10fb0a6914f8a876a57615efb07a9 method=POST uri=/exp/auth/person/queryPersonInfo query=null ip=192.168.101.128 userId=1 userName=系统管理员
2025-12-24 20:54:18.627 [reactor-http-nio-6] INFO  jh.exp.gateway.AccessLog - [ACCESS][RESPONSE] traceId=9ea10fb0a6914f8a876a57615efb07a9 method=POST uri=/exp/auth/person/queryPersonInfo status=500 cost=11932ms userId=1 userName=系统管理员
2025-12-24 20:56:40.203 [idle-monitor-exp-gateway] INFO  SERVICE_IDLE_MONITOR - ====== [SERVICE_IDLE] [exp-gateway] 系统已进入休眠，等待激活 ======
2025-12-24 20:58:12.976 [lettuce-nioEventLoop-4-1] INFO  j.e.g.a.f.JwtAuthenticationFilter - JWT 鉴权通过，userId=1，path=/exp/auth/person/queryPersonInfo
2025-12-24 20:58:12.976 [lettuce-nioEventLoop-4-1] INFO  jh.exp.gateway.AccessLog - [ACCESS][REQUEST] traceId=e6cd7079481b4deaa04fc1121c9f68b5 method=POST uri=/exp/auth/person/queryPersonInfo query=null ip=192.168.101.128 userId=1 userName=系统管理员
2025-12-24 20:58:13.417 [reactor-http-nio-7] INFO  jh.exp.gateway.AccessLog - [ACCESS][RESPONSE] traceId=e6cd7079481b4deaa04fc1121c9f68b5 method=POST uri=/exp/auth/person/queryPersonInfo status=500 cost=440ms userId=1 userName=系统管理员
2025-12-24 20:59:12.561 [lettuce-nioEventLoop-4-1] INFO  j.e.g.a.f.JwtAuthenticationFilter - JWT 鉴权通过，userId=1，path=/exp/auth/person/queryPersonInfo
2025-12-24 20:59:12.562 [lettuce-nioEventLoop-4-1] INFO  jh.exp.gateway.AccessLog - [ACCESS][REQUEST] traceId=301dead78fc04ebea6791d2d87099e0d method=POST uri=/exp/auth/person/queryPersonInfo query=null ip=192.168.101.128 userId=1 userName=系统管理员
2025-12-24 20:59:12.595 [reactor-http-nio-8] INFO  jh.exp.gateway.AccessLog - [ACCESS][RESPONSE] traceId=301dead78fc04ebea6791d2d87099e0d method=POST uri=/exp/auth/person/queryPersonInfo status=500 cost=33ms userId=1 userName=系统管理员
2025-12-24 20:59:56.486 [lettuce-nioEventLoop-4-1] INFO  j.e.g.a.f.JwtAuthenticationFilter - JWT 鉴权通过，userId=1，path=/exp/auth/person/queryPersonInfo
2025-12-24 20:59:56.486 [lettuce-nioEventLoop-4-1] INFO  jh.exp.gateway.AccessLog - [ACCESS][REQUEST] traceId=5ed198a0cd084b76b1ed185d8caa96ec method=POST uri=/exp/auth/person/queryPersonInfo query=null ip=192.168.101.128 userId=1 userName=系统管理员
2025-12-24 20:59:59.148 [reactor-http-nio-1] INFO  jh.exp.gateway.AccessLog - [ACCESS][RESPONSE] traceId=5ed198a0cd084b76b1ed185d8caa96ec method=POST uri=/exp/auth/person/queryPersonInfo status=404 cost=2661ms userId=1 userName=系统管理员
2025-12-24 21:00:09.723 [lettuce-nioEventLoop-4-1] INFO  j.e.g.a.f.JwtAuthenticationFilter - JWT 鉴权通过，userId=1，path=/exp/auth/person/queryPersonInfo
2025-12-24 21:00:09.723 [lettuce-nioEventLoop-4-1] INFO  jh.exp.gateway.AccessLog - [ACCESS][REQUEST] traceId=9ec036e1517e43d3b2de1d3cf417cd2f method=POST uri=/exp/auth/person/queryPersonInfo query=null ip=192.168.101.128 userId=1 userName=系统管理员
2025-12-24 21:00:09.748 [reactor-http-nio-1] INFO  jh.exp.gateway.AccessLog - [ACCESS][RESPONSE] traceId=9ec036e1517e43d3b2de1d3cf417cd2f method=POST uri=/exp/auth/person/queryPersonInfo status=404 cost=24ms userId=1 userName=系统管理员
2025-12-24 21:00:32.656 [lettuce-nioEventLoop-4-1] INFO  j.e.g.a.f.JwtAuthenticationFilter - JWT 鉴权通过，userId=1，path=/exp/auth/person/queryPersonInfo
2025-12-24 21:00:32.656 [lettuce-nioEventLoop-4-1] INFO  jh.exp.gateway.AccessLog - [ACCESS][REQUEST] traceId=350a3f05976248a0ad8779d2c208ef5c method=POST uri=/exp/auth/person/queryPersonInfo query=null ip=192.168.101.128 userId=1 userName=系统管理员
2025-12-24 21:01:18.015 [reactor-http-nio-1] INFO  jh.exp.gateway.AccessLog - [ACCESS][RESPONSE] traceId=350a3f05976248a0ad8779d2c208ef5c method=POST uri=/exp/auth/person/queryPersonInfo status=404 cost=45358ms userId=1 userName=系统管理员
2025-12-24 21:02:11.865 [lettuce-nioEventLoop-4-1] INFO  j.e.g.a.f.JwtAuthenticationFilter - JWT 鉴权通过，userId=1，path=/exp/auth/person/queryPersonInfo
2025-12-24 21:02:11.866 [lettuce-nioEventLoop-4-1] INFO  jh.exp.gateway.AccessLog - [ACCESS][REQUEST] traceId=3be9973774a745df8ff13cc5ac3c342b method=POST uri=/exp/auth/person/queryPersonInfo query=null ip=192.168.101.128 userId=1 userName=系统管理员
2025-12-24 21:02:14.101 [reactor-http-nio-1] INFO  jh.exp.gateway.AccessLog - [ACCESS][RESPONSE] traceId=3be9973774a745df8ff13cc5ac3c342b method=POST uri=/exp/auth/person/queryPersonInfo status=404 cost=2234ms userId=1 userName=系统管理员
2025-12-24 21:02:28.883 [lettuce-nioEventLoop-4-1] INFO  j.e.g.a.f.JwtAuthenticationFilter - JWT 鉴权通过，userId=1，path=/exp/auth/person/queryPersonInfo
2025-12-24 21:02:28.884 [lettuce-nioEventLoop-4-1] INFO  jh.exp.gateway.AccessLog - [ACCESS][REQUEST] traceId=cab4ca4a50454b2da99c9f746a4880ec method=POST uri=/exp/auth/person/queryPersonInfo query=null ip=192.168.101.128 userId=1 userName=系统管理员
2025-12-24 21:02:28.899 [reactor-http-nio-1] INFO  jh.exp.gateway.AccessLog - [ACCESS][RESPONSE] traceId=cab4ca4a50454b2da99c9f746a4880ec method=POST uri=/exp/auth/person/queryPersonInfo status=404 cost=14ms userId=1 userName=系统管理员
2025-12-24 21:02:36.842 [lettuce-nioEventLoop-4-1] INFO  j.e.g.a.f.JwtAuthenticationFilter - JWT 鉴权通过，userId=1，path=/exp/auth/person/queryPersonInfo
2025-12-24 21:02:36.842 [lettuce-nioEventLoop-4-1] INFO  jh.exp.gateway.AccessLog - [ACCESS][REQUEST] traceId=cff3b7c1637544fa89ebcf3805e6d45a method=POST uri=/exp/auth/person/queryPersonInfo query=null ip=192.168.101.128 userId=1 userName=系统管理员
2025-12-24 21:02:36.863 [reactor-http-nio-1] INFO  jh.exp.gateway.AccessLog - [ACCESS][RESPONSE] traceId=cff3b7c1637544fa89ebcf3805e6d45a method=POST uri=/exp/auth/person/queryPersonInfo status=404 cost=20ms userId=1 userName=系统管理员
2025-12-24 21:02:46.008 [lettuce-nioEventLoop-4-1] INFO  j.e.g.a.f.JwtAuthenticationFilter - JWT 鉴权通过，userId=1，path=/exp/auth/person/queryPersonInfo
2025-12-24 21:02:46.009 [lettuce-nioEventLoop-4-1] INFO  jh.exp.gateway.AccessLog - [ACCESS][REQUEST] traceId=babac0a019384695aa4857411a1bca0e method=POST uri=/exp/auth/person/queryPersonInfo query=null ip=192.168.101.128 userId=1 userName=系统管理员
2025-12-24 21:02:46.030 [reactor-http-nio-1] INFO  jh.exp.gateway.AccessLog - [ACCESS][RESPONSE] traceId=babac0a019384695aa4857411a1bca0e method=POST uri=/exp/auth/person/queryPersonInfo status=404 cost=21ms userId=1 userName=系统管理员
2025-12-24 21:05:10.191 [idle-monitor-exp-gateway] INFO  SERVICE_IDLE_MONITOR - ====== [SERVICE_IDLE] [exp-gateway] 系统已进入休眠，等待激活 ======
2025-12-24 21:07:10.197 [idle-monitor-exp-gateway] INFO  SERVICE_IDLE_MONITOR - ====== [SERVICE_IDLE] [exp-gateway] 系统已进入休眠，等待激活 ======
2025-12-24 21:09:40.194 [idle-monitor-exp-gateway] INFO  SERVICE_IDLE_MONITOR - ====== [SERVICE_IDLE] [exp-gateway] 系统已进入休眠，等待激活 ======
2025-12-24 21:12:10.196 [idle-monitor-exp-gateway] INFO  SERVICE_IDLE_MONITOR - ====== [SERVICE_IDLE] [exp-gateway] 系统已进入休眠，等待激活 ======
2025-12-24 21:14:10.197 [idle-monitor-exp-gateway] INFO  SERVICE_IDLE_MONITOR - ====== [SERVICE_IDLE] [exp-gateway] 系统已进入休眠，等待激活 ======
2025-12-24 21:16:40.195 [idle-monitor-exp-gateway] INFO  SERVICE_IDLE_MONITOR - ====== [SERVICE_IDLE] [exp-gateway] 系统已进入休眠，等待激活 ======
2025-12-24 21:19:10.199 [idle-monitor-exp-gateway] INFO  SERVICE_IDLE_MONITOR - ====== [SERVICE_IDLE] [exp-gateway] 系统已进入休眠，等待激活 ======
2025-12-24 21:21:40.191 [idle-monitor-exp-gateway] INFO  SERVICE_IDLE_MONITOR - ====== [SERVICE_IDLE] [exp-gateway] 系统已进入休眠，等待激活 ======
2025-12-24 21:23:40.194 [idle-monitor-exp-gateway] INFO  SERVICE_IDLE_MONITOR - ====== [SERVICE_IDLE] [exp-gateway] 系统已进入休眠，等待激活 ======
2025-12-24 21:26:10.198 [idle-monitor-exp-gateway] INFO  SERVICE_IDLE_MONITOR - ====== [SERVICE_IDLE] [exp-gateway] 系统已进入休眠，等待激活 ======
2025-12-24 21:28:10.204 [idle-monitor-exp-gateway] INFO  SERVICE_IDLE_MONITOR - ====== [SERVICE_IDLE] [exp-gateway] 系统已进入休眠，等待激活 ======
2025-12-24 21:30:40.196 [idle-monitor-exp-gateway] INFO  SERVICE_IDLE_MONITOR - ====== [SERVICE_IDLE] [exp-gateway] 系统已进入休眠，等待激活 ======
2025-12-24 21:32:40.198 [idle-monitor-exp-gateway] INFO  SERVICE_IDLE_MONITOR - ====== [SERVICE_IDLE] [exp-gateway] 系统已进入休眠，等待激活 ======
2025-12-24 21:33:35.816 [lettuce-nioEventLoop-4-1] INFO  j.e.g.a.f.JwtAuthenticationFilter - JWT 鉴权通过，userId=1，path=/exp/auth/person/queryPersonInfo
2025-12-24 21:33:35.816 [lettuce-nioEventLoop-4-1] INFO  jh.exp.gateway.AccessLog - [ACCESS][REQUEST] traceId=1e908deb37ac49c2b6a8e8cf12b9c4b8 method=POST uri=/exp/auth/person/queryPersonInfo query=null ip=192.168.101.128 userId=1 userName=系统管理员
2025-12-24 21:33:35.851 [reactor-http-nio-2] INFO  jh.exp.gateway.AccessLog - [ACCESS][RESPONSE] traceId=1e908deb37ac49c2b6a8e8cf12b9c4b8 method=POST uri=/exp/auth/person/queryPersonInfo status=404 cost=35ms userId=1 userName=系统管理员
2025-12-24 21:34:38.806 [lettuce-nioEventLoop-4-1] INFO  j.e.g.a.f.JwtAuthenticationFilter - JWT 鉴权通过，userId=1，path=/exp/auth/person/queryPersonInfo
2025-12-24 21:34:38.806 [lettuce-nioEventLoop-4-1] INFO  jh.exp.gateway.AccessLog - [ACCESS][REQUEST] traceId=5a49d4f4879b448a8a1fa7580b28fcf2 method=POST uri=/exp/auth/person/queryPersonInfo query=null ip=192.168.101.128 userId=1 userName=系统管理员
2025-12-24 21:34:38.828 [reactor-http-nio-3] INFO  jh.exp.gateway.AccessLog - [ACCESS][RESPONSE] traceId=5a49d4f4879b448a8a1fa7580b28fcf2 method=POST uri=/exp/auth/person/queryPersonInfo status=404 cost=21ms userId=1 userName=系统管理员
2025-12-24 21:35:04.662 [lettuce-nioEventLoop-4-1] INFO  j.e.g.a.f.JwtAuthenticationFilter - JWT 鉴权通过，userId=1，path=/exp/auth/person/queryPersonInfo
2025-12-24 21:35:04.663 [lettuce-nioEventLoop-4-1] INFO  jh.exp.gateway.AccessLog - [ACCESS][REQUEST] traceId=328208b3ccf048048ded50c02ee0601f method=POST uri=/exp/auth/person/queryPersonInfo query=null ip=192.168.101.128 userId=1 userName=系统管理员
2025-12-24 21:36:07.779 [reactor-http-nio-3] INFO  jh.exp.gateway.AccessLog - [ACCESS][RESPONSE] traceId=328208b3ccf048048ded50c02ee0601f method=POST uri=/exp/auth/person/queryPersonInfo status=404 cost=63115ms userId=1 userName=系统管理员
2025-12-24 21:36:16.094 [lettuce-nioEventLoop-4-1] INFO  j.e.g.a.f.JwtAuthenticationFilter - JWT 鉴权通过，userId=1，path=/exp/auth/person/queryPersonInfo
2025-12-24 21:36:16.094 [lettuce-nioEventLoop-4-1] INFO  jh.exp.gateway.AccessLog - [ACCESS][REQUEST] traceId=10a9ace9eed746828c2df8da35bedbd5 method=POST uri=/exp/auth/person/queryPersonInfo query=null ip=192.168.101.128 userId=1 userName=系统管理员
2025-12-24 21:36:16.115 [reactor-http-nio-3] INFO  jh.exp.gateway.AccessLog - [ACCESS][RESPONSE] traceId=10a9ace9eed746828c2df8da35bedbd5 method=POST uri=/exp/auth/person/queryPersonInfo status=404 cost=20ms userId=1 userName=系统管理员
2025-12-24 21:38:40.202 [idle-monitor-exp-gateway] INFO  SERVICE_IDLE_MONITOR - ====== [SERVICE_IDLE] [exp-gateway] 系统已进入休眠，等待激活 ======
2025-12-24 21:41:10.201 [idle-monitor-exp-gateway] INFO  SERVICE_IDLE_MONITOR - ====== [SERVICE_IDLE] [exp-gateway] 系统已进入休眠，等待激活 ======
2025-12-24 21:43:40.199 [idle-monitor-exp-gateway] INFO  SERVICE_IDLE_MONITOR - ====== [SERVICE_IDLE] [exp-gateway] 系统已进入休眠，等待激活 ======
2025-12-24 21:45:35.487 [lettuce-nioEventLoop-4-1] INFO  j.e.g.a.f.JwtAuthenticationFilter - JWT 鉴权通过，userId=1，path=/exp/auth/person/queryPersonInfo
2025-12-24 21:45:35.487 [lettuce-nioEventLoop-4-1] INFO  jh.exp.gateway.AccessLog - [ACCESS][REQUEST] traceId=8ec01fc19572412b996f7862783c8547 method=POST uri=/exp/auth/person/queryPersonInfo query=null ip=192.168.101.128 userId=1 userName=系统管理员
2025-12-24 21:45:35.877 [reactor-http-nio-4] INFO  jh.exp.gateway.AccessLog - [ACCESS][RESPONSE] traceId=8ec01fc19572412b996f7862783c8547 method=POST uri=/exp/auth/person/queryPersonInfo status=500 cost=389ms userId=1 userName=系统管理员
2025-12-24 21:47:40.196 [idle-monitor-exp-gateway] INFO  SERVICE_IDLE_MONITOR - ====== [SERVICE_IDLE] [exp-gateway] 系统已进入休眠，等待激活 ======
2025-12-24 21:50:10.196 [idle-monitor-exp-gateway] INFO  SERVICE_IDLE_MONITOR - ====== [SERVICE_IDLE] [exp-gateway] 系统已进入休眠，等待激活 ======
2025-12-24 21:52:10.196 [idle-monitor-exp-gateway] INFO  SERVICE_IDLE_MONITOR - ====== [SERVICE_IDLE] [exp-gateway] 系统已进入休眠，等待激活 ======
2025-12-24 21:54:10.200 [idle-monitor-exp-gateway] INFO  SERVICE_IDLE_MONITOR - ====== [SERVICE_IDLE] [exp-gateway] 系统已进入休眠，等待激活 ======
2025-12-24 21:56:10.204 [idle-monitor-exp-gateway] INFO  SERVICE_IDLE_MONITOR - ====== [SERVICE_IDLE] [exp-gateway] 系统已进入休眠，等待激活 ======
2025-12-24 21:58:40.203 [idle-monitor-exp-gateway] INFO  SERVICE_IDLE_MONITOR - ====== [SERVICE_IDLE] [exp-gateway] 系统已进入休眠，等待激活 ======
2025-12-24 22:01:10.198 [idle-monitor-exp-gateway] INFO  SERVICE_IDLE_MONITOR - ====== [SERVICE_IDLE] [exp-gateway] 系统已进入休眠，等待激活 ======
2025-12-24 22:03:40.192 [idle-monitor-exp-gateway] INFO  SERVICE_IDLE_MONITOR - ====== [SERVICE_IDLE] [exp-gateway] 系统已进入休眠，等待激活 ======
2025-12-24 22:04:43.204 [lettuce-nioEventLoop-4-1] INFO  j.e.g.a.f.JwtAuthenticationFilter - JWT 鉴权通过，userId=1，path=/exp/auth/person/queryPersonInfo
2025-12-24 22:04:43.204 [lettuce-nioEventLoop-4-1] INFO  jh.exp.gateway.AccessLog - [ACCESS][REQUEST] traceId=e79a072c627a4c2884a6e3e998ba5718 method=POST uri=/exp/auth/person/queryPersonInfo query=null ip=192.168.101.128 userId=1 userName=系统管理员
2025-12-24 22:04:43.723 [reactor-http-nio-5] INFO  jh.exp.gateway.AccessLog - [ACCESS][RESPONSE] traceId=e79a072c627a4c2884a6e3e998ba5718 method=POST uri=/exp/auth/person/queryPersonInfo status=200 cost=519ms userId=1 userName=系统管理员
2025-12-24 22:07:10.198 [idle-monitor-exp-gateway] INFO  SERVICE_IDLE_MONITOR - ====== [SERVICE_IDLE] [exp-gateway] 系统已进入休眠，等待激活 ======
2025-12-24 22:09:10.202 [idle-monitor-exp-gateway] INFO  SERVICE_IDLE_MONITOR - ====== [SERVICE_IDLE] [exp-gateway] 系统已进入休眠，等待激活 ======
2025-12-24 22:11:40.200 [idle-monitor-exp-gateway] INFO  SERVICE_IDLE_MONITOR - ====== [SERVICE_IDLE] [exp-gateway] 系统已进入休眠，等待激活 ======
2025-12-24 22:14:10.197 [idle-monitor-exp-gateway] INFO  SERVICE_IDLE_MONITOR - ====== [SERVICE_IDLE] [exp-gateway] 系统已进入休眠，等待激活 ======
2025-12-24 22:16:40.203 [idle-monitor-exp-gateway] INFO  SERVICE_IDLE_MONITOR - ====== [SERVICE_IDLE] [exp-gateway] 系统已进入休眠，等待激活 ======
2025-12-24 22:19:10.204 [idle-monitor-exp-gateway] INFO  SERVICE_IDLE_MONITOR - ====== [SERVICE_IDLE] [exp-gateway] 系统已进入休眠，等待激活 ======
2025-12-24 22:21:10.204 [idle-monitor-exp-gateway] INFO  SERVICE_IDLE_MONITOR - ====== [SERVICE_IDLE] [exp-gateway] 系统已进入休眠，等待激活 ======
2025-12-24 22:23:10.207 [idle-monitor-exp-gateway] INFO  SERVICE_IDLE_MONITOR - ====== [SERVICE_IDLE] [exp-gateway] 系统已进入休眠，等待激活 ======
2025-12-24 22:25:40.203 [idle-monitor-exp-gateway] INFO  SERVICE_IDLE_MONITOR - ====== [SERVICE_IDLE] [exp-gateway] 系统已进入休眠，等待激活 ======
2025-12-24 22:28:10.190 [idle-monitor-exp-gateway] INFO  SERVICE_IDLE_MONITOR - ====== [SERVICE_IDLE] [exp-gateway] 系统已进入休眠，等待激活 ======
2025-12-24 22:30:10.202 [idle-monitor-exp-gateway] INFO  SERVICE_IDLE_MONITOR - ====== [SERVICE_IDLE] [exp-gateway] 系统已进入休眠，等待激活 ======
2025-12-24 22:32:40.205 [idle-monitor-exp-gateway] INFO  SERVICE_IDLE_MONITOR - ====== [SERVICE_IDLE] [exp-gateway] 系统已进入休眠，等待激活 ======
2025-12-24 22:35:10.197 [idle-monitor-exp-gateway] INFO  SERVICE_IDLE_MONITOR - ====== [SERVICE_IDLE] [exp-gateway] 系统已进入休眠，等待激活 ======
2025-12-24 22:37:10.204 [idle-monitor-exp-gateway] INFO  SERVICE_IDLE_MONITOR - ====== [SERVICE_IDLE] [exp-gateway] 系统已进入休眠，等待激活 ======
2025-12-24 22:39:40.206 [idle-monitor-exp-gateway] INFO  SERVICE_IDLE_MONITOR - ====== [SERVICE_IDLE] [exp-gateway] 系统已进入休眠，等待激活 ======
2025-12-24 22:42:10.198 [idle-monitor-exp-gateway] INFO  SERVICE_IDLE_MONITOR - ====== [SERVICE_IDLE] [exp-gateway] 系统已进入休眠，等待激活 ======
2025-12-24 22:44:40.195 [idle-monitor-exp-gateway] INFO  SERVICE_IDLE_MONITOR - ====== [SERVICE_IDLE] [exp-gateway] 系统已进入休眠，等待激活 ======
2025-12-24 22:46:40.199 [idle-monitor-exp-gateway] INFO  SERVICE_IDLE_MONITOR - ====== [SERVICE_IDLE] [exp-gateway] 系统已进入休眠，等待激活 ======
2025-12-24 22:49:10.197 [idle-monitor-exp-gateway] INFO  SERVICE_IDLE_MONITOR - ====== [SERVICE_IDLE] [exp-gateway] 系统已进入休眠，等待激活 ======
2025-12-24 22:51:40.200 [idle-monitor-exp-gateway] INFO  SERVICE_IDLE_MONITOR - ====== [SERVICE_IDLE] [exp-gateway] 系统已进入休眠，等待激活 ======
2025-12-24 22:54:10.195 [idle-monitor-exp-gateway] INFO  SERVICE_IDLE_MONITOR - ====== [SERVICE_IDLE] [exp-gateway] 系统已进入休眠，等待激活 ======
2025-12-24 22:56:10.195 [idle-monitor-exp-gateway] INFO  SERVICE_IDLE_MONITOR - ====== [SERVICE_IDLE] [exp-gateway] 系统已进入休眠，等待激活 ======
2025-12-24 22:58:10.201 [idle-monitor-exp-gateway] INFO  SERVICE_IDLE_MONITOR - ====== [SERVICE_IDLE] [exp-gateway] 系统已进入休眠，等待激活 ======
2025-12-24 23:00:40.203 [idle-monitor-exp-gateway] INFO  SERVICE_IDLE_MONITOR - ====== [SERVICE_IDLE] [exp-gateway] 系统已进入休眠，等待激活 ======
2025-12-24 23:03:10.192 [idle-monitor-exp-gateway] INFO  SERVICE_IDLE_MONITOR - ====== [SERVICE_IDLE] [exp-gateway] 系统已进入休眠，等待激活 ======
2025-12-24 23:05:40.203 [idle-monitor-exp-gateway] INFO  SERVICE_IDLE_MONITOR - ====== [SERVICE_IDLE] [exp-gateway] 系统已进入休眠，等待激活 ======
2025-12-24 23:08:10.191 [idle-monitor-exp-gateway] INFO  SERVICE_IDLE_MONITOR - ====== [SERVICE_IDLE] [exp-gateway] 系统已进入休眠，等待激活 ======
2025-12-24 23:10:10.200 [idle-monitor-exp-gateway] INFO  SERVICE_IDLE_MONITOR - ====== [SERVICE_IDLE] [exp-gateway] 系统已进入休眠，等待激活 ======
2025-12-24 23:12:10.204 [idle-monitor-exp-gateway] INFO  SERVICE_IDLE_MONITOR - ====== [SERVICE_IDLE] [exp-gateway] 系统已进入休眠，等待激活 ======
2025-12-24 23:14:40.201 [idle-monitor-exp-gateway] INFO  SERVICE_IDLE_MONITOR - ====== [SERVICE_IDLE] [exp-gateway] 系统已进入休眠，等待激活 ======
2025-12-24 23:17:10.192 [idle-monitor-exp-gateway] INFO  SERVICE_IDLE_MONITOR - ====== [SERVICE_IDLE] [exp-gateway] 系统已进入休眠，等待激活 ======
2025-12-24 23:19:10.202 [idle-monitor-exp-gateway] INFO  SERVICE_IDLE_MONITOR - ====== [SERVICE_IDLE] [exp-gateway] 系统已进入休眠，等待激活 ======
2025-12-24 23:21:40.198 [idle-monitor-exp-gateway] INFO  SERVICE_IDLE_MONITOR - ====== [SERVICE_IDLE] [exp-gateway] 系统已进入休眠，等待激活 ======
2025-12-24 23:24:10.194 [idle-monitor-exp-gateway] INFO  SERVICE_IDLE_MONITOR - ====== [SERVICE_IDLE] [exp-gateway] 系统已进入休眠，等待激活 ======
2025-12-24 23:26:40.190 [idle-monitor-exp-gateway] INFO  SERVICE_IDLE_MONITOR - ====== [SERVICE_IDLE] [exp-gateway] 系统已进入休眠，等待激活 ======
2025-12-24 23:28:40.198 [idle-monitor-exp-gateway] INFO  SERVICE_IDLE_MONITOR - ====== [SERVICE_IDLE] [exp-gateway] 系统已进入休眠，等待激活 ======
2025-12-24 23:31:10.198 [idle-monitor-exp-gateway] INFO  SERVICE_IDLE_MONITOR - ====== [SERVICE_IDLE] [exp-gateway] 系统已进入休眠，等待激活 ======
2025-12-24 23:33:40.197 [idle-monitor-exp-gateway] INFO  SERVICE_IDLE_MONITOR - ====== [SERVICE_IDLE] [exp-gateway] 系统已进入休眠，等待激活 ======
2025-12-24 23:35:40.202 [idle-monitor-exp-gateway] INFO  SERVICE_IDLE_MONITOR - ====== [SERVICE_IDLE] [exp-gateway] 系统已进入休眠，等待激活 ======
2025-12-24 23:38:10.204 [idle-monitor-exp-gateway] INFO  SERVICE_IDLE_MONITOR - ====== [SERVICE_IDLE] [exp-gateway] 系统已进入休眠，等待激活 ======
